seed,cam1,cam2,cam3,cam4,cam5,cam6,cam7,cam8,cam9,cam10,cam11,cam12,cam13,cam14,cam15,cam16,cam17,cam18,cam19,cam20,cam21,cam22,cam23,cam24,cam25,cam26,cam27,cam28,cam29,cam30,cam31,cam32,sim_duration,avg_travel_time,vehicles_spawned,tier1,tier2,tier3,t1,t2,t3,t4,t5,t6,t7,t8,t9,t10,t11,t12,t13,t14,t15,t16
820874,44,34,35,29,40,7,35,20,13,10,29,39,7,28,16,29,15,1,18,30,4,4,32,19,6,6,49,13,41,44,0,30,108.8,23.9,727,1.45,1.43,1.02,4.64,4.04,4.1,3.74,4.4,2.42,4.1,3.2,2.78,2.6,3.74,4.34,2.42,3.68,2.96,3.74
19911,26,23,7,37,20,32,31,1,11,35,24,19,44,39,28,28,14,50,20,50,17,50,18,29,19,39,6,20,45,22,27,45,155.1,27.52,876,1.4,1.47,1.34,3.56,3.38,2.42,4.22,3.2,3.92,3.86,2.06,2.66,4.1,3.44,3.14,4.64,4.34,3.68,3.68
908225,5,41,32,44,13,32,14,5,6,23,40,34,2,31,8,46,28,10,21,45,26,46,32,25,37,48,25,4,41,13,10,14,83.33,25.93,801,1.06,1.18,0.51,2.3,4.46,3.92,4.64,2.78,3.92,2.84,2.3,2.36,3.38,4.4,4.04,2.12,3.86,2.48,4.76
564369,16,40,44,38,49,7,35,2,32,11,9,16,50,18,23,24,38,22,13,40,19,25,14,10,10,49,40,11,22,27,8,24,140.98,26.06,786,0.57,0.72,0.77,2.96,4.4,4.64,4.28,4.94,2.42,4.1,2.12,3.92,2.66,2.54,2.96,5.0,3.08,3.38,3.44
103409,41,17,23,45,41,24,32,48,43,41,40,11,29,28,33,48,31,49,34,22,11,34,0,16,49,22,24,47,44,35,20,27,121.11,33.27,1009,0.73,1.3,0.84,4.46,3.02,3.38,4.7,4.46,3.44,3.92,4.88,4.58,4.46,4.4,2.66,3.74,3.68,3.98,4.88
75655,17,22,16,27,33,47,35,41,0,13,23,39,49,16,48,15,27,9,48,4,45,18,11,48,23,31,43,31,48,28,11,46,114.65,29.46,912,1.12,1.01,0.52,3.02,3.32,2.96,3.62,3.98,4.82,4.1,4.46,2.0,2.78,3.38,4.34,4.94,2.96,4.88,2.9
878611,36,30,28,24,11,13,34,24,7,43,14,20,3,30,19,38,31,39,43,28,25,1,40,43,32,26,4,23,31,17,9,19,113.66,25.62,785,1.33,1.42,1.26,4.16,3.8,3.68,3.44,2.66,2.78,4.04,3.44,2.42,4.58,2.84,3.2,2.18,3.8,3.14,4.28
1066,19,29,25,40,20,0,34,46,31,11,21,41,6,11,20,20,34,1,23,23,24,21,15,17,3,46,39,13,21,3,29,19,85.65,23.7,705,0.82,1.08,0.88,3.14,3.74,3.5,4.4,3.2,2.0,4.04,4.76,3.86,2.66,3.26,4.46,2.36,2.66,3.2,3.2
396950,27,7,21,4,50,14,33,1,43,11,30,49,1,7,24,1,13,1,11,33,10,44,47,25,49,15,35,28,27,22,6,8,106.93,22.87,697,0.51,1.13,0.77,3.62,2.42,3.26,2.24,5.0,2.84,3.98,2.06,4.58,2.66,3.8,4.94,2.06,2.42,3.44,2.06
892981,19,3,22,4,48,38,24,44,45,7,26,38,12,20,37,47,38,47,19,2,12,19,5,21,6,21,49,22,1,11,9,6,158.25,24.35,722,1.17,0.96,1.25,3.14,2.18,3.32,2.24,4.88,4.28,3.44,4.64,4.7,2.42,3.56,4.28,2.72,3.2,4.22,4.82
944450,9,9,24,34,1,32,1,18,9,31,20,47,41,12,35,5,9,29,13,1,24,16,17,19,26,3,18,7,6,16,35,1,149.1,17.85,568,0.92,1.04,0.88,2.54,2.54,3.44,4.04,2.06,3.92,2.06,3.08,2.54,3.86,3.2,4.82,4.46,2.72,4.1,2.3
438583,32,7,47,16,27,47,5,31,0,23,26,0,17,7,44,42,12,18,17,20,42,38,15,31,4,34,5,16,11,8,50,18,152.77,23.05,710,1.01,0.7,1.21,3.92,2.42,4.82,2.96,3.62,4.82,2.3,3.86,2.0,3.38,3.56,2.0,3.02,2.42,4.64,4.52
503725,28,12,29,5,38,31,43,40,6,49,1,36,10,8,38,0,32,30,15,8,26,6,36,5,23,34,47,13,19,43,6,5,88.37,23.37,722,1.2,0.98,1.21,3.68,2.72,3.74,2.3,4.28,3.86,4.58,4.4,2.36,4.94,2.06,4.16,2.6,2.48,4.28,2.0
385576,16,7,24,3,12,20,8,21,48,40,4,27,28,45,26,35,34,6,6,37,20,29,42,47,31,2,17,2,10,5,33,7,130.45,22.38,692,1.28,1.32,1.04,2.96,2.42,3.44,2.18,2.72,3.2,2.48,3.26,4.88,4.4,2.24,3.62,3.68,4.7,3.56,4.1
293019,28,30,44,38,49,44,18,43,29,26,1,22,32,48,33,38,8,49,42,48,13,35,18,4,33,0,48,5,5,33,35,25,152.46,30.29,924,1.03,0.78,0.51,3.68,3.8,4.64,4.28,4.94,4.64,3.08,4.58,3.74,3.56,2.06,3.32,3.92,4.88,3.98,4.28
36912,12,11,11,46,27,7,25,25,6,8,16,19,26,50,5,48,45,42,16,25,50,8,25,0,45,24,32,14,11,9,30,22,119.09,23.79,740,0.79,0.64,1.3,2.72,2.66,2.66,4.76,3.62,2.42,3.5,3.5,2.36,2.48,2.96,3.14,3.56,5.0,2.3,4.88
985641,34,31,34,14,29,1,12,32,16,45,26,1,8,29,3,39,42,41,32,37,27,21,50,49,28,6,10,24,42,17,38,5,137.15,26.43,823,0.52,1.39,1.44,4.04,3.86,4.04,2.84,3.74,2.06,2.72,3.92,2.96,4.7,3.56,2.06,2.48,3.74,2.18,4.34
982835,45,45,28,0,6,33,38,3,0,3,7,19,46,44,26,30,35,48,33,43,8,44,26,20,4,21,35,49,38,23,38,42,130.79,27.86,880,0.76,0.76,0.78,4.7,4.7,3.68,2.0,2.36,3.98,4.28,2.18,2.0,2.18,2.42,3.14,4.76,4.64,3.56,3.8
433759,20,18,16,28,28,11,34,33,48,1,38,2,48,8,15,8,18,38,7,36,31,23,37,17,48,3,0,39,7,43,6,4,106.6,24.12,713,1.2,1.24,0.53,3.2,3.08,2.96,3.68,3.68,2.66,4.04,3.98,4.88,2.06,4.28,2.12,4.88,2.48,2.9,2.48
331876,16,23,23,28,33,4,37,10,45,22,20,27,17,15,1,40,26,25,47,20,28,7,20,18,46,36,50,2,15,39,2,47,94.05,25.08,789,0.91,1.43,0.62,2.96,3.38,3.38,3.68,3.98,2.24,4.22,2.6,4.7,3.32,3.2,3.62,3.02,2.9,2.06,4.4
586146,41,14,1,15,0,48,17,1,35,45,29,47,22,34,11,9,2,47,48,29,26,49,39,6,1,9,14,17,5,28,48,35,101.96,25.39,772,0.59,0.7,0.98,4.46,2.84,2.06,2.9,2.0,4.88,3.02,2.06,4.1,4.7,3.74,4.82,3.32,4.04,2.66,2.54
26383,35,5,30,20,30,47,11,2,8,18,37,3,5,34,25,44,50,19,4,39,23,28,17,24,10,24,45,3,19,28,6,42,114.42,23.24,735,0.66,1.03,0.98,4.1,2.3,3.8,3.2,3.8,4.82,2.66,2.12,2.48,3.08,4.22,2.18,2.3,4.04,3.5,4.64
68133,6,14,24,18,18,34,17,6,2,37,26,3,27,15,27,16,2,23,24,38,13,35,18,5,28,43,44,41,47,32,23,49,129.94,25.16,755,0.8,1.42,0.73,2.36,2.84,3.44,3.08,3.08,4.04,3.02,2.36,2.12,4.22,3.56,2.18,3.62,2.9,3.62,2.96
125089,18,17,5,31,16,37,11,49,40,48,6,21,1,30,50,43,14,48,31,3,23,25,18,48,50,34,17,46,22,6,46,46,98.58,29.76,900,0.63,0.75,1.08,3.08,3.02,2.3,3.86,2.96,4.22,2.66,4.94,4.4,4.88,2.36,3.26,2.06,3.8,5.0,4.58
186399,11,13,5,33,26,46,24,15,30,35,16,23,20,33,1,0,22,35,18,39,33,16,2,41,37,45,46,12,36,7,49,50,110.41,26.49,819,1.07,0.52,0.88,2.66,2.78,2.3,3.98,3.56,4.76,3.44,2.9,3.8,4.1,2.96,3.38,3.2,3.98,2.06,2.0
376972,40,36,35,48,27,12,45,24,39,37,12,35,45,7,8,42,5,46,46,41,32,15,30,13,16,21,4,7,19,37,21,45,129.54,29.03,890,0.67,0.89,0.89,4.4,4.16,4.1,4.88,3.62,2.72,4.7,3.44,4.34,4.22,2.72,4.1,4.7,2.42,2.48,4.52
715227,9,8,49,27,2,14,24,11,42,39,11,20,29,21,7,4,3,10,15,34,45,6,0,28,8,44,3,3,39,24,22,45,128.34,20.81,646,0.61,1.44,1.17,2.54,2.48,4.94,3.62,2.12,2.84,3.44,2.66,4.52,4.34,2.66,3.2,3.74,3.26,2.42,2.24
867665,1,43,29,18,29,37,43,21,40,32,47,47,29,28,41,42,31,38,43,43,6,2,0,40,16,12,35,41,13,3,27,22,151.16,29.81,899,0.75,1.48,1.2,2.06,4.58,3.74,3.08,3.74,4.22,4.58,3.26,4.4,3.92,4.82,4.82,3.74,3.68,4.46,4.52
345170,10,0,41,32,47,9,34,34,5,26,3,25,16,49,45,31,38,3,43,35,22,28,47,11,47,21,39,28,38,45,32,1,108.84,29.01,885,1.25,0.82,0.78,2.6,2.0,4.46,3.92,4.82,2.54,4.04,4.04,2.3,3.56,2.18,3.5,2.96,4.94,4.7,3.86
100579,21,15,19,21,32,44,6,0,20,50,37,2,42,21,5,23,29,13,7,45,14,48,29,45,0,3,38,45,20,29,10,13,150.08,24.96,746,0.65,0.58,0.51,3.26,2.9,3.14,3.26,3.92,4.64,2.36,2.0,3.2,5.0,4.22,2.12,4.52,3.26,2.3,3.38
890805,36,12,24,23,0,12,50,46,2,18,23,28,37,18,14,20,25,38,31,2,13,48,0,43,25,1,46,47,36,45,46,18,113.59,27.47,827,1.2,0.6,1.46,4.16,2.72,3.44,3.38,2.0,2.72,5.0,4.76,2.12,3.08,3.38,3.68,4.22,3.08,2.84,3.2
820742,37,13,16,16,19,28,50,12,30,9,23,30,5,22,43,10,16,24,33,30,47,18,34,32,49,13,28,32,27,7,30,13,126.47,26.76,796,0.76,1.0,1.35,4.22,2.78,2.96,2.96,3.14,3.68,5.0,2.72,3.8,2.54,3.38,3.8,2.3,3.32,4.58,2.6
319784,20,0,4,45,37,34,13,50,5,42,4,10,29,33,17,44,46,35,19,9,12,18,47,24,24,12,35,47,3,15,28,47,155.27,25.66,808,1.15,0.58,0.63,3.2,2.0,2.24,4.7,4.22,4.04,2.78,5.0,2.3,4.52,2.24,2.6,3.74,3.98,3.02,4.64
466949,9,29,18,46,43,7,12,19,40,19,3,40,8,0,18,25,41,18,48,26,20,44,4,4,10,2,23,44,15,16,50,38,121.39,24.92,739,1.48,1.29,1.5,2.54,3.74,3.08,4.76,4.58,2.42,2.72,3.14,4.4,3.14,2.18,4.4,2.48,2.0,3.08,3.5
139938,41,5,25,46,7,25,33,18,11,3,0,26,24,10,39,15,2,11,48,4,26,46,32,23,3,14,37,2,32,44,12,23,130.69,23.09,687,1.45,1.3,0.62,4.46,2.3,3.5,4.76,2.42,3.5,3.98,3.08,2.66,2.18,2.0,3.56,3.44,2.6,4.34,2.9
125211,31,12,28,7,21,33,5,33,11,13,17,43,15,46,41,1,1,6,24,36,18,23,33,34,9,45,43,14,24,5,21,10,95.99,22.55,703,0.86,1.04,0.63,3.86,2.72,3.68,2.42,3.26,3.98,2.3,3.98,2.66,2.78,3.02,4.58,2.9,4.76,4.46,2.06
633844,45,29,28,7,32,14,19,23,0,37,43,26,19,39,33,41,40,13,42,1,41,2,41,35,47,15,27,42,49,30,6,35,84.9,29.46,901,1.09,0.58,1.17,4.7,3.74,3.68,2.42,3.92,2.84,3.14,3.38,2.0,4.22,4.58,3.56,3.14,4.34,3.98,4.46
860509,31,19,13,8,17,16,10,48,39,50,7,34,16,2,41,4,6,12,7,27,28,10,16,21,34,13,40,19,35,31,20,23,154.25,22.28,697,1.06,1.41,0.95,3.86,3.14,2.78,2.48,3.02,2.96,2.6,4.88,4.34,5.0,2.42,4.04,2.96,2.12,4.46,2.24
159571,24,16,40,12,43,32,46,17,11,23,13,39,46,25,23,47,5,43,8,15,17,28,12,31,16,44,50,23,33,26,5,2,128.99,26.02,815,0.64,1.35,0.88,3.44,2.96,4.4,2.72,4.58,3.92,4.76,3.02,2.66,3.38,2.78,4.34,4.76,3.5,3.38,4.82
847333,14,40,37,29,30,12,34,35,14,36,12,10,37,32,26,17,34,37,9,4,43,19,5,9,31,5,27,46,50,35,20,49,117.17,27.23,838,1.01,0.7,0.62,2.84,4.4,4.22,3.74,3.8,2.72,4.04,4.1,2.84,4.16,2.72,2.6,4.22,3.92,3.56,3.02
147006,16,37,23,44,14,50,36,19,37,26,7,27,33,14,18,40,46,13,6,5,30,15,21,13,16,46,14,15,13,16,28,5,135.64,24.14,743,1.46,1.24,0.76,2.96,4.22,3.38,4.64,2.84,5.0,4.16,3.14,4.22,3.56,2.42,3.62,3.98,2.84,3.08,4.4
450210,14,29,7,50,17,48,29,31,34,49,37,13,17,39,47,40,2,48,35,8,26,14,1,30,23,46,14,23,30,0,6,43,155.03,27.25,850,1.22,0.94,0.77,2.84,3.74,2.42,5.0,3.02,4.88,3.74,3.86,4.04,4.94,4.22,2.78,3.02,4.34,4.82,4.4
657767,8,40,27,11,17,6,26,18,26,31,41,10,25,16,6,44,23,27,2,30,0,46,6,30,16,35,23,8,10,3,35,23,135.31,21.21,669,1.31,1.21,0.66,2.48,4.4,3.62,2.66,3.02,2.36,3.56,3.08,3.56,3.86,4.46,2.6,3.5,2.96,2.36,4.64
13865,30,25,2,17,37,27,9,0,8,5,42,41,9,16,41,45,1,5,31,6,6,22,8,30,9,45,38,41,33,22,14,40,150.82,23.78,705,1.24,0.78,1.47,3.8,3.5,2.12,3.02,4.22,3.62,2.54,2.0,2.48,2.3,4.52,4.46,2.54,2.96,4.46,4.7
636382,28,50,48,10,38,16,0,2,17,40,22,0,29,16,2,5,32,42,13,9,10,43,10,22,49,45,10,8,10,16,43,37,98.27,23.64,722,1.19,0.83,0.55,3.68,5.0,4.88,2.6,4.28,2.96,2.0,2.12,3.02,4.4,3.32,2.0,3.74,2.96,2.12,2.3
561057,39,50,23,4,31,25,38,50,0,14,7,21,48,26,31,47,44,34,24,26,8,1,47,14,48,45,45,41,19,50,17,9,90.65,30.62,926,0.83,1.03,1.36,4.34,5.0,3.38,2.24,3.86,3.5,4.28,5.0,2.0,2.84,2.42,3.26,4.88,3.56,3.86,4.82
161408,30,31,31,46,38,15,23,28,43,22,17,26,23,11,36,21,23,47,7,46,13,2,44,5,14,25,18,44,1,49,33,24,130.0,26.9,836,1.18,1.45,1.44,3.8,3.86,3.86,4.76,4.28,2.9,3.38,3.68,4.58,3.32,3.02,3.56,3.38,2.66,4.16,3.26
36031,32,9,34,0,4,12,47,6,45,42,23,3,0,43,27,7,48,29,1,8,35,12,39,40,5,16,31,43,40,34,40,7,130.48,25.26,762,1.43,1.13,0.61,3.92,2.54,4.04,2.0,2.24,2.72,4.82,2.36,4.7,4.52,3.38,2.18,2.0,4.58,3.62,2.42
104328,41,35,6,10,49,26,1,1,20,17,15,32,47,22,40,39,22,37,48,4,36,9,48,32,9,5,31,13,33,24,41,33,101.45,27.21,826,0.94,1.12,1.33,4.46,4.1,2.36,2.6,4.94,3.56,2.06,2.06,3.2,3.02,2.9,3.92,4.82,3.32,4.4,4.34
71768,4,21,23,48,50,49,48,23,31,30,31,35,31,42,15,16,12,14,47,3,2,42,49,10,32,36,50,1,2,42,20,25,98.32,28.91,884,1.09,0.87,0.73,2.24,3.26,3.38,4.88,5.0,4.94,4.88,3.38,3.86,3.8,3.86,4.1,3.86,4.52,2.9,2.96
58973,36,31,40,39,48,7,8,43,32,22,9,47,18,19,12,19,0,48,4,43,49,2,29,47,20,33,26,9,25,16,18,37,137.66,26.26,836,0.84,0.91,0.74,4.16,3.86,4.4,4.34,4.88,2.42,2.48,4.58,3.92,3.32,2.54,4.82,3.08,3.14,2.72,3.14
858690,46,50,15,8,20,39,25,18,34,45,12,10,34,22,16,13,12,41,12,27,9,34,7,21,32,11,41,28,5,11,47,21,154.05,25.67,766,1.18,1.3,1.37,4.76,5.0,2.9,2.48,3.2,4.34,3.5,3.08,4.04,4.7,2.72,2.6,4.04,3.32,2.96,2.78
460825,21,34,32,1,49,5,38,37,49,40,38,14,42,1,6,25,15,17,6,14,22,39,46,41,20,0,0,27,7,24,40,18,95.46,25.02,768,0.65,0.69,0.95,3.26,4.04,3.92,2.06,4.94,2.3,4.28,4.22,4.94,4.4,4.28,2.84,4.52,2.06,2.36,3.5
608067,44,25,44,2,14,48,44,23,1,12,43,20,48,11,33,6,41,23,0,14,21,26,27,18,0,32,13,41,6,49,1,32,96.72,24.9,762,0.64,0.94,0.52,4.64,3.5,4.64,2.12,2.84,4.88,4.64,3.38,2.06,2.72,4.58,3.2,4.88,2.66,3.98,2.36
399060,3,24,32,39,20,35,4,23,32,0,46,23,39,40,31,30,1,45,23,20,20,37,50,1,13,13,5,23,2,14,44,17,108.52,24.26,749,1.37,1.25,0.83,2.18,3.44,3.92,4.34,3.2,4.1,2.24,3.38,3.92,2.0,4.76,3.38,4.34,4.4,3.86,3.8
210210,43,21,16,11,43,45,43,31,45,49,36,43,44,12,26,47,24,17,7,29,44,9,30,50,18,33,20,19,11,10,50,37,122.28,31.8,963,0.76,1.29,1.43,4.58,3.26,2.96,2.66,4.58,4.7,4.58,3.86,4.7,4.94,4.16,4.58,4.64,2.72,3.56,4.82
420124,39,1,45,34,9,7,41,9,35,2,24,9,46,13,6,14,30,49,40,10,20,42,41,45,28,40,46,3,21,40,38,0,81.2,26.53,827,0.9,0.52,1.31,4.34,2.06,4.7,4.04,2.54,2.42,4.46,2.54,4.1,2.12,3.44,2.54,4.76,2.78,2.36,2.84
970861,30,33,3,9,46,13,50,35,8,24,30,46,16,2,18,42,15,37,2,31,18,25,49,26,45,12,1,7,6,29,5,46,149.55,24.58,759,0.94,0.85,1.38,3.8,3.98,2.18,2.54,4.76,2.78,5.0,4.1,2.48,3.44,3.8,4.76,2.96,2.12,3.08,4.52
271596,16,28,6,29,29,34,37,3,43,13,4,11,32,43,43,49,45,40,6,1,12,14,19,21,45,30,31,46,22,3,41,6,117.49,26.53,802,1.2,0.84,1.38,2.96,3.68,2.36,3.74,3.74,4.04,4.22,2.18,4.58,2.78,2.24,2.66,3.92,4.58,4.58,4.94
586092,23,21,47,44,33,7,14,8,31,13,6,27,3,45,20,44,32,8,47,11,46,13,6,15,45,23,47,15,10,47,4,45,80.56,26.27,800,1.1,0.5,1.11,3.38,3.26,4.82,4.64,3.98,2.42,2.84,2.48,3.86,2.78,2.36,3.62,2.18,4.7,3.2,4.64
95088,27,33,41,9,8,46,1,37,23,48,41,31,2,28,34,23,29,14,21,40,39,24,20,29,44,10,15,50,32,46,24,44,141.72,29.07,913,0.52,1.36,1.09,3.62,3.98,4.46,2.54,2.48,4.76,2.06,4.22,3.38,4.88,4.46,3.86,2.12,3.68,4.04,3.38
751486,39,49,20,28,5,11,35,11,8,25,41,13,0,22,18,38,14,8,4,46,21,8,23,40,12,44,6,39,3,40,45,19,96.51,24.92,735,0.8,1.42,0.5,4.34,4.94,3.2,3.68,2.3,2.66,4.1,2.66,2.48,3.5,4.46,2.78,2.0,3.32,3.08,4.28
403341,40,2,42,37,23,7,46,50,42,14,37,7,45,23,24,17,17,46,50,16,38,18,41,19,28,14,1,43,16,25,24,49,119.4,28.8,901,1.2,1.35,1.5,4.4,2.12,4.52,4.22,3.38,2.42,4.76,5.0,4.52,2.84,4.22,2.42,4.7,3.38,3.44,3.02
60109,6,39,4,4,16,38,31,26,9,9,39,29,24,25,28,40,50,6,27,7,21,9,36,42,30,44,25,46,46,9,50,50,125.14,27.27,865,0.72,0.94,0.95,2.36,4.34,2.24,2.24,2.96,4.28,3.86,3.56,2.54,2.54,4.34,3.74,3.44,3.5,3.68,4.4
636853,29,36,25,50,46,8,12,6,37,4,28,12,20,34,40,23,32,3,2,17,20,8,24,26,19,21,13,25,17,34,25,18,126.68,24.23,714,0.5,1.32,0.93,3.74,4.16,3.5,5.0,4.76,2.48,2.72,2.36,4.22,2.24,3.68,2.72,3.2,4.04,4.4,3.38
285774,43,48,9,48,3,36,3,40,20,0,28,0,8,37,6,39,11,27,11,50,6,9,30,34,1,25,48,31,34,39,3,49,91.35,25.43,776,1.39,0.97,1.27,4.58,4.88,2.54,4.88,2.18,4.16,2.18,4.4,3.2,2.0,3.68,2.0,2.48,4.22,2.36,4.34
5812,35,24,6,47,17,49,14,8,25,16,7,1,38,21,34,47,49,2,44,16,12,32,6,28,9,39,38,9,5,44,1,28,134.44,24.74,751,0.9,0.82,1.08,4.1,3.44,2.36,4.82,3.02,4.94,2.84,2.48,3.5,2.96,2.42,2.06,4.28,3.26,4.04,4.82
862207,28,48,37,1,12,3,9,43,49,34,39,9,2,4,4,18,43,46,34,27,44,11,50,6,5,17,18,0,35,25,30,35,81.05,25.1,766,0.73,0.88,1.48,3.68,4.88,4.22,2.06,2.72,2.18,2.54,4.58,4.94,4.04,4.34,2.54,2.12,2.24,2.24,3.08
464203,28,14,45,15,49,49,45,25,29,18,0,29,20,42,32,8,50,26,22,40,46,6,30,31,50,29,33,1,41,28,5,5,152.03,29.82,891,0.64,1.16,1.0,3.68,2.84,4.7,2.9,4.94,4.94,4.7,3.5,3.74,3.08,2.0,3.74,3.2,4.52,3.92,2.48
380431,23,24,28,8,48,13,49,26,10,34,29,6,14,38,23,12,44,14,14,31,31,40,11,47,47,35,9,34,11,10,0,24,102.86,26.48,787,1.38,1.0,1.42,3.38,3.44,3.68,2.48,4.88,2.78,4.94,3.56,2.6,4.04,3.74,2.36,2.84,4.28,3.38,2.72
737029,0,36,31,37,24,9,37,26,47,45,6,7,43,9,44,30,20,7,4,24,47,35,0,32,43,32,35,8,11,27,33,39,140.6,27.11,828,0.58,0.79,0.92,2.0,4.16,3.86,4.22,3.44,2.54,4.22,3.56,4.82,4.7,2.36,2.42,4.58,2.54,4.64,3.8
540120,6,46,14,26,19,39,19,48,9,8,4,45,40,46,12,32,7,40,4,21,1,16,11,38,3,34,36,15,37,43,26,7,81.93,24.89,752,0.71,1.42,0.96,2.36,4.76,2.84,3.56,3.14,4.34,3.14,4.88,2.54,2.48,2.24,4.7,4.4,4.76,2.72,3.92
614072,41,42,4,10,4,32,32,29,42,16,12,12,23,42,24,31,28,43,5,8,25,0,46,13,4,4,42,36,40,36,43,32,98.21,25.41,801,1.28,0.96,0.61,4.46,4.52,2.24,2.6,2.24,3.92,3.92,3.74,4.52,2.96,2.72,2.72,3.38,4.52,3.44,3.86
512280,48,42,9,16,46,36,14,40,6,48,24,6,24,44,22,8,21,2,26,44,16,39,47,45,25,44,43,21,43,30,32,31,86.69,31.22,942,0.93,0.62,1.25,4.88,4.52,2.54,2.96,4.76,4.16,2.84,4.4,2.36,4.88,3.44,2.36,3.44,4.64,3.32,2.48
664825,50,11,17,31,24,43,22,35,27,10,16,13,5,16,13,15,5,32,44,37,20,30,34,25,0,16,50,11,9,12,6,31,111.23,22.39,710,1.3,0.95,1.39,5.0,2.66,3.02,3.86,3.44,4.58,3.32,4.1,3.62,2.6,2.96,2.78,2.3,2.96,2.78,2.9
831994,33,0,5,18,11,15,15,22,10,15,29,18,34,37,45,41,44,8,29,1,29,3,13,45,6,31,1,1,22,23,2,42,117.74,21.9,648,0.53,0.76,1.22,3.98,2.0,2.3,3.08,2.66,2.9,2.9,3.32,2.6,2.9,3.74,3.08,4.04,4.22,4.7,4.46
973158,15,26,25,49,22,23,26,34,8,19,18,30,25,39,8,26,3,5,26,47,9,20,8,33,7,37,33,41,40,46,3,35,141.03,24.94,786,1.45,0.67,1.17,2.9,3.56,3.5,4.94,3.32,3.38,3.56,4.04,2.48,3.14,3.08,3.8,3.5,4.34,2.48,3.56
15062,35,25,50,17,21,22,7,21,15,2,20,46,26,33,14,25,9,20,25,48,33,23,11,30,24,49,15,11,7,35,46,29,147.66,26.05,794,0.63,1.08,0.98,4.1,3.5,5.0,3.02,3.26,3.32,2.42,3.26,2.9,2.12,3.2,4.76,3.56,3.98,2.84,3.5
442408,15,10,20,32,20,40,21,22,37,20,42,49,20,18,25,8,35,24,38,7,27,35,4,25,45,5,49,1,15,22,13,14,143.29,24.77,758,1.39,0.93,0.61,2.9,2.6,3.2,3.92,3.2,4.4,3.26,3.32,4.22,3.2,4.52,4.94,3.2,3.08,3.5,2.48
235829,18,4,2,15,2,2,49,21,2,14,40,29,31,14,31,30,36,28,33,38,49,3,13,39,49,23,50,11,19,7,0,12,136.05,23.19,714,1.47,0.62,0.77,3.08,2.24,2.12,2.9,2.12,2.12,4.94,3.26,2.12,2.84,4.4,3.74,3.86,2.84,3.86,3.8
742051,45,28,17,34,48,29,2,2,25,45,20,46,14,29,15,9,6,41,37,30,16,8,5,30,14,40,46,44,49,32,30,41,131.52,28.86,877,1.34,1.12,0.68,4.7,3.68,3.02,4.04,4.88,3.74,2.12,2.12,3.5,4.7,3.2,4.76,2.84,3.74,2.9,2.54
829325,22,2,33,20,43,22,32,11,30,20,21,1,25,50,38,23,18,7,26,6,25,18,23,37,21,50,3,19,38,22,11,38,120.45,25.06,755,1.2,0.68,1.27,3.32,2.12,3.98,3.2,4.58,3.32,3.92,2.66,3.8,3.2,3.26,2.06,3.5,5.0,4.28,3.38
592868,17,34,49,8,27,2,1,29,2,27,36,41,31,22,23,1,8,4,3,37,28,6,38,33,43,26,6,22,49,36,3,24,95.07,24.29,716,1.24,1.1,0.73,3.02,4.04,4.94,2.48,3.62,2.12,2.06,3.74,2.12,3.62,4.16,4.46,3.86,3.32,3.38,2.06
308698,46,49,18,40,6,9,7,11,45,44,14,44,17,15,24,45,28,26,1,45,18,29,31,25,10,6,27,47,44,48,20,44,150.92,28.1,883,0.72,0.88,0.54,4.76,4.94,3.08,4.4,2.36,2.54,2.42,2.66,4.7,4.64,2.84,4.64,3.02,2.9,3.44,4.7
864880,25,47,22,25,16,22,16,38,3,30,4,42,34,32,29,30,31,12,24,23,41,11,3,16,46,38,43,34,5,35,38,34,99.36,27.83,849,0.91,0.9,1.38,3.5,4.82,3.32,3.5,2.96,3.32,2.96,4.28,2.18,3.8,2.24,4.52,4.04,3.92,3.74,3.8
90698,47,45,5,5,2,28,15,48,28,33,36,2,26,15,28,14,4,20,45,23,40,12,30,35,15,37,48,10,0,1,48,22,133.65,24.15,767,1.18,1.27,1.26,4.82,4.7,2.3,2.3,2.12,3.68,2.9,4.88,3.68,3.98,4.16,2.12,3.56,2.9,3.68,2.84
967832,16,2,42,30,21,46,27,34,21,1,39,9,28,35,41,10,50,40,38,16,24,4,2,20,43,42,37,41,32,25,26,16,126.76,26.96,858,0.74,0.98,1.11,2.96,2.12,4.52,3.8,3.26,4.76,3.62,4.04,3.26,2.06,4.34,2.54,3.68,4.1,4.46,2.6
364221,17,50,24,37,21,32,27,40,37,35,26,39,8,20,14,35,5,11,48,19,0,17,13,32,18,23,11,21,27,29,44,19,105.58,26.27,799,1.25,0.87,1.16,3.02,5.0,3.44,4.22,3.26,3.92,3.62,4.4,4.22,4.1,3.56,4.34,2.48,3.2,2.84,4.1
187750,16,48,17,10,7,28,43,44,7,22,0,14,38,31,18,35,31,47,41,34,49,47,25,16,23,46,50,48,15,41,19,41,132.55,30.92,951,1.43,1.05,0.8,2.96,4.88,3.02,2.6,2.42,3.68,4.58,4.64,2.42,3.32,2.0,2.84,4.28,3.86,3.08,4.1
377748,49,49,16,50,39,28,50,27,0,0,38,25,43,33,15,16,40,12,32,47,33,19,25,38,6,26,50,47,32,6,37,49,95.29,32.4,977,1.37,0.69,0.56,4.94,4.94,2.96,5.0,4.34,3.68,5.0,3.62,2.0,2.0,4.28,3.5,4.58,3.98,2.9,2.96
276475,38,42,0,49,50,17,40,23,29,12,15,45,2,37,19,10,34,21,39,6,20,12,23,44,30,12,6,46,3,3,23,22,102.15,25.19,772,1.16,0.73,0.57,4.28,4.52,2.0,4.94,5.0,3.02,4.4,3.38,3.74,2.72,2.9,4.7,2.12,4.22,3.14,2.6
842112,43,5,27,17,50,20,37,10,34,23,5,32,3,18,28,32,26,49,26,26,50,38,33,47,3,49,34,29,41,33,9,40,147.53,29.38,917,0.51,1.31,1.09,4.58,2.3,3.62,3.02,5.0,3.2,4.22,2.6,4.04,3.38,2.3,3.92,2.18,3.08,3.68,3.92
280166,48,43,15,1,42,33,6,45,42,21,23,24,6,21,14,44,46,32,10,39,35,15,20,0,23,47,46,31,34,35,35,33,118.46,30.02,909,0.94,1.28,0.93,4.88,4.58,2.9,2.06,4.52,3.98,2.36,4.7,4.52,3.26,3.38,3.44,2.36,3.26,2.84,4.64
676691,43,43,6,15,12,48,17,39,8,50,0,42,16,18,41,2,43,37,5,29,0,19,5,27,20,50,44,38,46,3,22,19,93.81,25.5,807,1.16,1.35,0.87,4.58,4.58,2.36,2.9,2.72,4.88,3.02,4.34,2.48,5.0,2.0,4.52,2.96,3.08,4.46,2.12
962714,28,48,8,43,22,35,24,25,42,36,2,4,47,5,49,24,11,22,43,31,13,27,21,50,37,47,40,37,2,49,3,38,143.26,28.94,913,0.52,0.52,0.94,3.68,4.88,2.48,4.58,3.32,4.1,3.44,3.5,4.52,4.16,2.12,2.24,4.82,2.3,4.94,3.44
401542,27,44,43,30,23,17,3,30,13,32,38,14,41,39,20,7,4,27,22,17,30,25,11,18,42,27,1,4,24,40,21,7,147.37,23.42,741,1.21,0.77,1.38,3.62,4.64,4.58,3.8,3.38,3.02,2.18,3.8,2.78,3.92,4.28,2.84,4.46,4.34,3.2,2.42
509275,30,11,27,2,42,21,25,31,10,38,43,41,41,32,44,29,21,45,38,12,35,9,15,45,32,27,28,19,32,20,2,49,101.7,29.74,896,1.27,1.13,1.1,3.8,2.66,3.62,2.12,4.52,3.26,3.5,3.86,2.6,4.28,4.58,4.46,4.46,3.92,4.64,3.74
558204,24,6,34,15,5,20,6,15,9,26,23,49,24,26,26,28,24,46,29,50,29,23,34,26,47,12,44,0,26,36,41,16,144.31,26.85,819,0.98,1.08,1.04,3.44,2.36,4.04,2.9,2.3,3.2,2.36,2.9,2.54,3.56,3.38,4.94,3.44,3.56,3.56,3.68
397412,4,33,18,14,28,33,16,29,21,17,39,37,46,34,42,41,28,7,8,48,36,30,36,34,28,37,16,38,38,44,28,41,126.29,30.46,949,0.85,0.73,0.74,2.24,3.98,3.08,2.84,3.68,3.98,2.96,3.74,3.26,3.02,4.34,4.22,4.76,4.04,4.52,4.46
741521,7,38,26,12,2,29,24,49,49,46,45,31,38,19,44,27,14,49,49,20,40,37,28,12,24,8,12,25,27,14,2,28,114.21,27.99,875,1.29,0.53,0.91,2.42,4.28,3.56,2.72,2.12,3.74,3.44,4.94,4.94,4.76,4.7,3.86,4.28,3.14,4.64,3.62
844581,49,17,44,34,3,22,15,44,37,46,15,38,15,16,46,6,8,9,31,49,29,26,13,34,44,36,18,21,41,21,6,47,144.54,28.85,880,1.41,1.2,1.01,4.94,3.02,4.64,4.04,2.18,3.32,2.9,4.64,4.22,4.76,2.9,4.28,2.9,2.96,4.76,2.36
800487,33,15,45,39,0,45,26,34,19,31,44,29,7,33,3,44,1,31,40,19,3,32,18,48,28,43,10,0,27,12,46,18,117.47,27.41,823,1.05,1.35,1.43,3.98,2.9,4.7,4.34,2.0,4.7,3.56,4.04,3.14,3.86,4.64,3.74,2.42,3.98,2.18,4.64
611528,28,47,10,17,12,11,18,9,5,46,2,47,2,5,45,49,15,22,24,28,47,36,37,14,26,36,35,33,11,39,20,27,96.39,26.19,803,0.59,0.95,0.65,3.68,4.82,2.6,3.02,2.72,2.66,3.08,2.54,2.3,4.76,2.12,4.82,2.12,2.3,4.7,4.94
729010,25,6,4,49,45,45,35,22,23,40,33,13,27,4,35,26,46,26,36,34,43,37,33,22,38,48,2,21,19,40,44,7,146.87,29.84,928,0.98,1.27,0.57,3.5,2.36,2.24,4.94,4.7,4.7,4.1,3.32,3.38,4.4,3.98,2.78,3.62,2.24,4.1,3.56
955117,45,32,47,15,28,15,47,36,8,20,26,35,50,46,17,46,29,33,7,5,35,28,3,48,34,32,7,48,5,49,4,12,134.45,28.46,892,0.78,1.47,1.21,4.7,3.92,4.82,2.9,3.68,2.9,4.82,4.16,2.48,3.2,3.56,4.1,5.0,4.76,3.02,4.76
225041,28,32,46,28,40,30,0,4,42,32,45,5,11,15,9,31,23,13,49,19,22,0,6,38,35,18,2,31,43,20,44,29,137.99,25.83,790,0.72,1.24,1.33,3.68,3.92,4.76,3.68,4.4,3.8,2.0,2.24,4.52,3.92,4.7,2.3,2.66,2.9,2.54,3.86
724405,31,50,22,36,37,9,8,41,36,8,10,32,10,40,27,44,11,31,48,4,20,37,22,13,13,19,15,21,31,1,6,47,156.48,24.74,780,1.31,0.6,1.33,3.86,5.0,3.32,4.16,4.22,2.54,2.48,4.46,4.16,2.48,2.6,3.92,2.6,4.4,3.62,4.64
871805,44,30,46,6,10,47,19,44,35,27,3,41,39,42,2,3,5,42,24,7,31,45,15,20,27,4,46,15,26,31,24,15,134.37,27.39,815,0.59,1.38,0.73,4.64,3.8,4.76,2.36,2.6,4.82,3.14,4.64,4.1,3.62,2.18,4.46,4.34,4.52,2.12,2.18
705121,30,38,43,17,33,30,12,38,48,43,41,14,22,4,50,5,28,36,40,35,12,1,32,37,23,19,17,29,19,22,40,21,86.54,29.45,879,0.86,1.31,0.85,3.8,4.28,4.58,3.02,3.98,3.8,2.72,4.28,4.88,4.58,4.46,2.84,3.32,2.24,5.0,2.3
28799,5,30,10,45,16,29,40,6,42,7,1,42,3,12,47,29,44,47,33,19,19,12,5,3,33,49,18,37,28,7,6,39,88.82,24.76,763,0.87,1.05,1.16,2.3,3.8,2.6,4.7,2.96,3.74,4.4,2.36,4.52,2.42,2.06,4.52,2.18,2.72,4.82,3.74
108366,33,5,49,5,47,50,42,16,20,44,39,10,7,7,37,37,34,40,40,10,17,11,30,47,46,40,13,7,25,42,30,16,86.94,28.8,896,1.35,0.68,1.03,3.98,2.3,4.94,2.3,4.82,5.0,4.52,2.96,3.2,4.64,4.34,2.6,2.42,2.42,4.22,4.22
320659,50,34,9,41,47,33,47,11,40,22,7,0,47,11,13,7,37,45,49,27,46,31,31,0,13,45,31,10,35,14,36,0,127.17,28.22,869,0.91,0.65,0.78,5.0,4.04,2.54,4.46,4.82,3.98,4.82,2.66,4.4,3.32,2.42,2.0,4.82,2.66,2.78,2.42
838032,18,44,47,34,44,15,33,18,43,32,8,15,1,43,17,28,0,38,36,21,46,50,36,35,45,28,37,4,4,38,46,22,96.1,30.45,926,1.45,0.57,1.05,3.08,4.64,4.82,4.04,4.64,2.9,3.98,3.08,4.58,3.92,2.48,2.9,2.06,4.58,3.02,3.68
474845,23,31,43,34,49,13,27,5,44,28,29,49,43,46,22,29,27,6,27,2,48,25,49,9,28,44,45,2,8,10,4,42,139.7,29.4,891,0.63,0.99,0.7,3.38,3.86,4.58,4.04,4.94,2.78,3.62,2.3,4.64,3.68,3.74,4.94,4.58,4.76,3.32,3.74
973327,1,30,10,24,36,46,30,30,41,8,33,1,45,20,25,17,33,20,45,26,14,1,10,49,40,22,41,27,40,48,24,1,80.31,28.1,838,0.64,1.3,0.52,2.06,3.8,2.6,3.44,4.16,4.76,3.8,3.8,4.46,2.48,3.98,2.06,4.7,3.2,3.5,3.02
862184,42,46,19,45,12,14,1,30,34,23,36,27,50,20,49,42,37,37,10,7,1,22,31,39,39,39,17,14,28,42,22,33,126.77,28.69,908,0.8,1.04,1.16,4.52,4.76,3.14,4.7,2.72,2.84,2.06,3.8,4.04,3.38,4.16,3.62,5.0,3.2,4.94,4.52
705374,42,18,40,1,12,7,30,19,1,3,13,44,39,40,24,3,40,31,2,48,23,40,4,5,30,42,0,26,13,32,12,28,83.51,23.16,712,0.91,0.54,0.55,4.52,3.08,4.4,2.06,2.72,2.42,3.8,3.14,2.06,2.18,2.78,4.64,4.34,4.4,3.44,2.18
82202,14,30,17,47,15,36,23,24,17,27,4,36,44,33,12,26,14,25,39,34,37,48,29,33,29,15,13,8,14,33,14,33,155.23,26.06,823,0.98,1.04,1.35,2.84,3.8,3.02,4.82,2.9,4.16,3.38,3.44,3.02,3.62,2.24,4.16,4.64,3.98,2.72,3.56
898205,19,32,30,22,12,19,23,31,46,30,6,36,4,34,12,47,4,49,29,46,8,4,41,47,50,18,27,26,32,4,44,18,95.86,27.13,850,0.65,1.25,0.81,3.14,3.92,3.8,3.32,2.72,3.14,3.38,3.86,4.76,3.8,2.36,4.16,2.24,4.04,2.72,4.82
810426,28,14,3,37,30,20,28,41,0,18,3,14,43,37,13,24,15,31,6,41,14,17,35,42,4,44,20,37,46,4,25,39,92.05,24.4,773,0.96,1.37,1.22,3.68,2.84,2.18,4.22,3.8,3.2,3.68,4.46,2.0,3.08,2.18,2.84,4.58,4.22,2.78,3.44
628825,12,23,31,21,27,4,31,26,36,50,37,8,12,17,16,49,23,38,20,34,12,43,44,19,40,1,3,28,11,10,4,35,109.43,24.36,765,1.43,1.08,0.6,2.72,3.38,3.86,3.26,3.62,2.24,3.86,3.56,4.16,5.0,4.22,2.48,2.72,3.02,2.96,4.94
538537,15,13,42,8,37,44,11,13,14,36,40,11,1,26,33,36,30,43,35,44,41,6,46,32,25,13,47,21,50,2,33,42,107.79,28.84,890,0.83,0.75,1.34,2.9,2.78,4.52,2.48,4.22,4.64,2.66,2.78,2.84,4.16,4.4,2.66,2.06,3.56,3.98,4.16
30633,43,42,33,35,46,31,12,3,15,2,49,20,21,19,0,31,20,23,13,29,9,48,17,2,1,28,2,6,2,8,24,1,97.8,20.37,635,0.83,0.67,0.87,4.58,4.52,3.98,4.1,4.76,3.86,2.72,2.18,2.9,2.12,4.94,3.2,3.26,3.14,2.0,3.86
78227,17,38,21,25,8,48,29,37,32,22,11,19,43,18,13,22,49,33,8,28,47,24,35,42,48,39,14,26,11,31,26,49,102.53,30.32,913,1.22,0.57,0.83,3.02,4.28,3.26,3.5,2.48,4.88,3.74,4.22,3.92,3.32,2.66,3.14,4.58,3.08,2.78,3.32
80211,21,46,1,49,13,8,21,17,33,45,17,30,22,7,28,49,5,3,26,13,46,34,23,31,43,36,26,48,16,15,21,14,114.44,26.75,807,0.68,0.66,0.78,3.26,4.76,2.06,4.94,2.78,2.48,3.26,3.02,3.98,4.7,3.02,3.8,3.32,2.42,3.68,4.94
198306,16,36,35,43,36,39,28,47,11,32,39,24,4,36,40,30,44,42,25,30,19,36,12,29,46,14,31,12,1,44,22,13,151.94,30.37,916,0.76,1.02,1.02,2.96,4.16,4.1,4.58,4.16,4.34,3.68,4.82,2.66,3.92,4.34,3.44,2.24,4.16,4.4,3.8
123585,40,33,21,13,44,14,31,11,42,33,7,21,4,17,50,7,44,19,44,22,9,17,45,24,37,19,25,24,37,9,2,20,119.92,25.65,785,0.7,0.7,1.38,4.4,3.98,3.26,2.78,4.64,2.84,3.86,2.66,4.52,3.98,2.42,3.26,2.24,3.02,5.0,2.42
893186,42,10,21,24,33,38,39,22,0,21,26,7,43,6,24,22,31,34,38,22,34,9,45,5,18,1,45,39,41,28,7,1,115.96,24.87,776,1.03,0.65,0.97,4.52,2.6,3.26,3.44,3.98,4.28,4.34,3.32,2.0,3.26,3.56,2.42,4.58,2.36,3.44,3.32
990693,27,24,29,29,40,50,36,5,13,23,45,28,2,36,18,46,16,11,19,14,18,34,17,44,15,18,8,20,12,18,41,27,90.23,25.44,783,1.08,1.37,1.43,3.62,3.44,3.74,3.74,4.4,5.0,4.16,2.3,2.78,3.38,4.7,3.68,2.12,4.16,3.08,4.76
396657,27,2,44,10,46,39,17,14,48,36,0,4,25,13,28,16,14,0,40,26,20,47,28,19,0,19,50,41,44,15,14,50,144.32,25.53,796,0.5,1.29,1.39,3.62,2.12,4.64,2.6,4.76,4.34,3.02,2.84,4.88,4.16,2.0,2.24,3.5,2.78,3.68,2.96
881872,38,2,22,49,13,15,20,18,11,41,27,21,13,18,14,14,27,22,28,27,47,19,19,7,2,25,6,21,21,24,11,28,140.09,21.45,670,1.28,1.45,0.75,4.28,2.12,3.32,4.94,2.78,2.9,3.2,3.08,2.66,4.46,3.62,3.26,2.78,3.08,2.84,2.84
466280,32,21,7,38,31,13,50,38,7,11,24,31,8,22,33,25,25,23,11,5,27,21,41,5,2,13,6,29,26,8,4,42,134.72,22.54,679,0.87,1.39,1.15,3.92,3.26,2.42,4.28,3.86,2.78,5.0,4.28,2.42,2.66,3.44,3.86,2.48,3.32,3.98,3.5
803404,49,11,40,1,16,8,42,34,25,1,1,34,27,1,11,45,2,27,45,20,35,23,24,47,26,28,8,13,42,14,3,11,130.71,23.18,714,1.24,1.25,1.21,4.94,2.66,4.4,2.06,2.96,2.48,4.52,4.04,3.5,2.06,2.06,4.04,3.62,2.06,2.66,4.7
933748,28,45,7,4,15,20,20,25,0,33,24,17,13,40,27,23,15,3,45,22,2,2,0,19,21,32,22,14,17,47,18,19,110.04,21.25,639,1.2,1.42,0.75,3.68,4.7,2.42,2.24,2.9,3.2,3.2,3.5,2.0,3.98,3.44,3.02,2.78,4.4,3.62,3.38
896286,32,5,30,45,50,33,24,12,40,22,9,5,35,42,1,12,45,22,6,50,10,39,18,14,26,8,47,18,38,46,2,22,137.22,26.42,808,0.82,1.46,1.4,3.92,2.3,3.8,4.7,5.0,3.98,3.44,2.72,4.4,3.32,2.54,2.3,4.1,4.52,2.06,2.72
972701,50,30,33,50,10,22,34,25,21,36,0,29,20,19,28,32,2,20,38,20,50,18,39,27,18,8,50,22,10,22,18,23,152.37,26.45,824,0.67,0.98,1.03,5.0,3.8,3.98,5.0,2.6,3.32,4.04,3.5,3.26,4.16,2.0,3.74,3.2,3.14,3.68,3.92
581913,17,19,22,27,5,4,16,3,49,22,9,10,21,37,43,33,3,44,36,13,13,24,33,10,27,34,4,5,14,2,19,26,80.74,20.57,644,1.1,0.89,0.67,3.02,3.14,3.32,3.62,2.3,2.24,2.96,2.18,4.94,3.32,2.54,2.6,3.26,4.22,4.58,3.98
920451,41,41,39,26,32,24,36,5,31,43,27,23,13,6,14,3,29,20,5,22,46,50,38,20,47,20,23,0,4,15,41,27,130.94,26.26,811,1.16,0.81,1.31,4.46,4.46,4.34,3.56,3.92,3.44,4.16,2.3,3.86,4.58,3.62,3.38,2.78,2.36,2.84,2.18
916914,31,15,42,38,34,49,12,37,48,48,1,20,38,47,50,19,22,9,50,18,44,13,10,22,21,1,8,19,36,7,14,34,133.71,27.71,857,0.53,0.82,0.62,3.86,2.9,4.52,4.28,4.04,4.94,2.72,4.22,4.88,4.88,2.06,3.2,4.28,4.82,5.0,3.14
391326,32,3,34,39,3,20,49,44,22,23,9,21,49,41,33,2,25,22,43,20,0,8,22,17,8,44,19,27,23,5,29,22,108.58,24.95,758,1.1,0.92,0.92,3.92,2.18,4.04,4.34,2.18,3.2,4.94,4.64,3.32,3.38,2.54,3.26,4.94,4.46,3.98,2.12
27182,20,38,5,27,39,26,0,10,49,4,14,46,40,6,7,27,31,42,29,39,31,27,50,25,9,16,12,33,48,44,47,19,136.34,27.17,860,1.24,1.09,1.09,3.2,4.28,2.3,3.62,4.34,3.56,2.0,2.6,4.94,2.24,2.84,4.76,4.4,2.36,2.42,3.62
461903,20,49,41,8,2,50,20,46,49,23,7,12,20,1,36,7,3,36,14,33,41,27,35,21,39,10,40,23,20,33,6,39,145.42,25.98,811,1.18,0.65,0.98,3.2,4.94,4.46,2.48,2.12,5.0,3.2,4.76,4.94,3.38,2.42,2.72,3.2,2.06,4.16,2.42
176850,10,22,29,6,8,12,4,38,38,44,33,40,16,30,26,36,45,45,2,13,41,48,41,41,31,21,8,38,24,33,17,14,110.0,27.9,854,0.98,1.09,0.99,2.6,3.32,3.74,2.36,2.48,2.72,2.24,4.28,4.28,4.64,3.98,4.4,2.96,3.8,3.56,4.16
602696,36,17,17,4,17,43,30,37,20,43,18,39,36,42,31,50,0,6,12,26,19,48,11,3,42,13,3,23,50,45,29,3,143.85,26.08,813,0.51,0.96,0.9,4.16,3.02,3.02,2.24,3.02,4.58,3.8,4.22,3.2,4.58,3.08,4.34,4.16,4.52,3.86,5.0
882670,39,44,7,47,46,30,47,46,2,7,30,36,25,10,50,49,10,25,32,39,13,38,38,35,50,9,16,49,36,35,45,3,155.23,31.35,988,0.74,1.03,0.54,4.34,4.64,2.42,4.82,4.76,3.8,4.82,4.76,2.12,2.42,3.8,4.16,3.5,2.6,5.0,4.94
671832,25,4,0,33,2,15,1,40,19,13,19,29,40,15,5,41,1,34,49,11,42,49,21,44,13,23,33,21,16,18,12,12,157.02,23.19,700,1.15,0.84,1.49,3.5,2.24,2.0,3.98,2.12,2.9,2.06,4.4,3.14,2.78,3.14,3.74,4.4,2.9,2.3,4.46
109919,30,17,36,19,44,29,6,25,49,33,39,20,38,15,4,5,32,37,32,6,25,18,11,12,50,14,3,3,8,18,1,22,133.66,22.89,701,0.99,0.96,1.36,3.8,3.02,4.16,3.14,4.64,3.74,2.36,3.5,4.94,3.98,4.34,3.2,4.28,2.9,2.24,2.3
829331,28,5,47,49,8,11,40,37,50,44,23,35,37,2,23,46,26,27,48,4,22,40,49,8,40,26,21,49,30,40,2,34,136.21,31.17,951,0.81,0.82,1.29,3.68,2.3,4.82,4.94,2.48,2.66,4.4,4.22,5.0,4.64,3.38,4.1,4.22,2.12,3.38,4.76
100145,7,50,26,26,47,13,13,39,9,19,12,2,43,10,5,14,0,46,6,39,0,34,44,19,14,21,28,39,19,14,45,34,133.65,23.45,737,0.9,1.34,1.31,2.42,5.0,3.56,3.56,4.82,2.78,2.78,4.34,2.54,3.14,2.72,2.12,4.58,2.6,2.3,2.84
184063,42,26,30,27,24,2,13,49,36,34,2,20,28,37,27,30,18,48,42,37,0,3,44,8,25,46,43,13,35,25,21,21,152.72,27.76,856,1.01,1.23,0.71,4.52,3.56,3.8,3.62,3.44,2.12,2.78,4.94,4.16,4.04,2.12,3.2,3.68,4.22,3.62,3.8
814020,24,14,18,25,12,17,6,21,7,11,12,47,36,31,22,11,3,30,27,4,41,4,32,5,39,10,29,14,14,20,7,4,131.36,20.59,597,1.5,1.01,0.57,3.44,2.84,3.08,3.5,2.72,3.02,2.36,3.26,2.42,2.66,2.72,4.82,4.16,3.86,3.32,2.66
318044,48,9,11,18,9,24,50,22,2,4,25,7,44,23,47,25,1,24,20,40,10,16,4,50,46,47,36,0,34,3,7,49,140.6,25.29,755,0.96,1.03,1.31,4.88,2.54,2.66,3.08,2.54,3.44,5.0,3.32,2.12,2.24,3.5,2.42,4.64,3.38,4.82,3.5
383798,3,36,43,17,48,13,41,20,23,19,39,2,2,48,12,8,10,28,24,40,18,0,20,31,45,30,34,31,40,19,38,36,89.56,27.55,818,1.32,1.15,0.85,2.18,4.16,4.58,3.02,4.88,2.78,4.46,3.2,3.38,3.14,4.34,2.12,2.12,4.88,2.72,2.48
648322,28,10,10,18,7,37,44,46,30,25,21,4,32,30,3,50,46,20,7,28,17,5,11,7,15,4,43,40,18,31,3,31,86.46,24.36,721,1.5,1.03,1.29,3.68,2.6,2.6,3.08,2.42,4.22,4.64,4.76,3.8,3.5,3.26,2.24,3.92,3.8,2.18,5.0
793925,24,36,5,18,44,39,3,21,5,43,11,33,49,23,36,1,6,12,26,29,45,17,5,1,42,12,32,11,13,5,29,25,84.05,22.93,701,1.04,0.55,0.99,3.44,4.16,2.3,3.08,4.64,4.34,2.18,3.26,2.3,4.58,2.66,3.98,4.94,3.38,4.16,2.06
516267,40,17,40,5,30,44,49,49,36,19,48,8,37,44,43,8,13,0,37,24,29,19,16,2,25,19,27,36,35,13,11,11,141.52,26.18,834,1.24,0.73,1.3,4.4,3.02,4.4,2.3,3.8,4.64,4.94,4.94,4.16,3.14,4.88,2.48,4.22,4.64,4.58,2.48
329737,41,42,49,36,44,2,2,12,11,44,5,38,5,34,10,5,30,37,2,40,12,20,26,43,2,2,7,2,29,20,9,21,120.37,22.02,682,0.51,0.74,1.21,4.46,4.52,4.94,4.16,4.64,2.12,2.12,2.72,2.66,4.64,2.3,4.28,2.3,4.04,2.6,2.3
624915,40,23,45,0,42,20,8,22,39,19,32,12,25,1,12,16,10,13,36,10,31,33,48,32,33,50,44,20,5,26,38,19,157.3,25.84,804,0.6,0.64,0.73,4.4,3.38,4.7,2.0,4.52,3.2,2.48,3.32,4.34,3.14,3.92,2.72,3.5,2.06,2.72,2.96
373559,2,31,3,2,15,44,43,15,13,7,14,29,0,2,5,31,10,35,13,41,41,50,46,20,10,39,44,38,33,0,49,5,147.02,24.1,730,1.37,1.01,0.96,2.12,3.86,2.18,2.12,2.9,4.64,4.58,2.9,2.78,2.42,2.84,3.74,2.0,2.12,2.3,3.86
640008,7,31,3,47,27,49,44,31,7,48,30,16,34,14,29,10,22,35,31,8,33,47,35,47,10,36,11,5,41,7,45,7,144.29,27.98,847,1.11,0.84,1.15,2.42,3.86,2.18,4.82,3.62,4.94,4.64,3.86,2.42,4.88,3.8,2.96,4.04,2.84,3.74,2.6
199289,48,28,42,30,7,35,38,8,28,13,29,34,34,42,16,31,8,43,49,9,19,18,42,25,46,16,50,37,18,16,36,2,99.59,29.89,897,1.18,1.12,0.98,4.88,3.68,4.52,3.8,2.42,4.1,4.28,2.48,3.68,2.78,3.74,4.04,4.04,4.52,2.96,3.86
566335,43,14,44,35,22,32,13,40,46,28,10,2,25,7,16,34,1,33,9,17,10,11,2,36,9,29,40,26,19,30,43,21,113.89,24.23,747,0.86,1.45,1.02,4.58,2.84,4.64,4.1,3.32,3.92,2.78,4.4,4.76,3.68,2.6,2.12,3.5,2.42,2.96,4.04
712480,4,46,2,40,41,17,32,4,30,13,1,0,43,32,23,43,43,26,46,34,18,29,27,39,29,28,42,39,22,47,33,38,121.44,29.45,911,1.06,0.54,0.99,2.24,4.76,2.12,4.4,4.46,3.02,3.92,2.24,3.8,2.78,2.06,2.0,4.58,3.92,3.38,4.58
747152,31,42,4,25,30,37,28,49,28,24,37,23,11,13,30,33,22,39,6,4,19,14,45,2,30,14,1,5,34,12,22,49,100.8,25.04,763,0.77,0.67,1.2,3.86,4.52,2.24,3.5,3.8,4.22,3.68,4.94,3.68,3.44,4.22,3.38,2.66,2.78,3.8,3.98
875722,2,0,29,13,14,21,18,4,33,42,5,38,37,29,8,38,32,2,46,12,46,35,20,49,22,5,19,34,39,22,44,37,145.97,24.99,795,1.25,1.21,0.93,2.12,2.0,3.74,2.78,2.84,3.26,3.08,2.24,3.98,4.52,2.3,4.28,4.22,3.74,2.48,4.28
372186,36,5,30,49,26,16,20,37,10,29,12,16,23,0,36,46,14,43,43,29,16,3,26,28,14,4,50,10,7,10,24,50,158.19,24.24,762,1.37,0.68,0.66,4.16,2.3,3.8,4.94,3.56,2.96,3.2,4.22,2.6,3.74,2.72,2.96,3.38,2.0,4.16,4.76
508582,35,7,25,38,18,25,4,19,37,30,7,23,21,23,15,36,33,1,38,40,34,45,4,19,9,41,9,8,39,26,19,26,138.19,24.62,754,0.67,0.59,0.75,4.1,2.42,3.5,4.28,3.08,3.5,2.24,3.14,4.22,3.8,2.42,3.38,3.26,3.38,2.9,4.16
896192,30,36,15,49,30,15,39,49,19,46,45,39,31,25,0,42,18,16,35,27,6,40,23,24,43,36,6,46,48,26,33,41,96.2,32.06,978,0.93,1.38,1.22,3.8,4.16,2.9,4.94,3.8,2.9,4.34,4.94,3.14,4.76,4.7,4.34,3.86,3.5,2.0,4.52
784551,26,40,18,26,23,34,0,36,24,14,1,43,24,37,23,9,35,34,3,14,37,3,8,23,11,48,14,30,25,46,11,3,83.04,24.14,723,0.9,1.37,0.73,3.56,4.4,3.08,3.56,3.38,4.04,2.0,4.16,3.44,2.84,2.06,4.58,3.44,4.22,3.38,2.54
139425,38,38,32,31,11,48,4,10,8,2,35,39,23,42,32,22,13,36,7,31,35,48,25,38,48,33,27,11,6,36,14,38,132.98,27.04,861,0.9,1.32,0.75,4.28,4.28,3.92,3.86,2.66,4.88,2.24,2.6,2.48,2.12,4.1,4.34,3.38,4.52,3.92,3.32
552794,35,6,0,26,37,18,41,9,14,42,3,18,15,1,42,15,45,33,8,4,39,14,29,21,40,24,19,50,17,41,4,15,158.52,24.2,725,1.16,0.53,0.59,4.1,2.36,2.0,3.56,4.22,3.08,4.46,2.54,2.84,4.52,2.18,3.08,2.9,2.06,4.52,2.9
842806,39,23,38,36,24,45,47,15,3,43,47,43,10,31,11,12,48,11,22,15,48,7,0,38,33,18,13,4,25,31,10,16,158.48,26.86,806,1.2,0.55,1.01,4.34,3.38,4.28,4.16,3.44,4.7,4.82,2.9,2.18,4.58,4.82,4.58,2.6,3.86,2.66,2.72
859850,7,50,14,25,40,44,12,18,41,27,22,2,1,16,46,50,47,2,21,19,2,6,44,48,25,16,25,25,42,39,43,20,119.58,27.31,839,0.67,0.52,0.65,2.42,5.0,2.84,3.5,4.4,4.64,2.72,3.08,4.46,3.62,3.32,2.12,2.06,2.96,4.76,5.0
749624,42,18,6,11,0,41,2,36,7,26,31,0,1,26,8,49,49,46,29,5,6,33,9,45,13,11,15,7,14,32,35,6,134.79,22.25,659,0.63,1.46,1.05,4.52,3.08,2.36,2.66,2.0,4.46,2.12,4.16,2.42,3.56,3.86,2.0,2.06,3.56,2.48,4.94
91751,47,18,5,40,17,39,38,7,50,4,16,3,4,35,11,25,48,30,29,22,46,36,29,13,20,25,31,2,1,25,32,43,123.33,25.74,791,0.66,0.53,1.36,4.82,3.08,2.3,4.4,3.02,4.34,4.28,2.42,5.0,2.24,2.96,2.18,2.24,4.1,2.66,3.5
460132,13,22,6,16,4,20,1,12,32,48,46,15,3,16,41,15,47,12,6,38,2,35,45,6,27,24,6,19,13,15,32,49,127.39,21.79,686,1.38,1.2,0.66,2.78,3.32,2.36,2.96,2.24,3.2,2.06,2.72,3.92,4.88,4.76,2.9,2.18,2.96,4.46,2.9
368211,50,14,28,22,23,7,0,17,8,24,3,28,10,44,44,41,25,42,7,15,8,34,24,49,15,13,26,14,19,36,40,23,134.13,24.16,753,0.77,0.9,1.26,5.0,2.84,3.68,3.32,3.38,2.42,2.0,3.02,2.48,3.44,2.18,3.68,2.6,4.64,4.64,4.46
175212,30,32,48,42,4,21,9,22,48,43,15,40,12,9,25,46,47,8,43,29,46,43,2,48,24,38,41,32,50,12,8,32,93.14,30.41,949,1.36,0.51,1.08,3.8,3.92,4.88,4.52,2.24,3.26,2.54,3.32,4.88,4.58,2.9,4.4,2.72,2.54,3.5,4.76
970937,37,38,14,11,13,37,31,32,33,18,16,41,19,21,33,22,27,17,34,39,46,28,18,49,26,3,46,16,21,37,30,29,153.99,29.26,882,1.37,0.95,0.85,4.22,4.28,2.84,2.66,2.78,4.22,3.86,3.92,3.98,3.08,2.96,4.46,3.14,3.26,3.98,3.32
837543,19,14,40,47,21,18,47,6,40,29,37,20,29,9,45,49,21,10,14,48,17,14,32,38,1,6,25,5,36,24,50,10,103.08,26.21,821,0.85,0.55,1.5,3.14,2.84,4.4,4.82,3.26,3.08,4.82,2.36,4.4,3.74,4.22,3.2,3.74,2.54,4.7,4.94
197903,24,49,0,16,46,37,15,41,30,23,9,17,0,28,33,0,18,18,13,11,3,26,41,46,49,44,17,19,10,34,11,7,86.57,24.55,735,0.84,0.74,0.76,3.44,4.94,2.0,2.96,4.76,4.22,2.9,4.46,3.8,3.38,2.54,3.02,2.0,3.68,3.98,2.0
500308,12,0,7,9,22,2,47,35,1,5,28,42,27,27,15,34,29,16,29,47,41,45,32,28,25,5,46,19,38,28,16,17,137.81,24.86,774,1.09,1.27,0.65,2.72,2.0,2.42,2.54,3.32,2.12,4.82,4.1,2.06,2.3,3.68,4.52,3.62,3.62,2.9,4.04
664891,27,41,24,16,34,41,45,49,28,15,47,1,14,8,45,3,22,6,26,47,43,28,12,1,21,11,50,22,7,32,6,23,101.23,26.74,795,1.22,1.17,0.88,3.62,4.46,3.44,2.96,4.04,4.46,4.7,4.94,3.68,2.9,4.82,2.06,2.84,2.48,4.7,2.18
795430,46,24,2,32,22,49,19,13,16,6,36,5,43,36,24,17,29,41,16,23,33,27,38,3,25,47,1,4,26,48,40,23,91.43,26.58,814,1.2,1.43,1.43,4.76,3.44,2.12,3.92,3.32,4.94,3.14,2.78,2.96,2.36,4.16,2.3,4.58,4.16,3.44,3.02
246257,38,16,11,48,1,34,29,9,39,14,39,35,19,39,35,33,31,20,3,24,11,38,27,2,12,36,21,39,23,13,35,9,107.62,24.75,783,0.63,0.72,1.07,4.28,2.96,2.66,4.88,2.06,4.04,3.74,2.54,4.34,2.84,4.34,4.1,3.14,4.34,4.1,3.98
517223,3,33,2,30,30,45,26,32,24,38,1,30,49,21,15,41,16,28,28,22,14,43,26,37,12,49,23,14,39,6,25,3,147.98,26.64,805,1.35,0.78,1.44,2.18,3.98,2.12,3.8,3.8,4.7,3.56,3.92,3.44,4.28,2.06,3.8,4.94,3.26,2.9,4.46
24014,16,13,9,6,40,24,48,14,43,36,31,13,25,30,27,37,17,2,9,17,6,21,24,44,41,3,48,21,13,22,12,14,93.98,24.21,726,1.04,1.05,1.38,2.96,2.78,2.54,2.36,4.4,3.44,4.88,2.84,4.58,4.16,3.86,2.78,3.5,3.8,3.62,4.22
217051,32,7,23,18,1,28,20,38,36,6,23,4,35,2,14,48,48,38,10,39,26,18,1,48,18,35,5,42,0,3,50,37,140.0,25.19,753,0.84,0.81,0.64,3.92,2.42,3.38,3.08,2.06,3.68,3.2,4.28,4.16,2.36,3.38,2.24,4.1,2.12,2.84,4.88
163592,30,50,19,7,7,29,15,2,16,44,21,31,16,38,2,41,32,10,8,48,39,19,21,21,49,36,30,21,46,49,26,9,138.53,26.17,832,0.5,0.57,0.75,3.8,5.0,3.14,2.42,2.42,3.74,2.9,2.12,2.96,4.64,3.26,3.86,2.96,4.28,2.12,4.46
244610,25,22,21,23,46,2,44,3,47,9,49,26,41,31,45,4,43,8,7,27,38,46,44,35,13,28,10,40,8,41,50,30,141.43,29.5,906,0.52,1.16,0.97,3.5,3.32,3.26,3.38,4.76,2.12,4.64,2.18,4.82,2.54,4.94,3.56,4.46,3.86,4.7,2.24
341494,49,46,31,24,9,42,0,20,11,41,4,5,22,29,40,21,49,9,0,11,40,0,25,26,2,43,25,28,7,17,1,10,159.8,21.62,687,0.59,1.01,1.18,4.94,4.76,3.86,3.44,2.54,4.52,2.0,3.2,2.66,4.46,2.24,2.3,3.32,3.74,4.4,3.26
711881,38,39,22,25,38,21,32,5,28,11,35,39,35,24,43,32,9,26,35,43,13,29,28,6,41,5,22,34,29,1,27,35,137.31,27.77,850,1.03,1.02,1.38,4.28,4.34,3.32,3.5,4.28,3.26,3.92,2.3,3.68,2.66,4.1,4.34,4.1,3.44,4.58,3.92
334421,6,6,40,40,16,27,8,21,44,14,22,15,34,3,46,10,44,44,1,18,49,32,9,17,46,21,19,6,39,18,47,24,156.87,26.43,786,0.78,1.25,0.56,2.36,2.36,4.4,4.4,2.96,3.62,2.48,3.26,4.64,2.84,3.32,2.9,4.04,2.18,4.76,2.6
824258,15,45,49,9,14,20,38,31,36,16,47,38,3,4,42,11,15,38,39,47,32,14,20,38,8,22,4,48,5,39,6,29,86.78,27.68,822,1.14,0.63,0.89,2.9,4.7,4.94,2.54,2.84,3.2,4.28,3.86,4.16,2.96,4.82,4.28,2.18,2.24,4.52,2.66
9187,37,35,33,24,5,41,12,24,8,23,17,42,12,8,8,18,41,5,39,23,21,25,19,17,20,4,41,36,15,6,4,22,156.45,21.72,685,1.17,1.37,0.59,4.22,4.1,3.98,3.44,2.3,4.46,2.72,3.44,2.48,3.38,3.02,4.52,2.72,2.48,2.48,3.08
752335,46,25,25,24,20,36,44,35,24,14,47,49,3,31,25,23,24,34,3,16,9,40,3,48,7,8,23,24,30,15,3,40,156.27,26.49,798,0.57,1.06,0.75,4.76,3.5,3.5,3.44,3.2,4.16,4.64,4.1,3.44,2.84,4.82,4.94,2.18,3.86,3.5,3.38
123660,0,34,33,5,48,36,46,0,3,4,11,7,41,21,49,25,3,34,15,46,36,22,50,12,37,49,39,10,47,13,37,14,142.27,25.96,827,1.31,0.73,1.3,2.0,4.04,3.98,2.3,4.88,4.16,4.76,2.0,2.18,2.24,2.66,2.42,4.46,3.26,4.94,3.5
360768,26,32,45,37,3,21,20,33,40,45,6,2,16,7,2,1,44,12,15,14,36,44,11,11,43,27,15,49,38,23,15,43,110.77,24.56,776,0.88,0.61,0.97,3.56,3.92,4.7,4.22,2.18,3.26,3.2,3.98,4.4,4.7,2.36,2.12,2.96,2.42,2.12,2.06
61857,39,4,7,5,15,50,9,19,9,5,48,40,50,11,1,20,33,7,11,22,41,23,45,12,27,13,35,44,42,14,14,20,149.79,24.34,735,0.65,0.82,0.74,4.34,2.24,2.42,2.3,2.9,5.0,2.54,3.14,2.54,2.3,4.88,4.4,5.0,2.66,2.06,3.2
47595,40,19,21,18,15,3,22,12,10,17,21,10,43,15,38,5,21,27,11,36,23,0,26,5,11,32,13,9,35,31,46,13,143.2,21.65,648,1.25,0.72,0.89,4.4,3.14,3.26,3.08,2.9,2.18,3.32,2.72,2.6,3.02,3.26,2.6,4.58,2.9,4.28,2.3
101935,29,39,35,4,17,8,18,26,19,27,2,6,27,39,23,10,32,7,44,40,34,15,43,5,28,14,18,29,49,16,34,19,103.21,24.48,756,0.85,1.41,0.67,3.74,4.34,4.1,2.24,3.02,2.48,3.08,3.56,3.14,3.62,2.12,2.36,3.62,4.34,3.38,2.6
294745,43,12,14,48,7,24,20,3,11,4,40,2,47,11,9,48,3,21,39,24,17,17,4,14,37,12,32,36,49,48,11,12,128.94,23.24,719,1.28,1.06,1.03,4.58,2.72,2.84,4.88,2.42,3.44,3.2,2.18,2.66,2.24,4.4,2.12,4.82,2.66,2.54,4.88
998662,36,40,27,47,23,45,46,17,32,27,40,8,19,21,13,17,49,18,40,7,48,3,24,21,47,33,24,50,40,34,19,24,121.95,30.36,939,0.63,1.14,1.01,4.16,4.4,3.62,4.82,3.38,4.7,4.76,3.02,3.92,3.62,4.4,2.48,3.14,3.26,2.78,3.02
553623,2,9,42,5,3,46,12,1,42,32,36,16,43,24,29,45,19,43,19,33,20,44,13,32,7,39,41,6,14,10,9,9,128.7,23.97,745,1.2,1.29,1.25,2.12,2.54,4.52,2.3,2.18,4.76,2.72,2.06,4.52,3.92,4.16,2.96,4.58,3.44,3.74,4.7
880761,22,1,26,29,18,42,39,39,27,43,46,24,28,46,42,37,12,9,24,34,45,43,14,0,6,37,27,0,4,49,9,38,129.91,27.18,860,0.93,1.16,1.39,3.32,2.06,3.56,3.74,3.08,4.52,4.34,4.34,3.62,4.58,4.76,3.44,3.68,4.76,4.52,4.22
956262,22,40,22,5,28,24,44,48,26,29,10,9,35,13,42,14,25,40,33,10,33,43,9,7,45,46,29,25,16,43,31,21,120.14,28.74,867,1.47,1.17,0.66,3.32,4.4,3.32,2.3,3.68,3.44,4.64,4.88,3.56,3.74,2.6,2.54,4.1,2.78,4.52,2.84
34432,29,36,46,34,26,27,47,16,14,48,10,22,39,17,30,5,5,3,22,43,25,1,44,45,29,24,16,49,48,21,12,46,159.48,27.9,879,0.88,1.23,1.39,3.74,4.16,4.76,4.04,3.56,3.62,4.82,2.96,2.84,4.88,2.6,3.32,4.34,3.02,3.8,2.3
577218,45,38,10,39,1,18,5,8,45,22,24,14,47,44,4,9,31,0,17,10,14,12,1,13,29,3,42,10,50,42,40,46,152.81,23.18,733,0.58,1.01,0.64,4.7,4.28,2.6,4.34,2.06,3.08,2.3,2.48,4.7,3.32,3.44,2.84,4.82,4.64,2.24,2.54
376134,49,49,39,12,6,8,24,10,6,3,39,3,11,2,47,39,4,37,15,34,24,46,49,20,36,32,33,21,41,29,45,49,127.8,27.7,862,1.2,1.47,0.54,4.94,4.94,4.34,2.72,2.36,2.48,3.44,2.6,2.36,2.18,4.34,2.18,2.66,2.12,4.82,4.34
312912,33,1,3,40,28,21,0,18,27,7,27,11,28,25,27,4,43,2,16,43,13,32,34,18,5,0,14,32,16,49,17,44,153.59,21.68,678,1.28,1.49,1.24,3.98,2.06,2.18,4.4,3.68,3.26,2.0,3.08,3.62,2.42,3.62,2.66,3.68,3.5,3.62,2.24
939686,26,26,43,10,41,44,34,5,15,7,39,2,38,47,10,26,10,14,47,0,23,9,0,29,34,4,7,39,44,47,48,21,92.74,25.12,789,1.35,1.35,0.66,3.56,3.56,4.58,2.6,4.46,4.64,4.04,2.3,2.9,2.42,4.34,2.12,4.28,4.82,2.6,3.56
306165,48,15,33,13,8,16,46,16,17,15,34,7,34,25,50,26,24,26,49,27,24,28,39,17,29,33,34,15,49,10,32,18,120.66,27.14,857,1.13,1.44,1.28,4.88,2.9,3.98,2.78,2.48,2.96,4.76,2.96,3.02,2.9,4.04,2.42,4.04,3.5,5.0,3.56
694652,31,36,44,13,16,38,20,14,25,19,13,45,43,17,48,26,9,7,33,3,18,37,50,44,49,13,40,21,35,1,50,9,96.32,29.02,867,0.83,1.15,0.63,3.86,4.16,4.64,2.78,2.96,4.28,3.2,2.84,3.5,3.14,2.78,4.7,4.58,3.02,4.88,3.56
705372,12,12,25,2,28,23,41,37,18,29,40,38,50,4,9,38,10,50,45,9,42,36,10,18,19,1,18,32,12,10,45,27,100.36,25.39,790,1.15,0.8,0.87,2.72,2.72,3.5,2.12,3.68,3.38,4.46,4.22,3.08,3.74,4.4,4.28,5.0,2.24,2.54,4.28
515131,16,32,6,49,14,44,5,9,0,39,36,28,18,22,17,49,42,32,3,21,23,35,46,40,17,45,25,39,30,17,44,39,130.63,28.12,882,1.31,0.79,1.16,2.96,3.92,2.36,4.94,2.84,4.64,2.3,2.54,2.0,4.34,4.16,3.68,3.08,3.32,3.02,4.94
895264,17,17,7,14,41,30,3,35,20,34,1,50,19,8,33,11,11,44,36,28,49,34,32,29,32,21,45,43,20,42,0,45,138.5,28.22,851,1.2,1.49,1.36,3.02,3.02,2.42,2.84,4.46,3.8,2.18,4.1,3.2,4.04,2.06,5.0,3.14,2.48,3.98,2.66
361006,18,1,36,30,8,36,1,28,40,40,32,11,34,4,26,44,19,6,5,41,22,13,22,44,36,45,3,41,22,47,46,3,110.39,26.06,804,0.67,0.53,1.33,3.08,2.06,4.16,3.8,2.48,4.16,2.06,3.68,4.4,4.4,3.92,2.66,4.04,2.24,3.56,4.64
892476,43,45,39,31,38,1,47,24,5,46,39,24,47,37,23,3,46,12,10,45,13,1,18,30,20,14,28,18,44,17,22,14,158.54,27.16,844,1.4,0.61,0.88,4.58,4.7,4.34,3.86,4.28,2.06,4.82,3.44,2.3,4.76,4.34,3.44,4.82,4.22,3.38,2.18
88623,44,17,19,11,38,11,11,0,47,45,7,41,29,28,33,1,48,11,34,27,33,41,10,9,22,33,5,27,39,22,50,7,150.41,25.61,800,0.71,1.15,1.05,4.64,3.02,3.14,2.66,4.28,2.66,2.66,2.0,4.82,4.7,2.42,4.46,3.74,3.68,3.98,2.06
21252,26,32,36,30,27,35,33,38,18,41,0,40,44,28,13,18,14,10,50,21,8,8,16,37,7,40,1,44,23,29,29,4,150.45,25.49,800,0.92,1.26,1.45,3.56,3.92,4.16,3.8,3.62,4.1,3.98,4.28,3.08,4.46,2.0,4.4,4.64,3.68,2.78,3.08
521667,6,4,29,32,28,32,45,15,17,10,48,3,48,7,39,4,50,35,43,21,3,48,23,48,13,10,23,24,30,47,12,37,124.34,26.22,834,0.62,0.98,0.58,2.36,2.24,3.74,3.92,3.68,3.92,4.7,2.9,3.02,2.6,4.88,2.18,4.88,2.42,4.34,2.24
802273,23,13,44,39,21,7,47,36,14,7,41,26,44,14,0,2,21,10,8,49,29,50,33,31,4,33,47,33,8,26,0,31,133.76,26.19,791,0.65,1.07,0.8,3.38,2.78,4.64,4.34,3.26,2.42,4.82,4.16,2.84,2.42,4.46,3.56,4.64,2.84,2.0,2.12
836949,10,2,40,25,0,47,12,40,45,49,18,29,8,45,16,0,23,34,48,44,15,46,46,5,42,8,49,18,44,33,18,26,102.75,28.58,885,1.31,1.23,0.51,2.6,2.12,4.4,3.5,2.0,4.82,2.72,4.4,4.7,4.94,3.08,3.74,2.48,4.7,2.96,2.0
698139,8,40,34,41,35,22,48,7,21,34,20,39,4,15,8,29,2,5,48,39,21,37,33,11,30,27,18,12,19,25,22,27,151.93,25.14,781,1.1,1.37,1.44,2.48,4.4,4.04,4.46,4.1,3.32,4.88,2.42,3.26,4.04,3.2,4.34,2.24,2.9,2.48,3.74
158798,30,20,23,20,15,30,1,14,43,46,0,9,24,3,11,26,30,24,16,48,21,27,43,3,11,7,21,48,9,45,8,26,137.93,23.2,702,0.8,0.51,1.05,3.8,3.2,3.38,3.2,2.9,3.8,2.06,2.84,4.58,4.76,2.0,2.54,3.44,2.18,2.66,3.56
29028,9,40,37,20,47,11,25,33,6,15,49,11,10,5,41,40,35,49,43,6,28,10,42,3,28,41,16,34,48,50,25,47,100.84,30.06,904,1.39,1.24,1.41,2.54,4.4,4.22,3.2,4.82,2.66,3.5,3.98,2.36,2.9,4.94,2.66,2.6,2.3,4.46,4.4
143849,16,48,12,4,9,44,46,7,32,12,21,4,13,6,1,11,29,22,37,21,49,23,0,31,17,29,25,23,24,10,3,44,114.44,21.46,673,0.87,1.48,1.23,2.96,4.88,2.72,2.24,2.54,4.64,4.76,2.42,3.92,2.72,3.26,2.24,2.78,2.36,2.06,2.66
763951,27,24,39,29,40,35,40,29,26,40,18,32,22,28,49,12,15,29,29,23,10,4,4,13,24,13,46,24,38,15,22,0,101.99,26.42,799,1.11,0.53,0.73,3.62,3.44,4.34,3.74,4.4,4.1,4.4,3.74,3.56,4.4,3.08,3.92,3.32,3.68,4.94,2.72
576845,27,44,6,28,0,8,38,46,41,1,50,5,4,0,25,22,30,14,37,29,11,44,49,47,28,9,45,35,21,26,33,16,128.08,26.08,819,1.04,0.77,0.79,3.62,4.64,2.36,3.68,2.0,2.48,4.28,4.76,4.46,2.06,5.0,2.3,2.24,2.0,3.5,3.32
447524,15,36,14,7,0,5,18,40,47,34,27,20,12,31,21,19,4,0,44,16,1,6,48,48,25,28,37,29,44,43,2,43,157.16,25.02,764,0.61,0.77,1.03,2.9,4.16,2.84,2.42,2.0,2.3,3.08,4.4,4.82,4.04,3.62,3.2,2.72,3.86,3.26,3.14
109671,50,18,5,20,38,5,39,3,45,30,34,22,45,37,39,15,12,45,2,7,2,23,14,16,29,44,48,19,21,30,22,47,93.03,26.35,826,1.18,0.89,0.97,5.0,3.08,2.3,3.2,4.28,2.3,4.34,2.18,4.7,3.8,4.04,3.32,4.7,4.22,4.34,2.9
920226,36,25,48,35,8,18,44,36,14,8,24,22,22,39,50,29,14,43,25,45,16,47,46,5,7,17,36,14,16,42,4,23,101.65,27.08,858,1.1,1.48,1.0,4.16,3.5,4.88,4.1,2.48,3.08,4.64,4.16,2.84,2.48,3.44,3.32,3.32,4.34,5.0,3.74
772256,45,40,47,14,17,19,27,48,17,4,22,31,49,31,8,11,11,33,9,36,29,43,15,22,19,20,32,4,40,26,44,50,158.39,27.58,863,0.93,1.32,0.69,4.7,4.4,4.82,2.84,3.02,3.14,3.62,4.88,3.02,2.24,3.32,3.86,4.94,3.86,2.48,2.66
361485,50,12,6,47,19,36,48,17,23,4,25,2,26,34,38,43,5,1,18,27,23,5,46,18,28,48,6,43,21,4,25,37,147.86,24.79,785,1.06,0.61,0.88,5.0,2.72,2.36,4.82,3.14,4.16,4.88,3.02,3.38,2.24,3.5,2.12,3.56,4.04,4.28,4.58
987292,13,44,46,16,45,26,8,14,12,9,23,45,29,49,32,4,39,14,9,7,40,45,45,47,24,36,15,3,45,43,22,4,144.51,27.45,853,1.41,0.72,1.37,2.78,4.64,4.76,2.96,4.7,3.56,2.48,2.84,2.72,2.54,3.38,4.7,3.74,4.94,3.92,2.24
800448,26,30,27,47,30,41,31,2,30,29,27,2,4,30,31,45,41,17,3,23,39,29,50,35,23,11,45,44,12,42,18,36,84.6,29.59,900,1.03,0.74,1.02,3.56,3.8,3.62,4.82,3.8,4.46,3.86,2.12,3.8,3.74,3.62,2.12,2.24,3.8,3.86,4.7
547300,47,14,9,23,24,42,19,11,24,19,15,4,28,16,23,44,16,49,30,27,28,14,27,27,19,12,49,26,29,50,23,48,109.1,26.87,836,1.19,1.17,0.88,4.82,2.84,2.54,3.38,3.44,4.52,3.14,2.66,3.44,3.14,2.9,2.24,3.68,2.96,3.38,4.64
95098,34,2,46,47,12,4,6,28,28,1,1,11,2,7,45,27,14,14,25,47,2,46,44,1,0,17,26,14,49,17,21,50,90.87,22.79,688,1.21,0.54,1.02,4.04,2.12,4.76,4.82,2.72,2.24,2.36,3.68,3.68,2.06,2.06,2.66,2.12,2.42,4.7,3.62
755070,17,25,19,16,43,26,35,21,12,9,14,6,39,32,50,23,40,13,26,17,14,3,12,18,30,41,12,5,6,43,47,25,88.06,24.8,739,0.68,0.55,0.68,3.02,3.5,3.14,2.96,4.58,3.56,4.1,3.26,2.72,2.54,2.84,2.36,4.34,3.92,5.0,3.38
111362,1,19,20,42,28,49,33,44,29,18,50,37,46,16,46,37,19,15,26,21,28,17,30,36,42,48,7,30,2,36,3,26,85.71,29.37,901,0.92,1.48,0.89,2.06,3.14,3.2,4.52,3.68,4.94,3.98,4.64,3.74,3.08,5.0,4.22,4.76,2.96,4.76,4.22
278015,47,35,15,45,49,42,27,24,0,44,25,17,32,6,16,32,29,34,49,32,15,17,12,30,23,13,9,1,1,26,45,16,128.32,26.93,808,0.78,0.75,0.71,4.82,4.1,2.9,4.7,4.94,4.52,3.62,3.44,2.0,4.64,3.5,3.02,3.92,2.36,2.96,3.92
398195,45,32,26,41,45,46,29,1,49,15,25,13,33,8,19,18,35,2,12,1,21,16,13,14,18,22,28,10,27,33,20,40,85.08,25.64,757,1.03,1.47,0.65,4.7,3.92,3.56,4.46,4.7,4.76,3.74,2.06,4.94,2.9,3.5,2.78,3.98,2.48,3.14,3.08
932946,1,32,3,14,27,6,35,17,18,4,41,29,44,46,44,17,39,29,39,48,38,33,6,25,7,17,36,47,33,31,19,10,111.55,27.46,835,0.7,1.34,0.89,2.06,3.92,2.18,2.84,3.62,2.36,4.1,3.02,3.08,2.24,4.46,3.74,4.64,4.76,4.64,3.02
506361,40,36,33,23,16,27,37,23,2,38,15,37,9,14,50,11,22,26,11,11,11,21,11,43,40,18,43,32,36,19,31,24,134.65,25.91,810,0.92,0.89,1.02,4.4,4.16,3.98,3.38,2.96,3.62,4.22,3.38,2.12,4.28,2.9,4.22,2.54,2.84,5.0,2.66
358881,46,21,34,32,22,38,19,15,28,34,49,2,24,35,20,18,45,12,37,11,48,39,17,45,50,23,33,18,27,46,37,41,142.97,31.89,966,1.18,1.21,1.25,4.76,3.26,4.04,3.92,3.32,4.28,3.14,2.9,3.68,4.04,4.94,2.12,3.44,4.1,3.2,3.08
568607,47,27,39,16,43,42,7,7,13,20,42,9,25,10,23,24,32,3,2,43,49,9,2,48,49,38,26,15,48,30,46,13,157.87,27.74,847,1.28,0.8,0.69,4.82,3.62,4.34,2.96,4.58,4.52,2.42,2.42,2.78,3.2,4.52,2.54,3.5,2.6,3.38,3.44
690855,46,43,36,20,2,31,2,15,34,41,0,26,45,44,43,0,30,33,35,45,39,27,25,17,7,29,26,49,2,2,28,18,108.45,26.48,840,1.09,1.19,1.2,4.76,4.58,4.16,3.2,2.12,3.86,2.12,2.9,4.04,4.46,2.0,3.56,4.7,4.64,4.58,2.0
788664,6,1,29,30,31,14,34,50,49,1,29,27,14,39,27,2,36,17,14,43,45,45,42,24,38,43,25,6,2,10,7,14,111.11,26.29,794,0.58,1.12,1.44,2.36,2.06,3.74,3.8,3.86,2.84,4.04,5.0,4.94,2.06,3.74,3.62,2.84,4.34,3.62,2.12
969146,30,19,10,19,44,50,33,32,20,18,9,2,7,23,1,10,6,4,29,13,9,9,43,5,5,48,48,21,13,21,11,49,110.48,20.86,661,0.95,0.66,0.62,3.8,3.14,2.6,3.14,4.64,5.0,3.98,3.92,3.2,3.08,2.54,2.12,2.42,3.38,2.06,2.6
215905,35,50,0,33,16,38,35,21,21,34,12,5,19,10,34,33,46,42,40,28,45,30,48,20,5,47,45,8,35,38,42,15,84.42,29.24,930,1.05,1.47,0.63,4.1,5.0,2.0,3.98,2.96,4.28,4.1,3.26,3.26,4.04,2.72,2.3,3.14,2.6,4.04,3.98
972791,28,6,36,39,41,21,23,6,20,6,25,41,32,22,29,45,14,7,8,12,37,26,37,48,32,12,9,16,40,19,41,13,127.85,25.91,791,1.36,0.84,1.26,3.68,2.36,4.16,4.34,4.46,3.26,3.38,2.36,3.2,2.36,3.5,4.46,3.92,3.32,3.74,4.7
887039,47,11,34,0,49,7,27,25,42,24,7,34,1,44,4,32,14,37,20,15,9,11,17,47,1,18,12,8,7,18,50,6,87.31,22.94,678,0.71,1.28,0.63,4.82,2.66,4.04,2.0,4.94,2.42,3.62,3.5,4.52,3.44,2.42,4.04,2.06,4.64,2.24,3.92
533304,33,33,42,19,6,45,14,10,29,44,6,48,24,17,0,19,16,27,22,25,35,45,37,17,2,23,34,9,25,35,23,7,156.08,24.85,771,0.52,0.87,1.1,3.98,3.98,4.52,3.14,2.36,4.7,2.84,2.6,3.74,4.64,2.36,4.88,3.44,3.02,2.0,3.14
838513,7,39,46,19,25,11,50,39,5,32,25,2,27,35,42,13,50,27,25,19,32,37,6,49,42,4,13,36,11,8,48,41,130.33,28.4,865,1.22,1.46,0.68,2.42,4.34,4.76,3.14,3.5,2.66,5.0,4.34,2.3,3.92,3.5,2.12,3.62,4.1,4.52,2.78
632150,18,36,37,32,44,31,27,25,24,44,6,0,9,44,50,28,18,46,32,10,32,50,18,32,42,29,26,36,30,33,24,48,109.25,31.7,961,0.77,0.58,0.62,3.08,4.16,4.22,3.92,4.64,3.86,3.62,3.5,3.44,4.64,2.36,2.0,2.54,4.64,5.0,3.68
501735,28,13,48,38,18,34,45,24,20,38,26,41,27,27,29,15,22,22,43,32,36,27,2,10,13,49,34,5,47,47,27,23,89.2,29.03,910,0.93,1.37,0.72,3.68,2.78,4.88,4.28,3.08,4.04,4.7,3.44,3.2,4.28,3.56,4.46,3.62,3.62,3.74,2.9
731837,6,7,22,14,29,29,19,47,21,4,50,13,24,17,14,0,44,31,32,28,28,40,39,41,29,41,42,30,13,8,43,23,95.3,26.48,828,1.06,0.8,0.5,2.36,2.42,3.32,2.84,3.74,3.74,3.14,4.82,3.26,2.24,5.0,2.78,3.44,3.02,2.84,2.0
616953,1,10,35,5,10,47,38,2,16,35,18,8,21,18,18,18,46,24,30,6,41,13,37,21,7,42,17,10,17,33,23,17,113.31,22.72,684,0.91,0.91,0.54,2.06,2.6,4.1,2.3,2.6,4.82,4.28,2.12,2.96,4.1,3.08,2.48,3.26,3.08,3.08,3.08
373107,20,50,17,3,43,8,46,48,40,27,24,7,20,38,3,49,19,49,36,1,40,46,15,45,2,4,26,46,16,36,50,11,106.22,28.99,885,1.09,0.99,1.04,3.2,5.0,3.02,2.18,4.58,2.48,4.76,4.88,4.4,3.62,3.44,2.42,3.2,4.28,2.18,4.94
479516,34,25,7,44,34,6,33,7,33,33,36,13,8,17,50,23,27,47,12,7,28,5,3,11,46,0,2,26,6,14,14,49,145.4,22.71,700,1.07,1.31,0.64,4.04,3.5,2.42,4.64,4.04,2.36,3.98,2.42,3.98,3.98,4.16,2.78,2.48,3.02,5.0,3.38
792436,31,14,18,25,33,33,6,39,0,39,9,33,40,43,25,41,5,17,40,5,20,19,2,3,39,1,27,38,46,17,40,19,147.46,25.58,767,0.7,1.34,1.11,3.86,2.84,3.08,3.5,3.98,3.98,2.36,4.34,2.0,4.34,2.54,3.98,4.4,4.58,3.5,4.46
479378,12,2,32,19,11,2,10,5,18,32,41,39,42,16,22,12,42,45,50,21,20,40,15,46,47,40,21,4,38,23,21,4,127.07,26.09,792,1.46,0.56,1.21,2.72,2.12,3.92,3.14,2.66,2.12,2.6,2.3,3.08,3.92,4.46,4.34,4.52,2.96,3.32,2.72
435009,3,5,4,17,26,44,12,45,4,47,10,48,26,14,40,5,44,21,39,43,13,49,6,8,35,9,14,8,47,14,32,37,125.68,24.76,769,0.64,0.85,1.14,2.18,2.3,2.24,3.02,3.56,4.64,2.72,4.7,2.24,4.82,2.6,4.88,3.56,2.84,4.4,2.3
645373,23,9,27,27,15,33,32,40,32,41,21,7,6,35,21,29,16,23,9,17,46,38,43,16,29,17,15,26,8,46,48,30,144.25,27.09,825,0.66,1.1,0.68,3.38,2.54,3.62,3.62,2.9,3.98,3.92,4.4,3.92,4.46,3.26,2.42,2.36,4.1,3.26,3.74
598038,17,2,4,17,8,16,32,32,39,12,23,50,23,20,45,18,19,13,43,20,22,11,18,10,25,23,46,36,18,8,24,18,109.99,22.71,712,0.88,1.05,0.59,3.02,2.12,2.24,3.02,2.48,2.96,3.92,3.92,4.34,2.72,3.38,5.0,3.38,3.2,4.7,3.08
909345,5,14,39,1,46,15,23,30,39,17,6,8,6,7,8,23,44,23,39,34,32,10,18,30,2,47,21,26,28,3,5,43,159.89,23.13,692,1.27,0.69,0.55,2.3,2.84,4.34,2.06,4.76,2.9,3.38,3.8,4.34,3.02,2.36,2.48,2.36,2.42,2.48,3.38
802217,22,4,15,13,32,16,8,36,14,24,33,5,8,16,12,20,14,4,7,13,6,32,1,0,18,8,45,49,11,10,0,13,106.14,17.63,509,0.6,1.17,0.86,3.32,2.24,2.9,2.78,3.92,2.96,2.48,4.16,2.84,3.44,3.98,2.3,2.48,2.96,2.72,3.2
701052,8,0,31,0,6,39,11,39,48,30,17,1,23,30,35,43,21,50,45,23,25,2,48,11,39,14,16,26,32,16,31,8,125.56,24.3,768,0.92,0.78,0.67,2.48,2.0,3.86,2.0,2.36,4.34,2.66,4.34,4.88,3.8,3.02,2.06,3.38,3.8,4.1,4.58
290026,25,45,10,11,9,40,48,28,5,37,23,9,21,25,9,40,13,6,35,35,43,39,40,21,39,35,31,45,42,19,16,20,154.2,27.24,864,0.79,1.32,1.45,3.5,4.7,2.6,2.66,2.54,4.4,4.88,3.68,2.3,4.22,3.38,2.54,3.26,3.5,2.54,4.4
162999,37,17,3,46,30,1,9,20,24,28,20,50,33,42,32,9,22,34,7,48,37,35,29,42,24,44,1,2,8,25,38,16,109.47,26.95,813,0.66,0.94,1.03,4.22,3.02,2.18,4.76,3.8,2.06,2.54,3.2,3.44,3.68,3.2,5.0,3.98,4.52,3.92,2.54
247401,30,47,34,46,27,13,39,39,27,21,3,29,12,50,16,37,9,19,29,47,35,0,23,1,10,31,44,15,40,15,20,33,81.12,27.84,841,0.95,0.92,1.44,3.8,4.82,4.04,4.76,3.62,2.78,4.34,4.34,3.62,3.26,2.18,3.74,2.72,5.0,2.96,4.22
778468,26,12,29,32,19,3,50,29,29,39,28,28,41,4,38,21,40,23,19,16,41,47,35,18,4,11,36,36,42,7,14,23,140.24,28.25,840,1.09,1.39,1.15,3.56,2.72,3.74,3.92,3.14,2.18,5.0,3.74,3.74,4.34,3.68,3.68,4.46,2.24,4.28,3.26
620077,20,1,45,4,7,41,30,13,1,44,28,45,19,50,18,38,36,40,42,40,49,34,49,32,0,23,43,0,34,48,32,18,138.01,29.02,924,0.95,1.5,0.77,3.2,2.06,4.7,2.24,2.42,4.46,3.8,2.78,2.06,4.64,3.68,4.7,3.14,5.0,3.08,4.28
178527,17,17,4,39,31,34,44,20,31,24,41,48,5,10,26,1,36,16,11,9,47,0,2,32,47,30,41,6,47,42,29,12,153.76,26.47,799,1.01,1.1,1.0,3.02,3.02,2.24,4.34,3.86,4.04,4.64,3.2,3.86,3.44,4.46,4.88,2.3,2.6,3.56,2.06
57094,14,32,49,25,35,24,8,25,16,1,40,21,22,37,14,29,38,34,34,1,15,12,26,6,42,48,8,40,49,39,48,33,115.37,28.09,865,0.51,1.35,0.72,2.84,3.92,4.94,3.5,4.1,3.44,2.48,3.5,2.96,2.06,4.4,3.26,3.32,4.22,2.84,3.74
18938,47,39,47,40,40,43,26,27,16,4,49,14,39,17,41,32,7,43,5,28,47,47,5,0,17,31,34,6,27,40,23,11,119.57,28.07,892,0.89,1.25,0.99,4.82,4.34,4.82,4.4,4.4,4.58,3.56,3.62,2.96,2.24,4.94,2.84,4.34,3.02,4.46,3.92
961698,39,40,22,1,47,26,48,28,28,32,32,36,16,3,38,11,22,26,47,32,9,36,49,50,5,48,32,13,40,41,48,23,131.93,31.32,968,0.87,1.45,1.41,4.34,4.4,3.32,2.06,4.82,3.56,4.88,3.68,3.68,3.92,3.92,4.16,2.96,2.18,4.28,2.66
87746,13,40,45,50,47,48,5,11,6,3,39,44,3,19,49,9,5,5,43,28,37,48,8,48,6,1,1,22,46,33,5,31,99.25,26.87,798,0.81,0.59,1.03,2.78,4.4,4.7,5.0,4.82,4.88,2.3,2.66,2.36,2.18,4.34,4.64,2.18,3.14,4.94,2.54
40526,41,28,24,34,50,28,8,12,46,26,32,20,6,19,29,2,34,22,7,19,3,34,34,39,13,37,39,30,13,24,47,26,128.24,27.38,826,1.08,1.1,0.95,4.46,3.68,3.44,4.04,5.0,3.68,2.48,2.72,4.76,3.56,3.92,3.2,2.36,3.14,3.74,2.12
974584,31,7,29,0,11,25,35,39,20,50,13,29,21,43,6,37,40,7,24,44,29,48,28,29,15,6,6,12,34,24,24,40,140.83,26.22,806,1.14,0.6,1.2,3.86,2.42,3.74,2.0,2.66,3.5,4.1,4.34,3.2,5.0,2.78,3.74,3.26,4.58,2.36,4.22
503556,0,4,45,1,30,41,30,1,24,30,20,16,39,2,33,2,49,16,13,6,11,37,50,40,32,9,21,47,17,48,4,28,94.1,24.5,746,0.55,0.95,0.56,2.0,2.24,4.7,2.06,3.8,4.46,3.8,2.06,3.44,3.8,3.2,2.96,4.34,2.12,3.98,2.12
432161,23,43,50,24,16,47,2,47,24,2,24,3,2,37,16,44,48,36,15,11,40,15,10,44,34,26,37,15,26,49,23,12,121.03,27.79,845,1.42,0.93,1.42,3.38,4.58,5.0,3.44,2.96,4.82,2.12,4.82,3.44,2.12,3.44,2.18,2.12,4.22,2.96,4.64
555376,14,30,15,28,32,41,2,22,49,32,32,47,4,23,32,18,18,18,39,45,45,15,46,10,23,10,39,19,44,40,35,0,122.46,27.21,867,0.8,1.31,0.72,2.84,3.8,2.9,3.68,3.92,4.46,2.12,3.32,4.94,3.92,3.92,4.82,2.24,3.38,3.92,3.08
663908,14,22,38,1,6,49,17,27,26,30,19,13,39,14,6,37,19,26,46,7,1,2,25,16,9,48,40,22,13,43,13,41,126.62,22.98,729,0.63,0.95,0.55,2.84,3.32,4.28,2.06,2.36,4.94,3.02,3.62,3.56,3.8,3.14,2.78,4.34,2.84,2.36,4.22
76343,33,4,22,22,10,38,37,4,33,5,15,8,44,49,30,19,15,25,41,38,47,1,1,7,7,15,38,23,19,35,46,6,81.24,24.85,737,0.57,0.87,0.72,3.98,2.24,3.32,3.32,2.6,4.28,4.22,2.24,3.98,2.3,2.9,2.48,4.64,4.94,3.8,3.14
969503,9,46,41,4,17,31,38,31,8,32,39,32,14,4,30,1,4,50,25,50,17,8,45,31,9,0,48,20,45,4,31,9,90.41,25.32,773,0.58,1.41,0.58,2.54,4.76,4.46,2.24,3.02,3.86,4.28,3.86,2.48,3.92,4.34,3.92,2.84,2.24,3.8,2.06
621983,48,7,30,9,14,34,29,24,36,42,3,10,28,4,19,1,24,17,50,29,13,27,30,10,45,26,11,43,33,36,12,3,130.06,24.1,747,0.97,1.01,1.25,4.88,2.42,3.8,2.54,2.84,4.04,3.74,3.44,4.16,4.52,2.18,2.6,3.68,2.24,3.14,2.06
621581,50,0,2,17,35,46,48,14,30,42,11,6,14,1,15,1,27,23,2,35,47,3,41,9,25,29,37,22,35,44,0,5,137.44,23.87,716,0.57,1.21,0.63,5.0,2.0,2.12,3.02,4.1,4.76,4.88,2.84,3.8,4.52,2.66,2.36,2.84,2.06,2.9,2.06
63337,40,25,31,29,17,23,36,45,6,50,43,14,33,13,31,46,35,41,40,4,40,14,12,46,36,30,12,18,47,24,48,5,144.53,30.93,934,0.79,1.14,1.36,4.4,3.5,3.86,3.74,3.02,3.38,4.16,4.7,2.36,5.0,4.58,2.84,3.98,2.78,3.86,4.76
280629,40,25,47,12,40,2,27,31,2,24,8,33,21,32,15,20,48,39,32,50,49,20,45,36,28,48,34,39,9,36,10,15,150.26,29.77,917,0.59,0.65,1.04,4.4,3.5,4.82,2.72,4.4,2.12,3.62,3.86,2.12,3.44,2.48,3.98,3.26,3.92,2.9,3.2
180819,49,24,42,26,49,48,22,35,4,37,37,41,27,29,18,45,41,6,25,36,40,48,16,12,17,11,37,39,33,20,37,44,140.1,32.05,995,1.06,0.86,1.17,4.94,3.44,4.52,3.56,4.94,4.88,3.32,4.1,2.24,4.22,4.22,4.46,3.62,3.74,3.08,4.7
625258,4,17,45,12,14,37,22,9,28,20,2,36,48,37,42,4,38,0,32,33,50,0,9,15,41,33,18,47,36,38,47,15,146.78,26.06,829,1.39,1.25,0.77,2.24,3.02,4.7,2.72,2.84,4.22,3.32,2.54,3.68,3.2,2.12,4.16,4.88,4.22,4.52,2.24
494313,26,13,42,13,9,37,0,5,16,36,20,48,20,14,20,9,22,14,44,13,12,12,24,18,45,8,48,43,24,20,18,22,103.25,24.33,715,1.03,0.57,0.59,3.56,2.78,4.52,2.78,2.54,4.22,2.0,2.3,2.96,4.16,3.2,4.88,3.2,2.84,3.2,2.54
177266,36,22,30,27,27,29,20,38,35,33,19,5,12,9,14,43,23,44,20,24,39,42,45,8,15,29,19,4,22,32,35,21,143.26,25.96,821,1.28,0.64,0.77,4.16,3.32,3.8,3.62,3.62,3.74,3.2,4.28,4.1,3.98,3.14,2.3,2.72,2.54,2.84,4.58
419801,24,31,4,35,41,23,8,25,3,13,27,50,3,14,13,46,27,50,20,21,2,28,28,46,48,18,36,23,36,32,12,9,126.89,25.87,796,1.44,0.98,0.94,3.44,3.86,2.24,4.1,4.46,3.38,2.48,3.5,2.18,2.78,3.62,5.0,2.18,2.84,2.78,4.76
210526,16,5,5,26,48,7,20,27,22,2,9,19,28,21,39,49,7,6,26,17,24,12,28,39,48,0,39,22,39,28,5,25,81.42,24.03,708,1.13,0.56,1.4,2.96,2.3,2.3,3.56,4.88,2.42,3.2,3.62,3.32,2.12,2.54,3.14,3.68,3.26,4.34,4.94
811929,22,37,32,1,18,2,43,11,16,41,0,3,22,9,17,48,33,50,12,15,40,25,49,27,21,5,31,3,5,24,25,4,145.55,23.32,691,1.26,1.0,1.37,3.32,4.22,3.92,2.06,3.08,2.12,4.58,2.66,2.96,4.46,2.0,2.18,3.32,2.54,3.02,4.88
118879,43,31,9,3,37,0,24,27,22,1,37,38,25,46,4,25,23,25,34,43,5,0,41,11,26,45,50,8,44,23,7,8,151.67,25.44,765,0.74,0.69,1.33,4.58,3.86,2.54,2.18,4.22,2.0,3.44,3.62,3.32,2.06,4.22,4.28,3.5,4.76,2.24,3.5
130192,48,12,19,29,16,21,20,26,3,41,0,3,29,9,50,46,1,14,13,26,10,8,34,20,32,27,35,11,23,7,32,23,102.9,22.09,688,1.39,1.27,0.55,4.88,2.72,3.14,3.74,2.96,3.26,3.2,3.56,2.18,4.46,2.0,2.18,3.74,2.54,5.0,4.76
165115,27,22,42,19,3,20,24,13,17,26,44,22,39,38,17,34,4,16,31,33,13,22,34,39,2,43,45,43,48,44,47,37,157.18,30.23,908,0.84,0.7,1.31,3.62,3.32,4.52,3.14,2.18,3.2,3.44,2.78,3.02,3.56,4.64,3.32,4.34,4.28,3.02,4.04
349851,13,44,11,2,22,12,26,41,26,36,33,42,9,49,20,16,0,20,26,33,20,4,47,37,45,5,6,2,20,5,40,19,159.43,24.45,731,1.3,1.38,1.17,2.78,4.64,2.66,2.12,3.32,2.72,3.56,4.46,3.56,4.16,3.98,4.52,2.54,4.94,3.2,2.96
891935,11,21,24,31,47,36,45,20,48,25,38,6,48,24,26,39,32,48,42,0,24,37,29,47,4,9,26,25,27,12,34,40,106.01,29.96,925,0.74,1.2,0.67,2.66,3.26,3.44,3.86,4.82,4.16,4.7,3.2,4.88,3.5,4.28,2.36,4.88,3.44,3.56,4.34
289219,17,35,28,3,17,12,9,11,15,38,32,4,2,10,28,8,19,6,23,30,50,47,21,19,29,2,41,4,41,17,25,47,131.15,22.64,690,0.56,0.71,0.72,3.02,4.1,3.68,2.18,3.02,2.72,2.54,2.66,2.9,4.28,3.92,2.24,2.12,2.6,3.68,2.48
500326,38,46,48,30,34,14,2,2,0,43,0,10,42,15,41,42,46,28,36,24,8,34,5,23,43,23,42,48,26,39,0,45,158.66,28.26,877,1.08,1.25,1.1,4.28,4.76,4.88,3.8,4.04,2.84,2.12,2.12,2.0,4.58,2.0,2.6,4.52,2.9,4.46,4.52
826671,2,1,6,8,38,36,4,2,41,45,45,29,19,19,11,2,28,45,34,6,50,47,47,15,15,16,34,26,0,40,48,28,113.01,24.7,787,1.09,0.72,1.42,2.12,2.06,2.36,2.48,4.28,4.16,2.24,2.12,4.46,4.7,4.7,3.74,3.14,3.14,2.66,2.12
892742,24,5,0,26,9,21,22,44,46,15,25,48,28,21,27,39,23,46,15,30,27,45,5,30,28,11,28,18,13,21,40,16,107.98,25.74,796,0.71,1.3,1.17,3.44,2.3,2.0,3.56,2.54,3.26,3.32,4.64,4.76,2.9,3.5,4.88,3.68,3.26,3.62,4.34
32334,11,4,39,50,29,4,35,19,42,34,34,43,34,32,35,22,19,6,6,2,47,14,9,34,7,44,25,29,20,19,11,44,87.61,26.47,803,0.51,1.32,0.95,2.66,2.24,4.34,5.0,3.74,2.24,4.1,3.14,4.52,4.04,4.04,4.58,4.04,3.92,4.1,3.32
409713,39,22,42,34,7,13,15,50,7,14,43,48,49,16,46,45,36,3,49,12,42,16,3,50,12,28,49,9,30,5,4,43,103.6,28.4,881,1.32,0.94,0.71,4.34,3.32,4.52,4.04,2.42,2.78,2.9,5.0,2.42,2.84,4.58,4.88,4.94,2.96,4.76,4.7
331190,44,19,10,46,7,15,26,43,15,24,47,26,10,3,25,23,8,32,17,6,10,26,6,1,29,5,7,1,5,15,7,0,141.52,18.13,558,1.03,0.63,0.85,4.64,3.14,2.6,4.76,2.42,2.9,3.56,4.58,2.9,3.44,4.82,3.56,2.6,2.18,3.5,3.38
954009,2,47,4,10,15,6,32,11,48,11,19,38,26,23,10,23,37,13,28,37,26,12,40,10,39,2,9,36,40,39,48,1,94.73,25.02,742,1.31,1.39,0.57,2.12,4.82,2.24,2.6,2.9,2.36,3.92,2.66,4.88,2.66,3.14,4.28,3.56,3.38,2.6,3.38
914422,41,23,42,45,46,38,36,48,33,36,9,29,19,9,45,38,49,25,7,10,34,3,50,47,31,40,23,0,47,31,22,42,146.56,33.12,998,1.34,0.83,0.77,4.46,3.38,4.52,4.7,4.76,4.28,4.16,4.88,3.98,4.16,2.54,3.74,3.14,2.54,4.7,4.28
123855,32,29,19,42,18,31,14,12,34,13,32,48,28,40,9,25,19,38,0,11,12,22,13,12,35,5,33,34,11,0,22,26,152.32,23.49,719,1.25,0.86,1.09,3.92,3.74,3.14,4.52,3.08,3.86,2.84,2.72,4.04,2.78,3.92,4.88,3.68,4.4,2.54,3.5
860067,25,0,10,36,11,11,11,45,20,4,30,41,34,30,8,15,2,23,30,39,35,12,37,26,42,2,21,0,8,12,2,35,91.05,21.13,657,1.09,0.59,0.8,3.5,2.0,2.6,4.16,2.66,2.66,2.66,4.7,3.2,2.24,3.8,4.46,4.04,3.8,2.48,2.9
695941,5,47,45,49,6,8,14,13,29,23,50,43,19,30,47,29,4,3,5,40,50,44,38,37,32,5,18,46,8,5,18,7,106.96,26.66,817,0.92,1.0,0.79,2.3,4.82,4.7,4.94,2.36,2.48,2.84,2.78,3.74,3.38,5.0,4.58,3.14,3.8,4.82,3.74
832821,48,20,37,45,5,10,17,37,39,6,3,43,37,34,0,34,29,45,14,11,17,20,16,36,35,46,5,23,45,19,24,6,149.11,26.58,806,1.11,0.62,1.06,4.88,3.2,4.22,4.7,2.3,2.6,3.02,4.22,4.34,2.36,2.18,4.58,4.22,4.04,2.0,4.04
572115,2,5,26,40,26,17,48,50,1,19,18,49,3,48,19,25,19,0,25,8,36,31,42,42,1,49,5,26,17,9,20,15,91.16,24.62,741,1.27,1.25,0.68,2.12,2.3,3.56,4.4,3.56,3.02,4.88,5.0,2.06,3.14,3.08,4.94,2.18,4.88,3.14,3.5
992252,42,14,2,28,10,9,35,23,23,28,13,10,0,26,26,15,36,24,28,27,35,16,19,21,34,20,30,37,38,19,27,0,82.83,23.83,715,0.85,0.56,0.6,4.52,2.84,2.12,3.68,2.6,2.54,4.1,3.38,3.38,3.68,2.78,2.6,2.0,3.56,3.56,2.9
288527,22,30,14,14,36,39,18,39,7,38,36,40,4,15,3,3,24,32,20,32,7,26,25,14,18,27,0,28,2,36,35,8,117.11,23.4,692,1.04,1.12,1.17,3.32,3.8,2.84,2.84,4.16,4.34,3.08,4.34,2.42,4.28,4.16,4.4,2.24,2.9,2.18,2.18
27437,42,2,33,12,3,11,49,27,6,5,50,2,14,19,9,43,34,49,27,5,38,26,36,49,50,31,9,6,4,4,32,45,107.07,26.12,772,1.33,1.17,1.04,4.52,2.12,3.98,2.72,2.18,2.66,4.94,3.62,2.36,2.3,5.0,2.12,2.84,3.14,2.54,4.58
26833,24,18,47,49,0,16,39,36,25,12,6,3,16,20,32,42,26,12,26,28,32,45,49,29,17,27,21,35,26,27,28,0,97.94,26.48,813,1.13,1.28,0.53,3.44,3.08,4.82,4.94,2.0,2.96,4.34,4.16,3.5,2.72,2.36,2.18,2.96,3.2,3.92,4.52
693920,7,2,13,33,16,25,20,15,27,27,27,21,43,26,20,44,11,21,30,28,11,40,21,43,50,47,11,24,43,44,35,34,111.49,27.98,859,1.43,0.97,0.67,2.42,2.12,2.78,3.98,2.96,3.5,3.2,2.9,3.62,3.62,3.62,3.26,4.58,3.56,3.2,4.64
947251,4,50,43,36,21,26,18,36,34,4,20,24,30,13,22,8,11,9,16,37,12,31,42,26,39,18,1,43,21,47,42,17,158.5,25.67,801,1.2,1.2,1.44,2.24,5.0,4.58,4.16,3.26,3.56,3.08,4.16,4.04,2.24,3.2,3.44,3.8,2.78,3.32,2.48
658423,24,29,0,5,0,43,25,46,40,38,43,21,37,31,8,16,21,17,19,38,12,49,22,23,19,11,21,42,38,36,6,17,120.55,25.03,797,0.76,0.84,0.92,3.44,3.74,2.0,2.3,2.0,4.58,3.5,4.76,4.4,4.28,4.58,3.26,4.22,3.86,2.48,2.96
343145,19,36,16,13,24,15,22,17,14,10,16,46,18,15,49,33,36,5,10,38,15,48,39,36,38,2,48,45,4,24,26,17,108.58,25.12,794,1.24,1.01,0.91,3.14,4.16,2.96,2.78,3.44,2.9,3.32,3.02,2.84,2.6,2.96,4.76,3.08,2.9,4.94,3.98
33176,29,24,25,12,18,24,45,1,29,16,17,50,20,3,7,19,47,27,47,24,18,30,32,33,14,42,3,10,43,24,45,46,117.2,26.12,824,0.57,0.56,1.15,3.74,3.44,3.5,2.72,3.08,3.44,4.7,2.06,3.74,2.96,3.02,5.0,3.2,2.18,2.42,3.14
442152,14,46,2,0,19,46,49,11,9,15,42,25,35,7,28,27,43,44,14,20,10,49,8,48,26,44,26,35,29,5,42,32,100.68,28.11,850,0.63,0.66,0.68,2.84,4.76,2.12,2.0,3.14,4.76,4.94,2.66,2.54,2.9,4.52,3.5,4.1,2.42,3.68,3.62
719659,11,27,29,11,17,28,15,38,7,31,15,4,33,0,40,17,20,23,16,36,48,33,12,35,3,28,28,42,41,35,42,32,87.83,25.95,797,0.61,0.91,1.26,2.66,3.62,3.74,2.66,3.02,3.68,2.9,4.28,2.42,3.86,2.9,2.24,3.98,2.0,4.4,3.02
182790,11,26,17,31,11,31,21,33,17,22,3,46,15,44,5,50,50,42,15,35,27,27,19,12,3,44,19,22,48,44,5,41,140.36,27.74,836,0.53,1.38,0.77,2.66,3.56,3.02,3.86,2.66,3.86,3.26,3.98,3.02,3.32,2.18,4.76,2.9,4.64,2.3,5.0
533911,24,33,30,36,9,14,9,25,38,6,36,3,18,23,25,12,23,43,29,22,16,21,35,18,0,40,13,9,22,36,36,49,85.98,25.28,753,0.98,1.28,1.47,3.44,3.98,3.8,4.16,2.54,2.84,2.54,3.5,4.28,2.36,4.16,2.18,3.08,3.38,3.5,2.72
215928,16,13,35,10,48,47,42,21,21,28,47,0,18,6,31,22,12,41,43,32,39,12,29,16,46,17,31,17,49,7,2,42,95.24,27.31,840,1.39,1.14,0.56,2.96,2.78,4.1,2.6,4.88,4.82,4.52,3.26,3.26,3.68,4.82,2.0,3.08,2.36,3.86,3.32
885765,10,48,35,36,13,3,31,48,3,0,32,37,35,34,38,26,34,38,15,24,0,27,42,42,4,37,19,4,12,27,21,24,104.38,26.2,799,0.82,0.78,0.83,2.6,4.88,4.1,4.16,2.78,2.18,3.86,4.88,2.18,2.0,3.92,4.22,4.1,4.04,4.28,3.56
604557,25,8,47,19,23,7,42,33,47,44,28,3,16,8,50,5,48,16,17,28,50,37,10,26,3,12,11,49,9,36,42,35,111.68,26.67,834,0.89,1.38,1.37,3.5,2.48,4.82,3.14,3.38,2.42,4.52,3.98,4.82,4.64,3.68,2.18,2.96,2.48,5.0,2.3
675714,32,30,37,35,39,5,33,28,39,25,21,8,19,14,28,11,32,42,6,30,13,22,28,5,27,44,5,46,34,27,9,19,151.77,26.1,793,0.68,0.6,0.67,3.92,3.8,4.22,4.1,4.34,2.3,3.98,3.68,4.34,3.5,3.26,2.48,3.14,2.84,3.68,2.66
106262,32,34,9,14,23,17,25,2,37,44,27,35,45,47,30,47,47,18,15,10,25,0,3,5,24,6,0,8,0,5,27,8,109.03,22.81,669,0.85,0.5,0.61,3.92,4.04,2.54,2.84,3.38,3.02,3.5,2.12,4.22,4.64,3.62,4.1,4.7,4.82,3.8,4.82
677069,34,46,8,24,48,50,50,8,7,45,4,5,37,43,43,32,25,37,4,40,31,12,13,44,24,26,35,2,50,28,34,4,112.88,28.11,893,0.98,1.38,1.28,4.04,4.76,2.48,3.44,4.88,5.0,5.0,2.48,2.42,4.7,2.24,2.3,4.22,4.58,4.58,3.92
662714,28,24,32,41,31,36,36,13,47,29,0,13,36,28,31,9,42,45,26,39,33,15,37,19,45,45,8,29,49,8,3,15,136.81,29.66,892,1.26,0.7,1.11,3.68,3.44,3.92,4.46,3.86,4.16,4.16,2.78,4.82,3.74,2.0,2.78,4.16,3.68,3.86,2.54
509888,22,14,22,49,25,16,34,49,50,5,47,21,41,11,3,36,33,28,0,17,29,43,37,22,0,12,30,19,49,34,29,4,101.46,26.42,831,0.83,1.37,0.56,3.32,2.84,3.32,4.94,3.5,2.96,4.04,4.94,5.0,2.3,4.82,3.26,4.46,2.66,2.18,4.16
794735,33,24,23,47,46,31,9,27,23,21,22,16,38,29,10,39,30,31,32,15,25,6,9,1,24,42,50,50,39,47,15,42,113.85,28.66,896,1.38,0.71,0.59,3.98,3.44,3.38,4.82,4.76,3.86,2.54,3.62,3.38,3.26,3.32,2.96,4.28,3.74,2.6,4.34
961573,24,16,21,38,15,1,1,12,10,42,25,38,33,41,21,20,19,1,42,15,49,16,14,17,14,15,47,11,33,19,20,36,117.97,22.88,726,0.56,1.18,1.37,3.44,2.96,3.26,4.28,2.9,2.06,2.06,2.72,2.6,4.52,3.5,4.28,3.98,4.46,3.26,3.2
632851,40,1,25,19,9,28,1,9,6,32,27,2,50,41,42,9,9,46,6,9,13,6,30,42,23,21,45,5,31,34,14,7,102.59,22.63,682,0.97,1.22,1.06,4.4,2.06,3.5,3.14,2.54,3.68,2.06,2.54,2.36,3.92,3.62,2.12,5.0,4.46,4.52,2.54
16326,18,14,30,37,48,50,47,23,17,32,25,3,5,47,22,8,21,18,33,40,30,3,20,38,34,33,49,5,6,43,13,16,102.64,26.58,828,1.12,1.31,0.76,3.08,2.84,3.8,4.22,4.88,5.0,4.82,3.38,3.02,3.92,3.5,2.18,2.3,4.82,3.32,2.48
265917,12,38,26,13,26,22,40,19,29,13,36,26,30,31,21,35,48,49,7,42,46,41,30,39,49,17,11,39,38,33,38,42,132.45,32.74,986,1.15,1.07,1.18,2.72,4.28,3.56,2.78,3.56,3.32,4.4,3.14,3.74,2.78,4.16,3.56,3.8,3.86,3.26,4.1
960621,3,23,49,48,45,23,3,40,49,30,19,38,1,30,42,45,48,3,6,42,31,44,38,25,8,15,46,21,40,23,41,37,92.24,30.28,956,0.67,1.38,0.66,2.18,3.38,4.94,4.88,4.7,3.38,2.18,4.4,4.94,3.8,3.14,4.28,2.06,3.8,4.52,4.7
101138,28,38,16,35,38,17,39,42,17,36,23,23,49,5,24,33,4,8,9,11,32,38,23,0,39,48,26,30,18,34,30,20,153.63,26.61,833,0.84,1.2,1.01,3.68,4.28,2.96,4.1,4.28,3.02,4.34,4.52,3.02,4.16,3.38,3.38,4.94,2.3,3.44,3.98
101424,43,12,28,19,47,40,10,18,48,31,13,38,36,32,31,44,45,4,35,46,8,21,25,42,24,34,46,27,16,24,46,20,143.05,30.27,953,0.82,0.98,1.19,4.58,2.72,3.68,3.14,4.82,4.4,2.6,3.08,4.88,3.86,2.78,4.28,4.16,3.92,3.86,4.64
664242,10,49,28,22,21,46,32,15,10,25,24,3,14,22,35,23,3,1,22,47,5,32,8,36,43,21,39,1,8,37,28,31,90.96,24.88,741,0.74,1.4,0.65,2.6,4.94,3.68,3.32,3.26,4.76,3.92,2.9,2.6,3.5,3.44,2.18,2.84,3.32,4.1,3.38
164684,0,33,49,19,3,19,36,1,25,40,14,27,22,36,33,50,15,41,5,43,10,46,11,37,12,33,5,10,46,50,1,47,150.31,27.44,819,0.61,0.71,1.35,2.0,3.98,4.94,3.14,2.18,3.14,4.16,2.06,3.5,4.4,2.84,3.62,3.32,4.16,3.98,5.0
378208,42,40,12,43,36,17,21,2,30,37,12,49,28,12,0,46,32,37,30,44,41,33,25,50,45,39,22,20,39,16,47,26,106.41,32.3,973,0.88,0.69,0.78,4.52,4.4,2.72,4.58,4.16,3.02,3.26,2.12,3.8,4.22,2.72,4.94,3.68,2.72,2.0,4.76
134741,4,21,26,34,13,31,5,26,18,43,31,43,11,7,43,27,38,47,19,24,4,4,16,26,47,49,17,35,11,29,32,27,148.71,26.28,808,1.46,1.06,1.42,2.24,3.26,3.56,4.04,2.78,3.86,2.3,3.56,3.08,4.58,3.86,4.58,2.66,2.42,4.58,3.62
138507,30,44,30,40,4,49,3,23,27,26,2,31,33,23,32,44,46,13,29,35,17,39,26,1,47,33,42,16,28,0,46,5,148.56,28.13,864,1.1,0.58,1.08,3.8,4.64,3.8,4.4,2.24,4.94,2.18,3.38,3.62,3.56,2.12,3.86,3.98,3.38,3.92,4.64
326016,45,35,23,31,21,25,48,10,12,10,24,16,48,7,9,50,2,46,48,10,3,39,29,29,20,17,19,2,4,23,40,18,138.0,24.12,763,1.0,1.5,0.53,4.7,4.1,3.38,3.86,3.26,3.5,4.88,2.6,2.72,2.6,3.44,2.96,4.88,2.42,2.54,5.0
982625,45,35,41,11,6,38,28,33,47,4,25,10,17,17,27,13,33,8,33,16,45,1,16,3,17,22,40,0,0,20,11,12,147.66,21.93,674,1.08,1.28,1.02,4.7,4.1,4.46,2.66,2.36,4.28,3.68,3.98,4.82,2.24,3.5,2.6,3.02,3.02,3.62,2.78
777821,47,34,14,0,29,33,16,9,49,15,36,0,5,29,36,25,20,2,49,43,36,11,4,16,32,40,42,41,46,26,19,4,121.89,26.95,808,1.14,1.41,0.81,4.82,4.04,2.84,2.0,3.74,3.98,2.96,2.54,4.94,2.9,4.16,2.0,2.3,3.74,4.16,3.5
634824,5,10,31,4,2,41,16,4,14,41,15,9,45,41,29,38,42,2,8,34,20,49,4,24,10,8,32,14,48,9,30,34,127.22,24.06,713,1.12,0.77,0.86,2.3,2.6,3.86,2.24,2.12,4.46,2.96,2.24,2.84,4.46,2.9,2.54,4.7,4.46,3.74,4.28
874538,36,14,30,32,33,35,32,40,6,42,47,50,34,35,39,3,15,26,4,16,37,33,11,41,33,20,19,38,23,50,26,26,149.88,30.32,926,0.51,0.96,0.65,4.16,2.84,3.8,3.92,3.98,4.1,3.92,4.4,2.36,4.52,4.82,5.0,4.04,4.1,4.34,2.18
550508,23,23,21,29,33,46,46,22,44,0,35,5,40,39,25,33,18,8,41,0,29,20,23,9,8,19,40,17,36,46,13,10,155.37,25.61,801,1.48,1.08,0.66,3.38,3.38,3.26,3.74,3.98,4.76,4.76,3.32,4.64,2.0,4.1,2.3,4.4,4.34,3.5,3.98
486010,6,12,45,7,26,49,17,29,38,9,0,34,44,37,44,21,10,13,34,2,10,34,19,3,25,19,17,32,20,8,8,19,115.42,22.25,691,1.44,0.58,1.46,2.36,2.72,4.7,2.42,3.56,4.94,3.02,3.74,4.28,2.54,2.0,4.04,4.64,4.22,4.64,3.26
606798,45,50,32,14,23,24,33,42,48,34,15,50,31,19,5,31,30,41,28,35,15,10,43,50,19,8,3,14,17,24,30,22,143.64,27.86,885,1.45,1.24,0.53,4.7,5.0,3.92,2.84,3.38,3.44,3.98,4.52,4.88,4.04,2.9,5.0,3.86,3.14,2.3,3.86
174901,17,33,50,1,1,18,22,9,24,5,21,35,49,42,47,26,48,27,30,30,19,35,35,46,11,2,45,0,47,31,34,10,137.38,28.47,850,0.72,1.21,1.46,3.02,3.98,5.0,2.06,2.06,3.08,3.32,2.54,3.44,2.3,3.26,4.1,4.94,4.52,4.82,3.56
722285,38,19,16,49,20,30,25,42,0,27,26,12,35,26,2,34,29,23,46,2,3,42,20,4,49,27,15,37,33,31,50,20,122.18,27.63,832,0.76,1.44,1.33,4.28,3.14,2.96,4.94,3.2,3.8,3.5,4.52,2.0,3.62,3.56,2.72,4.1,3.56,2.12,4.04
746476,24,28,17,29,19,26,36,40,49,45,1,17,4,19,29,31,5,26,47,4,42,37,26,6,21,12,36,14,0,24,48,19,99.82,26.03,781,1.23,0.75,1.31,3.44,3.68,3.02,3.74,3.14,3.56,4.16,4.4,4.94,4.7,2.06,3.02,2.24,3.14,3.74,3.86
634806,12,12,45,17,18,15,43,18,50,46,44,43,11,39,42,45,28,49,28,39,5,6,12,35,2,11,7,49,12,46,39,45,114.86,29.7,913,0.77,1.25,0.64,2.72,2.72,4.7,3.02,3.08,2.9,4.58,3.08,5.0,4.76,4.64,4.58,2.66,4.34,4.52,4.7
784215,18,5,32,27,11,7,28,20,48,43,46,19,14,22,40,0,13,20,15,1,9,22,4,3,26,38,3,0,48,7,5,5,149.7,20.23,599,0.93,1.14,1.23,3.08,2.3,3.92,3.62,2.66,2.42,3.68,3.2,4.88,4.58,4.76,3.14,2.84,3.32,4.4,2.0
605572,15,30,17,3,10,24,7,10,46,36,49,41,46,9,27,11,0,0,41,28,12,12,3,9,40,6,10,26,33,7,46,22,103.23,21.87,676,0.59,1.19,1.0,2.9,3.8,3.02,2.18,2.6,3.44,2.42,2.6,4.76,4.16,4.94,4.46,4.76,2.54,3.62,2.66
236418,41,2,24,6,31,9,41,10,3,50,34,6,7,21,11,14,11,8,48,26,47,38,34,21,7,10,27,6,46,7,1,8,98.53,20.64,655,0.81,1.18,0.97,4.46,2.12,3.44,2.36,3.86,2.54,4.46,2.6,2.18,5.0,4.04,2.36,2.42,3.26,2.66,2.84
479837,32,5,1,1,29,41,12,44,6,10,1,36,41,33,43,25,49,19,20,42,38,28,8,24,33,29,23,25,33,29,36,13,155.07,27.13,809,1.1,1.01,1.14,3.92,2.3,2.06,2.06,3.74,4.46,2.72,4.64,2.36,2.6,2.06,4.16,4.46,3.98,4.58,3.5
262321,31,19,7,44,50,41,5,1,3,32,31,17,50,34,30,37,4,8,46,2,35,24,19,26,9,26,48,41,37,15,11,45,100.28,26.99,828,0.61,1.45,1.33,3.86,3.14,2.42,4.64,5.0,4.46,2.3,2.06,2.18,3.92,3.86,3.02,5.0,4.04,3.8,4.22
6868,32,9,13,34,32,28,2,18,5,30,46,19,42,40,24,10,18,13,41,20,16,28,29,16,13,8,28,39,31,41,36,39,144.85,25.73,800,1.32,1.38,1.09,3.92,2.54,2.78,4.04,3.92,3.68,2.12,3.08,2.3,3.8,4.76,3.14,4.52,4.4,3.44,2.6
578647,22,27,19,39,8,50,47,20,24,11,46,42,11,46,30,6,32,39,43,44,42,12,47,17,2,32,9,12,20,20,44,6,153.57,27.27,869,0.93,0.64,0.92,3.32,3.62,3.14,4.34,2.48,5.0,4.82,3.2,3.44,2.66,4.76,4.52,2.66,4.76,3.8,2.36
665477,33,44,29,2,47,14,18,14,15,35,8,30,19,17,44,22,28,41,40,49,27,17,38,8,9,21,21,49,21,33,31,43,116.58,29.03,867,1.32,1.35,0.69,3.98,4.64,3.74,2.12,4.82,2.84,3.08,2.84,2.9,4.1,2.48,3.8,3.14,3.02,4.64,3.32
661021,49,18,35,20,21,20,38,21,31,23,40,27,30,46,23,50,50,10,10,49,0,0,31,47,37,48,38,20,12,30,15,8,141.43,29.66,897,1.14,1.23,0.74,4.94,3.08,4.1,3.2,3.26,3.2,4.28,3.26,3.86,3.38,4.4,3.62,3.8,4.76,3.38,5.0
960932,36,50,43,4,9,1,50,16,34,31,5,41,32,3,29,50,6,35,8,37,49,29,42,0,31,10,22,17,9,37,27,13,138.68,25.4,806,0.83,1.27,0.6,4.16,5.0,4.58,2.24,2.54,2.06,5.0,2.96,4.04,3.86,2.3,4.46,3.92,2.18,3.74,5.0
248076,49,18,26,10,3,2,38,4,28,6,50,12,38,35,8,2,39,34,15,45,0,6,46,49,49,7,31,49,14,47,34,3,130.99,25.48,797,1.0,1.23,1.17,4.94,3.08,3.56,2.6,2.18,2.12,4.28,2.24,3.68,2.36,5.0,2.72,4.28,4.1,2.48,2.12
454352,25,16,21,44,14,46,7,19,46,46,21,35,45,19,41,37,12,48,35,22,11,39,40,1,33,10,36,30,37,24,45,40,129.76,29.84,945,0.63,0.58,0.67,3.5,2.96,3.26,4.64,2.84,4.76,2.42,3.14,4.76,4.76,3.26,4.1,4.7,3.14,4.46,4.22
304994,24,15,1,37,43,34,25,22,32,25,9,29,36,47,46,23,17,9,50,40,0,23,14,8,42,10,5,47,42,31,24,19,143.77,27.84,829,1.03,0.68,0.54,3.44,2.9,2.06,4.22,4.58,4.04,3.5,3.32,3.92,3.5,2.54,3.74,4.16,4.82,4.76,3.38
168814,19,9,29,1,47,33,2,2,28,49,32,17,19,41,14,2,31,17,4,40,6,3,46,23,11,7,12,5,25,9,21,45,109.39,21.16,649,1.07,0.84,0.84,3.14,2.54,3.74,2.06,4.82,3.98,2.12,2.12,3.68,4.94,3.92,3.02,3.14,4.46,2.84,2.12
877317,4,20,44,43,9,38,30,8,25,34,31,26,30,2,20,30,1,12,30,42,31,9,14,50,11,19,48,44,18,21,45,37,136.51,27.7,826,1.31,1.18,1.18,2.24,3.2,4.64,4.58,2.54,4.28,3.8,2.48,3.5,4.04,3.86,3.56,3.8,2.12,3.2,3.8
853334,25,23,22,34,36,46,38,15,41,35,47,26,38,47,4,5,41,12,17,50,32,2,14,30,49,11,46,37,2,11,18,0,146.94,28.61,854,1.05,0.87,1.21,3.5,3.38,3.32,4.04,4.16,4.76,4.28,2.9,4.46,4.1,4.82,3.56,4.28,4.82,2.24,2.3
388382,9,3,9,16,47,47,19,47,27,16,9,17,18,48,42,47,47,36,45,17,38,8,37,17,44,16,10,49,35,17,25,3,159.86,28.81,865,0.69,0.7,1.48,2.54,2.18,2.54,2.96,4.82,4.82,3.14,4.82,3.62,2.96,2.54,3.02,3.08,4.88,4.52,4.82
749971,39,40,29,10,48,43,12,47,37,36,2,31,23,4,44,28,13,48,15,22,17,19,15,42,2,27,32,35,21,19,45,24,145.44,28.47,869,0.92,0.67,1.39,4.34,4.4,3.74,2.6,4.88,4.58,2.72,4.82,4.22,4.16,2.12,3.86,3.38,2.24,4.64,3.68
440382,23,6,33,22,31,47,27,24,26,22,1,14,43,12,2,43,48,49,14,7,7,50,17,25,22,48,37,31,15,4,23,48,143.1,27.46,821,0.92,0.85,0.51,3.38,2.36,3.98,3.32,3.86,4.82,3.62,3.44,3.56,3.32,2.06,2.84,4.58,2.72,2.12,4.58
525747,20,21,29,43,45,28,42,36,23,26,23,29,40,31,11,25,17,8,20,18,9,8,2,2,33,32,7,19,50,33,21,44,112.2,25.46,795,0.75,1.0,1.46,3.2,3.26,3.74,4.58,4.7,3.68,4.52,4.16,3.38,3.56,3.38,3.74,4.4,3.86,2.66,3.5
129868,25,8,49,4,33,18,2,32,3,18,6,36,35,11,1,27,42,18,18,25,14,30,31,43,1,42,44,18,22,3,26,14,98.87,22.67,699,0.92,1.21,1.18,3.5,2.48,4.94,2.24,3.98,3.08,2.12,3.92,2.18,3.08,2.36,4.16,4.1,2.66,2.06,3.62
839707,49,15,38,14,15,37,30,10,0,6,14,0,7,32,32,39,49,3,44,23,39,32,6,30,43,15,10,10,22,40,45,26,149.65,25.59,775,1.09,1.09,0.51,4.94,2.9,4.28,2.84,2.9,4.22,3.8,2.6,2.0,2.36,2.84,2.0,2.42,3.92,3.92,4.34
908069,4,18,29,38,17,18,27,44,20,45,26,8,46,42,18,21,7,44,20,38,15,1,32,41,3,36,27,45,31,5,12,1,89.92,26.06,779,0.71,1.36,0.57,2.24,3.08,3.74,4.28,3.02,3.08,3.62,4.64,3.2,4.7,3.56,2.48,4.76,4.52,3.08,3.26
271127,7,15,32,27,14,18,30,25,27,13,30,12,9,43,6,36,41,32,9,17,7,12,23,36,30,12,1,35,4,47,16,20,135.94,22.53,686,0.57,1.26,0.98,2.42,2.9,3.92,3.62,2.84,3.08,3.8,3.5,3.62,2.78,3.8,2.72,2.54,4.58,2.36,4.16
809144,12,37,38,29,50,13,18,43,36,36,39,6,37,1,7,26,14,25,40,47,16,49,26,25,28,32,45,18,28,34,24,15,107.01,28.09,894,0.74,0.75,0.92,2.72,4.22,4.28,3.74,5.0,2.78,3.08,4.58,4.16,4.16,4.34,2.36,4.22,2.06,2.42,3.56
567682,39,23,12,14,18,32,37,14,21,50,29,29,42,44,24,1,9,34,39,44,24,28,29,3,2,45,37,31,34,36,2,28,113.06,27.23,854,0.9,0.72,0.51,4.34,3.38,2.72,2.84,3.08,3.92,4.22,2.84,3.26,5.0,3.74,3.74,4.52,4.64,3.44,2.06
773484,35,39,36,39,15,8,46,21,43,21,26,17,24,46,6,0,45,45,50,25,3,1,25,44,47,32,1,37,16,41,43,22,131.49,29.12,899,1.35,1.02,1.43,4.1,4.34,4.16,4.34,2.9,2.48,4.76,3.26,4.58,3.26,3.56,3.02,3.44,4.76,2.36,2.0
912225,14,10,29,11,48,12,4,13,29,19,48,14,34,50,44,36,49,20,9,33,31,2,28,5,0,32,48,16,7,3,3,24,89.48,22.95,725,0.65,1.3,0.54,2.84,2.6,3.74,2.66,4.88,2.72,2.24,2.78,3.74,3.14,4.88,2.84,4.04,5.0,4.64,4.16
930321,25,22,27,29,34,49,40,9,29,18,20,50,49,28,42,23,3,47,46,47,46,13,14,44,16,5,17,45,6,16,35,38,95.37,29.27,932,1.48,0.67,0.56,3.5,3.32,3.62,3.74,4.04,4.94,4.4,2.54,3.74,3.08,3.2,5.0,4.94,3.68,4.52,3.38
306781,40,3,10,19,29,28,3,29,1,42,50,41,44,30,38,29,42,12,30,43,44,9,4,22,37,24,36,10,17,39,42,44,157.82,28.71,891,1.08,1.48,1.09,4.4,2.18,2.6,3.14,3.74,3.68,2.18,3.74,2.06,4.52,5.0,4.46,4.64,3.8,4.28,3.74
304294,13,34,5,32,25,40,12,31,27,29,24,36,34,36,14,18,1,20,14,19,5,26,21,11,48,3,14,38,16,49,19,50,151.06,25.18,764,0.65,0.64,1.03,2.78,4.04,2.3,3.92,3.5,4.4,2.72,3.86,3.62,3.74,3.44,4.16,4.04,4.16,2.84,3.08
459218,22,10,4,15,35,4,8,12,48,48,27,36,15,17,30,9,18,26,40,31,2,1,8,30,20,7,21,5,15,18,12,40,143.84,20.67,634,1.04,1.46,0.64,3.32,2.6,2.24,2.9,4.1,2.24,2.48,2.72,4.88,4.88,3.62,4.16,2.9,3.02,3.8,2.54
119485,5,1,3,2,43,25,29,27,42,22,26,44,3,29,34,14,2,40,9,10,12,43,3,36,2,6,11,49,34,35,33,4,106.51,21.82,678,0.91,0.99,0.66,2.3,2.06,2.18,2.12,4.58,3.5,3.74,3.62,4.52,3.32,3.56,4.64,2.18,3.74,4.04,2.84
901350,26,27,50,28,8,19,16,41,38,4,31,9,36,10,14,1,18,48,15,2,23,44,28,29,15,28,11,47,50,42,33,46,123.68,27.11,837,0.53,1.45,0.96,3.56,3.62,5.0,3.68,2.48,3.14,2.96,4.46,4.28,2.24,3.86,2.54,4.16,2.6,2.84,2.06
895381,43,38,31,45,16,41,45,22,5,48,19,29,13,18,12,0,38,16,17,19,6,47,19,49,27,2,2,36,49,46,9,47,133.37,28.22,854,1.42,0.99,0.74,4.58,4.28,3.86,4.7,2.96,4.46,4.7,3.32,2.3,4.88,3.14,3.74,2.78,3.08,2.72,2.0
405061,49,23,33,47,43,5,4,8,43,40,49,16,24,29,25,2,30,3,45,1,13,34,40,32,49,24,45,17,16,17,19,14,82.44,26.79,839,0.68,1.48,1.27,4.94,3.38,3.98,4.82,4.58,2.3,2.24,2.48,4.58,4.4,4.94,2.96,3.44,3.74,3.5,2.12
447190,25,15,0,19,37,19,39,39,4,22,29,26,29,5,30,19,41,17,49,16,35,16,33,15,37,0,17,39,2,43,34,39,137.78,24.92,790,1.01,0.59,0.81,3.5,2.9,2.0,3.14,4.22,3.14,4.34,4.34,2.24,3.32,3.74,3.56,3.74,2.3,3.8,3.14
271086,14,16,22,38,27,9,41,12,0,47,1,41,26,0,44,20,27,46,16,19,12,45,9,3,25,47,3,36,18,23,39,3,111.77,24.06,729,1.25,1.38,0.6,2.84,2.96,3.32,4.28,3.62,2.54,4.46,2.72,2.0,4.82,2.06,4.46,3.56,2.0,4.64,3.2
303055,2,17,27,0,45,1,48,26,9,41,48,41,3,34,23,24,27,47,47,28,10,23,10,24,46,49,0,29,13,21,25,50,100.44,26.29,838,1.07,1.31,0.7,2.12,3.02,3.62,2.0,4.7,2.06,4.88,3.56,2.54,4.46,4.88,4.46,2.18,4.04,3.38,3.44
409908,34,0,25,38,6,21,7,22,21,28,27,36,5,2,43,27,49,19,32,34,21,3,47,10,45,47,0,11,13,27,20,34,159.74,25.34,754,0.52,0.9,1.09,4.04,2.0,3.5,4.28,2.36,3.26,2.42,3.32,3.26,3.68,3.62,4.16,2.3,2.12,4.58,3.62
160345,2,12,19,14,40,12,34,16,13,29,1,31,49,27,20,13,0,33,8,43,7,26,18,16,31,18,24,46,13,11,5,5,140.09,21.63,636,0.88,0.68,1.46,2.12,2.72,3.14,2.84,4.4,2.72,4.04,2.96,2.78,3.74,2.06,3.86,4.94,3.62,3.2,2.78
947952,46,47,35,35,43,20,21,49,4,29,48,15,16,34,10,9,19,26,48,17,15,9,48,46,24,1,35,30,39,4,1,36,156.89,28.43,859,1.06,0.53,0.86,4.76,4.82,4.1,4.1,4.58,3.2,3.26,4.94,2.24,3.74,4.88,2.9,2.96,4.04,2.6,2.54
826292,18,4,22,36,34,30,12,40,13,34,0,39,37,49,48,35,33,32,4,11,37,39,15,31,22,46,18,42,33,6,31,33,121.23,28.24,884,0.77,0.57,0.82,3.08,2.24,3.32,4.16,4.04,3.8,2.72,4.4,2.78,4.04,2.0,4.34,4.22,4.94,4.88,4.1
242987,26,30,11,33,39,8,37,49,8,26,3,38,31,10,28,17,10,14,18,13,34,11,23,46,26,42,26,34,26,48,15,11,104.34,25.31,791,0.58,1.19,1.05,3.56,3.8,2.66,3.98,4.34,2.48,4.22,4.94,2.48,3.56,2.18,4.28,3.86,2.6,3.68,3.02
867004,12,9,4,37,17,39,41,5,28,3,20,25,24,1,6,5,1,2,10,43,17,30,21,14,27,50,11,26,42,36,50,18,110.12,21.79,674,1.5,0.63,0.59,2.72,2.54,2.24,4.22,3.02,4.34,4.46,2.3,3.68,2.18,3.2,3.5,3.44,2.06,2.36,2.3
472003,24,39,49,39,43,17,21,13,24,23,21,28,11,2,16,36,6,19,27,13,25,12,39,4,41,10,40,0,38,36,21,39,114.15,24.72,776,1.11,0.76,0.53,3.44,4.34,4.94,4.34,4.58,3.02,3.26,2.78,3.44,3.38,3.26,3.68,2.66,2.12,2.96,4.16
487093,15,9,44,26,17,34,3,9,22,0,20,23,35,12,46,44,1,50,4,43,16,12,38,7,46,21,38,21,42,3,14,36,134.42,23.98,751,1.49,1.07,0.65,2.9,2.54,4.64,3.56,3.02,4.04,2.18,2.54,3.32,2.0,3.2,3.38,4.1,2.72,4.76,4.64
566595,18,29,14,49,10,30,14,39,41,31,37,23,30,27,45,33,16,22,0,27,40,29,19,35,11,12,38,45,4,7,43,38,83.0,28.1,856,1.16,1.21,1.12,3.08,3.74,2.84,4.94,2.6,3.8,2.84,4.34,4.46,3.86,4.22,3.38,3.8,3.62,4.7,3.98
911118,12,41,46,15,26,8,34,47,36,10,23,42,49,3,33,23,31,20,34,10,50,49,32,43,50,24,0,37,29,48,9,34,120.66,30.73,948,1.38,1.02,1.07,2.72,4.46,4.76,2.9,3.56,2.48,4.04,4.82,4.16,2.6,3.38,4.52,4.94,2.18,3.98,3.38
988929,8,3,25,42,32,25,21,29,16,29,26,10,39,49,39,42,21,46,9,5,8,11,22,12,8,15,23,6,12,44,30,7,125.9,22.51,714,0.88,0.72,1.41,2.48,2.18,3.5,4.52,3.92,3.5,3.26,3.74,2.96,3.74,3.56,2.6,4.34,4.94,4.34,4.52
562552,2,47,2,42,28,2,19,48,15,31,31,44,15,18,15,14,6,10,30,0,35,47,48,24,12,10,21,13,0,3,30,12,149.95,21.98,674,0.6,0.61,1.18,2.12,4.82,2.12,4.52,3.68,2.12,3.14,4.88,2.9,3.86,3.86,4.64,2.9,3.08,2.9,2.84
102911,46,24,37,17,20,4,19,1,49,3,8,34,15,40,33,35,18,22,39,44,1,16,28,43,21,15,40,2,26,4,48,19,147.62,24.79,771,1.04,0.97,0.8,4.76,3.44,4.22,3.02,3.2,2.24,3.14,2.06,4.94,2.18,2.48,4.04,2.9,4.4,3.98,4.1
660710,43,23,33,13,11,11,5,2,20,36,4,21,5,1,14,20,18,3,9,40,26,30,5,43,10,43,9,5,32,4,14,21,108.68,19.69,574,0.53,1.04,1.34,4.58,3.38,3.98,2.78,2.66,2.66,2.3,2.12,3.2,4.16,2.24,3.26,2.3,2.06,2.84,3.2
193268,31,47,48,9,20,36,38,35,44,29,17,10,40,44,50,15,40,38,42,37,45,43,29,2,25,49,12,32,10,49,35,26,102.12,32.93,1027,0.6,1.44,1.14,3.86,4.82,4.88,2.54,3.2,4.16,4.28,4.1,4.64,3.74,3.02,2.6,4.4,4.64,5.0,2.9
229659,24,41,30,13,4,26,17,3,36,33,12,5,6,49,11,40,42,23,49,32,40,9,37,15,19,1,25,47,8,6,49,37,143.45,26.12,789,1.08,1.29,1.26,3.44,4.46,3.8,2.78,2.24,3.56,3.02,2.18,4.16,3.98,2.72,2.3,2.36,4.94,2.66,4.4
897587,34,3,45,5,27,1,3,41,12,8,7,16,11,27,50,25,18,12,7,10,39,1,28,40,47,25,37,39,19,2,24,21,142.24,21.92,684,0.87,1.1,0.97,4.04,2.18,4.7,2.3,3.62,2.06,2.18,4.46,2.72,2.48,2.42,2.96,2.66,3.62,5.0,3.5
875865,26,21,41,0,17,12,46,0,37,2,23,29,15,2,33,33,33,22,24,25,38,30,19,38,31,43,18,30,29,15,25,28,104.48,25.64,785,0.61,1.04,1.19,3.56,3.26,4.46,2.0,3.02,2.72,4.76,2.0,4.22,2.12,3.38,3.74,2.9,2.12,3.98,3.98
572180,42,19,46,23,16,37,17,23,33,9,32,6,49,36,4,34,40,14,2,39,9,21,39,2,34,4,29,29,13,4,31,14,113.69,24.6,750,0.64,1.3,0.94,4.52,3.14,4.76,3.38,2.96,4.22,3.02,3.38,3.98,2.54,3.92,2.36,4.94,4.16,2.24,4.04
891312,41,24,3,22,37,12,27,17,25,27,15,50,49,43,35,44,34,39,37,12,28,28,24,29,27,1,15,37,25,43,25,20,133.75,29.19,895,1.22,1.35,0.83,4.46,3.44,2.18,3.32,4.22,2.72,3.62,3.02,3.5,3.62,2.9,5.0,4.94,4.58,4.1,4.64
728792,49,20,47,19,37,23,41,39,38,18,40,50,11,7,5,31,43,23,29,7,17,4,35,15,21,26,45,27,50,6,32,8,91.57,28.92,863,1.39,1.38,1.16,4.94,3.2,4.82,3.14,4.22,3.38,4.46,4.34,4.28,3.08,4.4,5.0,2.66,2.42,2.3,3.86
517084,12,23,24,41,1,41,5,1,39,21,49,47,48,34,3,43,40,26,21,38,25,47,42,43,23,24,11,17,34,20,20,29,118.89,28.85,892,0.83,0.84,0.62,2.72,3.38,3.44,4.46,2.06,4.46,2.3,2.06,4.34,3.26,4.94,4.82,4.88,4.04,2.18,4.58
690641,43,31,46,33,11,11,32,0,49,10,45,33,5,35,24,21,10,2,45,40,50,13,26,48,38,39,23,0,12,48,41,21,151.18,27.81,885,0.92,1.44,1.14,4.58,3.86,4.76,3.98,2.66,2.66,3.92,2.0,4.94,2.6,4.7,3.98,2.3,4.1,3.44,3.26
429405,30,33,2,37,46,35,48,50,12,13,48,5,8,11,32,17,15,9,43,35,11,45,48,44,15,7,32,5,11,7,1,40,90.89,25.01,795,1.35,1.44,1.07,3.8,3.98,2.12,4.22,4.76,4.1,4.88,5.0,2.72,2.78,4.88,2.3,2.48,2.66,3.92,3.02
782121,8,11,36,26,48,2,30,39,15,20,23,22,29,49,13,11,35,47,21,27,42,4,35,17,10,31,39,38,27,7,3,6,98.56,24.32,771,1.23,0.9,0.78,2.48,2.66,4.16,3.56,4.88,2.12,3.8,4.34,2.9,3.2,3.38,3.32,3.74,4.94,2.78,2.66
428039,23,4,4,6,29,29,43,37,40,0,13,32,11,1,36,2,22,4,41,44,42,26,19,14,5,22,2,22,10,34,9,12,145.19,20.95,638,0.52,0.91,1.47,3.38,2.24,2.24,2.36,3.74,3.74,4.58,4.22,4.4,2.0,2.78,3.92,2.66,2.06,4.16,2.12
39049,19,47,18,2,0,30,47,32,44,20,18,16,11,37,20,25,2,4,28,30,40,4,11,44,34,19,30,49,20,5,49,3,139.96,24.41,758,1.21,0.77,0.99,3.14,4.82,3.08,2.12,2.0,3.8,4.82,3.92,4.64,3.2,3.08,2.96,2.66,4.22,3.2,3.5
959162,28,15,27,29,8,36,12,12,23,2,14,2,42,44,27,19,0,29,12,31,28,33,45,44,41,40,27,8,10,1,36,16,139.74,24.02,741,0.69,1.34,1.45,3.68,2.9,3.62,3.74,2.48,4.16,2.72,2.72,3.38,2.12,2.84,2.12,4.52,4.64,3.62,3.14
164303,11,22,17,37,39,27,48,27,17,44,50,49,6,46,4,35,15,21,12,21,14,37,12,39,47,48,29,46,22,7,5,11,95.54,28.2,865,1.35,1.39,0.69,2.66,3.32,3.02,4.22,4.34,3.62,4.88,3.62,3.02,4.64,5.0,4.94,2.36,4.76,2.24,4.1
799586,48,50,30,3,22,7,38,47,34,12,16,11,40,16,17,4,48,17,2,17,33,39,12,25,28,29,7,1,18,36,33,2,89.67,24.97,742,0.69,0.86,0.59,4.88,5.0,3.8,2.18,3.32,2.42,4.28,4.82,4.04,2.72,2.96,2.66,4.4,2.96,3.02,2.24
302550,24,14,15,41,1,32,48,29,16,42,33,5,9,26,6,16,27,4,31,36,8,16,38,48,14,28,26,4,12,47,31,23,97.31,23.89,750,1.15,0.91,1.23,3.44,2.84,2.9,4.46,2.06,3.92,4.88,3.74,2.96,4.52,3.98,2.3,2.54,3.56,2.36,2.96
519761,33,0,44,19,8,32,27,14,11,1,22,39,13,24,28,25,34,5,49,1,17,24,34,3,7,42,2,44,11,38,31,1,126.75,21.95,683,0.78,1.17,1.42,3.98,2.0,4.64,3.14,2.48,3.92,3.62,2.84,2.66,2.06,3.32,4.34,2.78,3.44,3.68,3.5
49397,20,36,14,2,6,25,5,33,35,4,21,0,18,50,47,11,12,16,28,37,46,1,29,32,17,50,18,50,48,44,14,5,105.59,24.44,774,1.42,0.86,0.77,3.2,4.16,2.84,2.12,2.36,3.5,2.3,3.98,4.1,2.24,3.26,2.0,3.08,5.0,4.82,2.66
806343,14,0,11,47,41,27,13,43,23,16,49,33,1,43,33,4,39,25,34,50,16,46,38,33,1,45,42,49,25,46,10,50,110.81,31.4,947,1.07,0.97,0.79,2.84,2.0,2.66,4.82,4.46,3.62,2.78,4.58,3.38,2.96,4.94,3.98,2.06,4.58,3.98,2.24
738246,7,30,18,16,4,6,37,9,33,5,32,30,39,29,13,5,0,33,14,47,41,47,9,14,32,38,10,40,2,31,28,23,143.03,23.63,722,1.29,1.4,0.58,2.42,3.8,3.08,2.96,2.24,2.36,4.22,2.54,3.98,2.3,3.92,3.8,4.34,3.74,2.78,2.3
449949,45,7,10,9,19,22,29,48,43,46,12,19,34,44,38,20,23,13,20,10,36,6,15,48,2,40,34,34,31,41,28,44,140.62,28.8,870,0.64,0.87,1.17,4.7,2.42,2.6,2.54,3.14,3.32,3.74,4.88,4.58,4.76,2.72,3.14,4.04,4.64,4.28,3.2
666464,8,10,40,41,16,44,28,43,25,27,1,2,19,10,5,46,22,17,10,27,3,12,29,23,11,23,12,50,37,5,10,20,84.76,22.67,676,1.29,0.78,0.72,2.48,2.6,4.4,4.46,2.96,4.64,3.68,4.58,3.5,3.62,2.06,2.12,3.14,2.6,2.3,4.76
952849,15,29,31,39,5,50,34,18,37,12,50,10,1,18,27,38,30,30,24,37,45,47,6,17,8,0,45,12,37,0,18,33,97.85,26.67,803,1.13,1.14,0.79,2.9,3.74,3.86,4.34,2.3,5.0,4.04,3.08,4.22,2.72,5.0,2.6,2.06,3.08,3.62,4.28
359182,40,33,45,11,9,10,14,39,12,10,33,11,35,28,5,9,14,5,12,12,23,33,50,43,42,4,7,24,1,29,18,38,135.2,23.59,699,1.46,1.14,0.8,4.4,3.98,4.7,2.66,2.54,2.6,2.84,4.34,2.72,2.6,3.98,2.66,4.1,3.68,2.3,2.54
789485,19,0,30,0,5,20,10,32,11,31,26,32,41,15,39,21,21,37,9,35,35,38,17,11,14,47,26,18,31,49,46,18,103.39,25.29,784,1.43,1.17,0.86,3.14,2.0,3.8,2.0,2.3,3.2,2.6,3.92,2.66,3.86,3.56,3.92,4.46,2.9,4.34,3.26
159329,33,29,45,32,18,16,38,10,46,2,4,41,8,12,34,2,27,15,48,16,13,11,19,11,10,48,44,12,8,44,16,38,99.81,24.69,750,1.24,0.79,1.43,3.98,3.74,4.7,3.92,3.08,2.96,4.28,2.6,4.76,2.12,2.24,4.46,2.48,2.72,4.04,2.12
291896,27,24,1,9,36,10,13,48,41,49,50,36,16,50,30,4,0,24,0,12,33,8,21,50,17,8,1,22,22,48,13,13,129.53,23.14,736,0.62,0.57,1.04,3.62,3.44,2.06,2.54,4.16,2.6,2.78,4.88,4.46,4.94,5.0,4.16,2.96,5.0,3.8,2.24
500289,33,22,23,34,28,41,26,45,50,34,18,0,12,32,7,23,25,23,48,41,37,38,43,16,26,22,15,24,16,3,37,24,139.02,27.65,866,0.6,0.93,0.57,3.98,3.32,3.38,4.04,3.68,4.46,3.56,4.7,5.0,4.04,3.08,2.0,2.72,3.92,2.42,3.38
772956,17,24,39,42,27,32,29,8,25,40,21,4,10,9,48,20,10,16,1,40,24,15,41,25,40,18,12,1,40,40,40,37,88.67,26.03,795,0.54,1.47,1.35,3.02,3.44,4.34,4.52,3.62,3.92,3.74,2.48,3.5,4.4,3.26,2.24,2.6,2.54,4.88,3.2
824919,8,32,30,19,30,36,42,29,3,1,39,6,14,31,41,49,16,25,37,20,0,42,26,11,0,50,38,15,19,44,12,45,88.1,25.77,810,0.6,1.43,1.39,2.48,3.92,3.8,3.14,3.8,4.16,4.52,3.74,2.18,2.06,4.34,2.36,2.84,3.86,4.46,4.94
373935,32,25,3,43,15,7,49,37,39,41,29,41,24,48,5,13,46,23,8,46,30,34,32,44,43,15,31,26,48,35,41,24,119.06,31.48,977,0.77,0.66,1.44,3.92,3.5,2.18,4.58,2.9,2.42,4.94,4.22,4.34,4.46,3.74,4.46,3.44,4.88,2.3,2.78
397763,27,28,41,30,48,22,19,42,23,31,20,20,11,1,29,29,48,6,26,25,34,15,13,7,4,18,5,1,13,11,41,21,99.92,23.52,709,0.73,0.64,0.52,3.62,3.68,4.46,3.8,4.88,3.32,3.14,4.52,3.38,3.86,3.2,3.2,2.66,2.06,3.74,3.74
328986,8,24,14,28,16,41,5,46,46,39,40,45,13,16,42,9,49,1,10,34,34,17,30,44,25,1,14,2,12,32,48,47,90.5,26.48,832,0.59,1.2,1.42,2.48,3.44,2.84,3.68,2.96,4.46,2.3,4.76,4.76,4.34,4.4,4.7,2.78,2.96,4.52,2.54
845267,39,15,17,9,21,45,28,30,28,0,25,20,6,36,41,50,39,7,35,39,41,14,46,0,0,0,27,45,48,12,2,21,103.99,26.31,786,1.11,0.79,1.48,4.34,2.9,3.02,2.54,3.26,4.7,3.68,3.8,3.68,2.0,3.5,3.2,2.36,4.16,4.46,5.0
483993,34,37,26,9,46,31,19,9,42,41,40,33,27,43,23,10,48,32,17,8,11,11,41,39,25,32,32,42,16,31,29,43,152.45,30.44,927,0.52,0.81,0.75,4.04,4.22,3.56,2.54,4.76,3.86,3.14,2.54,4.52,4.46,4.4,3.98,3.62,4.58,3.38,2.6
524238,0,23,11,35,8,11,13,46,10,15,47,45,22,29,6,34,31,45,39,46,22,1,39,33,34,9,8,33,8,2,50,41,119.55,25.09,796,0.91,0.72,0.98,2.0,3.38,2.66,4.1,2.48,2.66,2.78,4.76,2.6,2.9,4.82,4.7,3.32,3.74,2.36,4.04
778002,11,23,29,9,12,15,40,10,12,27,1,47,26,18,14,7,9,27,15,50,37,15,33,23,4,37,26,37,9,14,14,41,128.2,23.62,692,0.82,1.08,1.01,2.66,3.38,3.74,2.54,2.72,2.9,4.4,2.6,2.72,3.62,2.06,4.82,3.56,3.08,2.84,2.42
43014,43,39,50,37,37,47,35,5,2,34,38,10,48,28,2,30,33,4,15,6,22,31,43,13,1,10,30,11,23,26,48,9,116.72,26.06,810,1.2,1.26,0.68,4.58,4.34,5.0,4.22,4.22,4.82,4.1,2.3,2.12,4.04,4.28,2.6,4.88,3.68,2.12,3.8
985703,13,5,32,19,2,24,40,23,6,14,37,44,26,16,38,23,1,37,33,30,50,28,0,21,16,16,46,34,36,34,21,31,83.53,26.4,796,1.15,0.96,1.3,2.78,2.3,3.92,3.14,2.12,3.44,4.4,3.38,2.36,2.84,4.22,4.64,3.56,2.96,4.28,3.38
822119,32,23,15,42,42,21,32,14,32,32,46,15,2,32,13,35,8,41,0,44,14,33,9,21,19,9,5,24,30,31,2,43,119.92,24.75,761,1.31,1.16,1.33,3.92,3.38,2.9,4.52,4.52,3.26,3.92,2.84,3.92,3.92,4.76,2.9,2.12,3.92,2.78,4.1
268026,26,19,48,34,49,32,46,47,8,26,9,41,47,21,37,44,30,48,43,18,26,24,10,38,3,38,3,1,16,42,30,49,153.04,30.76,953,0.82,1.4,0.62,3.56,3.14,4.88,4.04,4.94,3.92,4.76,4.82,2.48,3.56,2.54,4.46,4.82,3.26,4.22,4.64
193087,28,14,23,35,37,25,40,1,19,25,22,37,3,8,45,36,1,0,27,11,48,20,34,45,24,15,42,15,37,47,15,36,87.15,26.41,815,0.97,1.2,0.94,3.68,2.84,3.38,4.1,4.22,3.5,4.4,2.06,3.14,3.5,3.32,4.22,2.18,2.48,4.7,4.16
847835,1,26,35,0,41,24,31,13,23,22,11,31,1,14,3,31,43,4,15,31,46,41,21,6,1,16,17,21,34,36,9,45,115.83,22.14,693,0.64,1.27,1.49,2.06,3.56,4.1,2.0,4.46,3.44,3.86,2.78,3.38,3.32,2.66,3.86,2.06,2.84,2.18,3.86
515820,19,33,37,8,7,19,7,46,25,39,27,34,34,26,35,16,33,7,17,44,43,30,30,48,24,28,1,5,13,16,28,4,95.26,25.93,783,0.94,0.51,1.15,3.14,3.98,4.22,2.48,2.42,3.14,2.42,4.76,3.5,4.34,3.62,4.04,4.04,3.56,4.1,2.96
396308,3,41,6,9,24,27,36,9,39,5,21,7,17,1,25,33,21,20,13,39,33,19,18,9,5,35,9,38,43,6,37,49,93.46,23.24,697,1.1,0.98,0.74,2.18,4.46,2.36,2.54,3.44,3.62,4.16,2.54,4.34,2.3,3.26,2.42,3.02,2.06,3.5,3.98
547904,21,16,18,35,5,4,34,16,29,30,35,34,28,49,48,41,3,46,46,41,39,23,13,41,5,29,30,48,47,6,10,2,99.48,27.74,872,0.7,0.6,1.21,3.26,2.96,3.08,4.1,2.3,2.24,4.04,2.96,3.74,3.8,4.1,4.04,3.68,4.94,4.88,4.46
903875,50,31,14,16,16,29,29,46,2,5,42,11,31,10,27,4,18,23,8,2,24,5,6,30,47,42,11,25,50,39,11,5,83.23,23.27,709,0.85,0.77,0.53,5.0,3.86,2.84,2.96,2.96,3.74,3.74,4.76,2.12,2.3,4.52,2.66,3.86,2.6,3.62,2.24
435741,2,5,8,9,19,38,16,42,9,11,12,20,7,20,16,35,25,45,1,4,30,8,32,24,13,37,33,19,3,14,19,19,142.89,20.48,595,1.06,1.19,0.68,2.12,2.3,2.48,2.54,3.14,4.28,2.96,4.52,2.54,2.66,2.72,3.2,2.42,3.2,2.96,4.1
125661,2,37,46,50,40,42,26,22,3,33,22,44,47,42,31,50,24,18,25,25,20,44,46,44,14,31,39,31,27,36,42,4,98.86,32.1,1007,1.19,0.66,1.09,2.12,4.22,4.76,5.0,4.4,4.52,3.56,3.32,2.18,3.98,3.32,4.64,4.82,4.52,3.86,5.0
677214,4,21,28,6,50,37,26,2,29,48,46,49,12,29,11,6,36,27,31,2,36,39,50,46,21,42,40,44,4,3,11,18,109.25,27.74,854,0.76,0.72,0.74,2.24,3.26,3.68,2.36,5.0,4.22,3.56,2.12,3.74,4.88,4.76,4.94,2.72,3.74,2.66,2.36
339349,33,27,5,33,30,25,34,8,49,28,39,37,8,23,16,0,18,3,12,1,42,18,48,3,17,28,49,17,21,14,2,34,95.36,24.37,722,1.19,1.38,0.62,3.98,3.62,2.3,3.98,3.8,3.5,4.04,2.48,4.94,3.68,4.34,4.22,2.48,3.38,2.96,2.0
925542,6,28,7,47,1,9,13,49,44,40,20,45,29,8,17,15,15,20,29,44,36,2,7,16,36,23,49,12,18,15,27,37,140.58,24.51,764,1.02,1.08,0.57,2.36,3.68,2.42,4.82,2.06,2.54,2.78,4.94,4.64,4.4,3.2,4.7,3.74,2.48,3.02,2.9
57071,20,36,22,42,13,46,43,25,36,38,38,49,9,28,45,10,40,12,37,7,5,0,16,9,1,25,48,44,11,30,22,38,120.53,28.29,845,0.65,1.23,1.05,3.2,4.16,3.32,4.52,2.78,4.76,4.58,3.5,4.16,4.28,4.28,4.94,2.54,3.68,4.7,2.6
706113,7,1,8,28,41,39,24,36,6,3,34,42,41,39,45,24,48,31,30,50,4,44,32,49,7,14,36,16,22,4,38,31,154.47,28.74,874,0.79,0.51,0.82,2.42,2.06,2.48,3.68,4.46,4.34,3.44,4.16,2.36,2.18,4.04,4.52,4.46,4.34,4.7,3.44
114704,7,36,0,36,21,4,36,38,0,42,15,43,35,5,14,7,36,13,24,32,19,34,24,44,41,35,35,23,45,9,2,7,126.4,24.91,762,0.72,0.9,1.33,2.42,4.16,2.0,4.16,3.26,2.24,4.16,4.28,2.0,4.52,2.9,4.58,4.1,2.3,2.84,2.42
554566,3,19,47,37,35,37,5,3,20,30,44,16,33,10,36,44,29,3,41,19,41,31,25,6,49,14,34,46,44,4,12,46,159.65,28.13,863,1.04,0.98,0.64,2.18,3.14,4.82,4.22,4.1,4.22,2.3,2.18,3.2,3.8,4.64,2.96,3.98,2.6,4.16,4.64
503103,47,35,16,13,22,16,40,48,25,34,11,28,0,3,39,13,8,41,27,10,44,19,5,0,26,7,26,30,14,35,22,42,93.28,24.86,746,1.27,0.8,0.92,4.82,4.1,2.96,2.78,3.32,2.96,4.4,4.88,3.5,4.04,2.66,3.68,2.0,2.18,4.34,2.78
838143,10,46,24,2,47,13,8,46,30,36,34,12,48,29,34,37,6,15,45,35,35,1,23,36,47,3,26,16,47,42,27,46,147.45,28.82,906,1.18,0.98,0.64,2.6,4.76,3.44,2.12,4.82,2.78,2.48,4.76,3.8,4.16,4.04,2.72,4.88,3.74,4.04,4.22
750126,12,2,50,22,26,37,33,25,12,6,12,19,16,7,8,41,35,41,24,4,26,24,31,22,40,32,1,49,28,32,48,12,103.54,25.56,777,0.62,1.1,1.3,2.72,2.12,5.0,3.32,3.56,4.22,3.98,3.5,2.72,2.36,2.72,3.14,2.96,2.42,2.48,4.46
312012,30,22,32,14,7,9,44,50,30,11,20,17,1,35,9,31,32,0,25,25,26,40,44,18,47,21,32,14,27,10,17,33,102.84,25.46,773,1.1,0.72,0.79,3.8,3.32,3.92,2.84,2.42,2.54,4.64,5.0,3.8,2.66,3.2,3.02,2.06,4.1,2.54,3.86
458451,19,14,48,36,41,17,11,48,41,15,3,8,20,19,9,26,38,31,5,29,12,33,7,28,1,46,0,38,8,34,14,42,86.11,23.77,741,0.56,1.16,0.58,3.14,2.84,4.88,4.16,4.46,3.02,2.66,4.88,4.46,2.9,2.18,2.48,3.2,3.14,2.54,3.56
187998,19,25,32,19,27,48,30,37,39,37,4,4,6,15,38,3,8,24,45,35,12,37,45,3,10,40,8,23,23,33,5,21,104.96,24.83,755,0.83,1.37,1.22,3.14,3.5,3.92,3.14,3.62,4.88,3.8,4.22,4.34,4.22,2.24,2.24,2.36,2.9,4.28,2.18
713592,22,9,18,3,30,39,36,7,48,32,42,41,50,1,27,22,21,50,47,46,19,37,7,4,9,4,6,17,14,38,2,12,90.93,25.28,760,0.85,0.51,1.04,3.32,2.54,3.08,2.18,3.8,4.34,4.16,2.42,4.88,3.92,4.52,4.46,5.0,2.06,3.62,3.32
125091,24,43,12,8,48,38,43,1,25,40,24,50,35,24,25,23,46,0,26,18,7,3,11,50,31,20,33,38,18,49,31,35,97.39,28.95,879,1.09,1.13,0.66,3.44,4.58,2.72,2.48,4.88,4.28,4.58,2.06,3.5,4.4,3.44,5.0,4.1,3.44,3.5,3.38
824932,42,12,14,43,47,37,20,19,22,12,50,13,43,13,4,16,36,14,12,50,28,30,5,7,16,25,13,12,0,22,38,16,158.75,23.41,731,0.89,0.89,0.6,4.52,2.72,2.84,4.58,4.82,4.22,3.2,3.14,3.32,2.72,5.0,2.78,4.58,2.78,2.24,2.96
844444,2,27,31,0,18,3,0,42,9,30,37,46,7,14,8,39,0,12,34,1,42,29,6,1,45,48,45,30,31,49,45,17,80.6,23.54,748,0.76,1.49,0.91,2.12,3.62,3.86,2.0,3.08,2.18,2.0,4.52,2.54,3.8,4.22,4.76,2.42,2.84,2.48,4.34
682354,6,40,8,8,28,36,22,25,15,25,10,0,4,21,19,26,21,44,49,41,32,15,37,5,2,27,20,44,32,45,13,31,130.74,24.9,751,0.63,1.11,1.05,2.36,4.4,2.48,2.48,3.68,4.16,3.32,3.5,2.9,3.5,2.6,2.0,2.24,3.26,3.14,3.56
220896,27,27,10,35,17,26,6,10,37,46,30,4,15,39,45,11,6,37,15,45,8,2,18,23,12,31,36,22,43,10,31,39,122.22,24.21,763,1.39,0.64,0.52,3.62,3.62,2.6,4.1,3.02,3.56,2.36,2.6,4.22,4.76,3.8,2.24,2.9,4.34,4.7,2.66
942113,29,19,4,16,31,27,28,17,23,9,29,28,13,48,10,34,12,49,34,24,10,21,1,7,35,14,43,27,15,2,1,4,159.0,22.1,664,1.32,0.91,0.51,3.74,3.14,2.24,2.96,3.86,3.62,3.68,3.02,3.38,2.54,3.74,3.68,2.78,4.88,2.6,4.04
249842,50,31,24,30,15,18,34,46,29,5,1,48,0,24,6,29,32,19,22,11,42,7,0,22,12,12,25,12,2,3,46,22,90.73,22.65,679,1.32,1.21,1.27,5.0,3.86,3.44,3.8,2.9,3.08,4.04,4.76,3.74,2.3,2.06,4.88,2.0,3.44,2.36,3.74
489562,19,20,48,39,48,13,11,34,24,12,20,15,43,15,34,21,36,7,30,49,37,5,0,29,8,26,27,48,13,18,50,42,87.53,27.61,841,0.82,0.6,1.34,3.14,3.2,4.88,4.34,4.88,2.78,2.66,4.04,3.44,2.72,3.2,2.9,4.58,2.9,4.04,3.26
675852,6,37,9,12,23,28,40,25,11,10,33,41,34,21,16,3,32,11,23,41,16,3,32,42,29,22,20,32,9,28,27,38,140.93,24.35,754,1.17,1.38,1.07,2.36,4.22,2.54,2.72,3.38,3.68,4.4,3.5,2.66,2.6,3.98,4.46,4.04,3.26,2.96,2.18
312272,50,33,32,2,37,37,34,24,5,23,22,3,26,43,18,37,48,14,26,33,27,33,24,40,33,21,25,7,6,3,26,31,97.73,27.45,823,0.92,1.21,0.89,5.0,3.98,3.92,2.12,4.22,4.22,4.04,3.44,2.3,3.38,3.32,2.18,3.56,4.58,3.08,4.22
959040,32,17,43,0,6,36,43,38,33,6,12,30,38,21,18,19,30,49,38,4,4,33,16,10,11,13,24,4,2,37,14,13,115.71,23.25,694,0.6,0.64,1.0,3.92,3.02,4.58,2.0,2.36,4.16,4.58,4.28,3.98,2.36,2.72,3.8,4.28,3.26,3.08,3.14
661985,2,50,31,8,5,25,39,35,25,30,29,21,49,20,0,23,10,31,19,37,26,12,26,28,43,9,12,12,30,38,26,34,128.43,26.15,785,1.45,0.99,1.4,2.12,5.0,3.86,2.48,2.3,3.5,4.34,4.1,3.5,3.8,3.74,3.26,4.94,3.2,2.0,3.38
69097,45,4,42,6,36,22,32,37,47,24,4,24,44,14,2,29,40,45,5,1,33,20,45,36,23,28,7,0,31,40,38,11,124.15,25.71,815,1.31,1.44,0.9,4.7,2.24,4.52,2.36,4.16,3.32,3.92,4.22,4.82,3.44,2.24,3.44,4.64,2.84,2.12,3.74
869876,14,30,21,26,10,34,10,46,32,18,44,25,21,35,0,15,50,14,25,12,4,19,28,20,33,48,0,16,41,14,46,3,92.15,24.97,754,0.96,0.94,0.93,2.84,3.8,3.26,3.56,2.6,4.04,2.6,4.76,3.92,3.08,4.64,3.5,3.26,4.1,2.0,2.9
403072,19,33,12,19,27,21,33,38,4,40,15,32,44,42,0,23,20,36,39,34,34,15,35,29,20,11,27,30,18,30,41,47,154.99,28.92,868,1.33,0.61,0.71,3.14,3.98,2.72,3.14,3.62,3.26,3.98,4.28,2.24,4.4,2.9,3.92,4.64,4.52,2.0,3.38
45656,13,46,0,0,20,6,20,29,41,28,42,40,18,26,28,30,43,11,17,40,26,47,15,17,10,36,25,27,45,22,35,2,94.67,25.34,805,0.72,0.76,1.48,2.78,4.76,2.0,2.0,3.2,2.36,3.2,3.74,4.46,3.68,4.52,4.4,3.08,3.56,3.68,3.8
854414,2,49,11,19,30,13,42,45,24,39,9,48,40,11,29,18,35,17,26,14,50,16,50,0,50,19,4,49,24,49,14,15,118.9,28.15,861,1.01,0.96,0.78,2.12,4.94,2.66,3.14,3.8,2.78,4.52,4.7,3.44,4.34,2.54,4.88,4.4,2.66,3.74,3.08
726204,49,6,19,28,8,1,45,11,44,20,48,32,48,45,35,39,29,7,1,30,11,34,35,0,38,9,48,36,23,3,14,18,96.24,26.98,814,1.21,1.48,1.46,4.94,2.36,3.14,3.68,2.48,2.06,4.7,2.66,4.64,3.2,4.88,3.92,4.88,4.7,4.1,4.34
530904,14,48,44,41,20,7,13,9,18,9,26,33,26,23,2,21,45,15,47,50,2,13,12,15,18,10,41,0,11,42,40,14,138.5,24.7,729,0.66,1.46,0.75,2.84,4.88,4.64,4.46,3.2,2.42,2.78,2.54,3.08,2.54,3.56,3.98,3.56,3.38,2.12,3.26
262520,38,41,2,49,5,6,26,48,47,25,46,10,31,20,43,16,41,15,25,7,29,2,10,13,13,29,41,3,16,47,25,17,138.24,26.11,786,0.87,1.02,0.88,4.28,4.46,2.12,4.94,2.3,2.36,3.56,4.88,4.82,3.5,4.76,2.6,3.86,3.2,4.58,2.96
193074,14,42,5,25,18,27,44,16,13,48,9,50,36,4,28,11,47,48,34,13,9,22,33,11,28,44,18,40,16,21,43,19,158.26,27.91,836,1.0,1.04,1.05,2.84,4.52,2.3,3.5,3.08,3.62,4.64,2.96,2.78,4.88,2.54,5.0,4.16,2.24,3.68,2.66
870562,32,38,47,28,17,18,10,25,26,32,10,26,50,39,27,46,35,35,23,15,0,16,18,12,6,50,3,15,42,49,15,35,115.05,26.39,840,0.52,1.0,0.99,3.92,4.28,4.82,3.68,3.02,3.08,2.6,3.5,3.56,3.92,2.6,3.56,5.0,4.34,3.62,4.76
633563,45,9,27,28,47,47,22,32,29,30,42,19,16,16,27,13,4,27,37,1,30,12,29,37,43,28,41,28,16,36,37,16,133.84,28.76,871,0.94,1.14,1.28,4.7,2.54,3.62,3.68,4.82,4.82,3.32,3.92,3.74,3.8,4.52,3.14,2.96,2.96,3.62,2.78
36503,31,16,17,26,44,39,5,5,8,45,13,6,20,17,0,22,31,41,43,38,50,17,7,20,47,4,45,12,32,49,48,15,149.98,25.6,813,0.67,0.9,0.68,3.86,2.96,3.02,3.56,4.64,4.34,2.3,2.3,2.48,4.7,2.78,2.36,3.2,3.02,2.0,3.32
197311,41,3,14,11,31,20,5,48,41,6,43,20,33,0,20,5,29,22,16,29,32,49,36,29,18,8,32,21,3,26,40,7,159.82,25.06,738,1.25,1.19,0.85,4.46,2.18,2.84,2.66,3.86,3.2,2.3,4.88,4.46,2.36,4.58,3.2,3.98,2.0,3.2,2.3
931947,5,24,15,16,34,40,37,35,39,47,43,36,50,50,44,15,21,15,1,3,0,36,49,25,30,40,15,43,42,0,27,39,95.96,29.87,916,0.72,1.32,0.6,2.3,3.44,2.9,2.96,4.04,4.4,4.22,4.1,4.34,4.82,4.58,4.16,5.0,5.0,4.64,2.9
486399,43,0,48,39,13,29,27,39,49,6,22,8,26,22,50,37,45,22,5,44,0,45,42,1,7,23,7,8,37,42,37,42,86.05,27.46,865,0.76,1.31,1.12,4.58,2.0,4.88,4.34,2.78,3.74,3.62,4.34,4.94,2.36,3.32,2.48,3.56,3.32,5.0,4.22
66720,12,50,26,28,44,43,18,44,30,43,19,12,27,39,41,31,0,26,30,30,17,4,48,36,0,2,11,34,4,42,34,35,93.68,28.31,860,0.64,1.5,1.37,2.72,5.0,3.56,3.68,4.64,4.58,3.08,4.64,3.8,4.58,3.14,2.72,3.62,4.34,4.46,3.86
919748,23,1,33,33,47,0,41,45,0,10,4,19,24,0,0,1,40,41,16,48,32,44,46,11,29,41,28,14,42,7,12,27,81.44,23.83,759,1.07,1.25,1.45,3.38,2.06,3.98,3.98,4.82,2.0,4.46,4.7,2.0,2.6,2.24,3.14,3.44,2.0,2.0,2.06
883920,34,6,37,32,31,50,40,47,34,26,13,28,37,37,17,31,34,20,28,26,19,35,1,44,11,38,9,0,30,38,21,44,123.77,28.37,898,0.64,1.31,0.98,4.04,2.36,4.22,3.92,3.86,5.0,4.4,4.82,4.04,3.56,2.78,3.68,4.22,4.22,3.02,3.86
910903,29,29,30,37,21,18,2,22,2,16,6,14,18,28,38,24,9,18,21,3,17,3,41,6,3,42,26,30,18,48,49,6,158.93,22.92,674,1.06,1.06,0.56,3.74,3.74,3.8,4.22,3.26,3.08,2.12,3.32,2.12,2.96,2.36,2.84,3.08,3.68,4.28,3.44
26555,41,37,7,0,45,45,39,45,50,26,28,27,32,39,28,40,6,39,34,38,48,50,46,1,38,15,21,3,14,41,5,12,159.45,29.71,940,1.31,0.83,0.83,4.46,4.22,2.42,2.0,4.7,4.7,4.34,4.7,5.0,3.56,3.68,3.62,3.92,4.34,3.68,4.4
50355,10,27,38,31,40,35,4,7,45,22,1,3,44,48,47,29,18,4,42,14,25,6,50,19,34,40,45,26,41,50,32,27,99.5,29.65,904,0.68,1.02,1.41,2.6,3.62,4.28,3.86,4.4,4.1,2.24,2.42,4.7,3.32,2.06,2.18,4.64,4.88,4.82,3.74
852786,17,14,8,8,44,28,34,44,44,27,16,38,24,22,16,50,25,5,3,48,40,43,29,26,27,25,3,28,16,8,3,29,120.69,25.83,792,1.49,1.26,0.99,3.02,2.84,2.48,2.48,4.64,3.68,4.04,4.64,4.64,3.62,2.96,4.28,3.44,3.32,2.96,5.0
475375,35,10,39,23,22,48,4,35,49,6,4,25,15,11,22,19,39,11,46,15,32,33,27,12,23,43,33,34,23,5,9,48,112.24,26.06,800,0.81,1.05,1.31,4.1,2.6,4.34,3.38,3.32,4.88,2.24,4.1,4.94,2.36,2.24,3.5,2.9,2.66,3.32,3.14
984099,39,29,22,43,6,44,28,0,12,13,45,48,9,1,3,16,1,1,7,30,25,31,8,21,32,16,21,40,37,24,12,39,113.2,23.19,703,1.12,1.13,0.66,4.34,3.74,3.32,4.58,2.36,4.64,3.68,2.0,2.72,2.78,4.7,4.88,2.54,2.06,2.18,2.96
583982,38,13,4,49,40,49,43,24,27,43,35,5,7,41,38,3,11,13,15,8,38,16,44,27,29,41,3,15,43,18,46,40,117.13,28.71,866,1.07,0.62,1.43,4.28,2.78,2.24,4.94,4.4,4.94,4.58,3.44,3.62,4.58,4.1,2.3,2.42,4.46,4.28,2.18
362133,17,24,15,30,48,10,16,1,30,42,27,14,29,48,3,5,7,42,8,16,36,25,19,13,18,32,43,50,38,6,15,13,125.82,24.74,740,1.13,0.63,0.51,3.02,3.44,2.9,3.8,4.88,2.6,2.96,2.06,3.8,4.52,3.62,2.84,3.74,4.88,2.18,2.3
461432,28,7,27,47,35,21,22,40,17,27,5,31,24,25,24,25,10,10,12,15,23,32,23,47,16,27,15,3,49,32,20,32,87.93,25.19,771,1.17,0.83,1.29,3.68,2.42,3.62,4.82,4.1,3.26,3.32,4.4,3.02,3.62,2.3,3.86,3.44,3.5,3.44,3.5
899242,49,41,24,19,24,40,45,1,7,31,23,38,39,24,41,22,26,1,42,31,29,14,18,12,43,18,10,47,43,6,8,1,91.45,26.34,817,1.36,1.09,0.83,4.94,4.46,3.44,3.14,3.44,4.4,4.7,2.06,2.42,3.86,3.38,4.28,4.34,3.44,4.46,3.32
143220,23,28,39,32,25,35,8,46,1,13,44,16,39,24,31,30,2,46,24,31,35,45,7,40,36,10,29,30,11,38,8,50,113.99,29.04,876,0.93,1.14,1.39,3.38,3.68,4.34,3.92,3.5,4.1,2.48,4.76,2.06,2.78,4.64,2.96,4.34,3.44,3.86,3.8
588217,9,6,31,2,0,37,48,37,30,32,17,18,49,21,5,2,3,9,18,9,0,27,30,9,20,5,46,14,14,17,27,44,81.52,21.86,636,1.08,0.9,0.96,2.54,2.36,3.86,2.12,2.0,4.22,4.88,4.22,3.8,3.92,3.02,3.08,4.94,3.26,2.3,2.12
80784,8,28,34,25,13,25,22,41,35,12,8,11,35,15,17,3,32,50,34,13,37,44,21,8,37,21,21,29,28,33,31,2,150.38,25.3,773,1.12,1.07,1.21,2.48,3.68,4.04,3.5,2.78,3.5,3.32,4.46,4.1,2.72,2.48,2.66,4.1,2.9,3.02,2.18
235835,1,10,2,45,47,33,25,45,48,10,14,33,30,41,47,12,11,30,18,40,32,15,36,30,31,45,23,16,45,39,44,44,153.24,29.92,942,1.02,1.03,0.82,2.06,2.6,2.12,4.7,4.82,3.98,3.5,4.7,4.88,2.6,2.84,3.98,3.8,4.46,4.82,2.72
186929,26,48,10,32,29,30,34,39,47,4,23,8,35,40,34,7,41,38,30,37,8,1,40,8,20,11,21,42,37,10,9,47,105.16,26.77,846,1.11,1.44,0.77,3.56,4.88,2.6,3.92,3.74,3.8,4.04,4.34,4.82,2.24,3.38,2.48,4.1,4.4,4.04,2.42
383041,46,16,24,23,9,4,19,38,43,30,1,5,31,41,29,21,32,8,41,48,27,43,22,45,8,10,2,42,28,46,27,32,81.6,28.25,841,0.75,0.75,1.12,4.76,2.96,3.44,3.38,2.54,2.24,3.14,4.28,4.58,3.8,2.06,2.3,3.86,4.46,3.74,3.26
692784,26,38,26,31,20,43,0,27,42,15,29,40,13,1,43,30,15,10,18,44,3,33,16,34,48,39,22,14,39,32,39,0,122.81,26.54,830,0.68,0.54,1.35,3.56,4.28,3.56,3.86,3.2,4.58,2.0,3.62,4.52,2.9,3.74,4.4,2.78,2.06,4.58,3.8
451457,6,3,32,6,41,24,44,22,40,29,0,24,3,14,4,32,49,34,45,48,16,14,5,3,18,20,2,32,31,29,44,7,105.56,23.32,721,1.0,0.55,0.6,2.36,2.18,3.92,2.36,4.46,3.44,4.64,3.32,4.4,3.74,2.0,3.44,2.18,2.84,2.24,3.92
431729,30,7,3,31,48,13,33,47,24,12,3,34,32,49,5,26,43,30,36,31,8,15,0,26,44,5,25,46,13,10,9,7,99.71,25.22,745,1.25,0.54,1.01,3.8,2.42,2.18,3.86,4.88,2.78,3.98,4.82,3.44,2.72,2.18,4.04,3.92,4.94,2.3,3.56
50105,46,14,33,17,40,46,35,48,47,21,5,39,24,27,35,43,13,8,12,9,26,14,8,48,12,4,39,28,28,4,44,32,108.67,28.06,849,1.17,0.57,1.18,4.76,2.84,3.98,3.02,4.4,4.76,4.1,4.88,4.82,3.26,2.3,4.34,3.44,3.62,4.1,4.58
529481,49,8,31,47,10,50,36,40,22,23,27,35,37,35,15,38,30,34,49,48,4,13,7,6,36,20,2,20,13,43,44,6,124.05,28.11,878,0.98,0.53,0.6,4.94,2.48,3.86,4.82,2.6,5.0,4.16,4.4,3.32,3.38,3.62,4.1,4.22,4.1,2.9,4.28
417778,45,23,22,15,45,38,42,23,45,17,39,6,39,19,19,11,23,41,22,22,2,7,36,46,34,37,47,43,1,32,8,8,115.26,28.48,857,0.9,0.74,1.48,4.7,3.38,3.32,2.9,4.7,4.28,4.52,3.38,4.7,3.02,4.34,2.36,4.34,3.14,3.14,2.66
478046,13,17,21,3,18,29,33,16,50,0,18,21,15,23,20,42,21,20,48,11,8,12,15,7,20,18,2,7,44,10,47,32,107.29,21.4,661,0.98,0.97,0.64,2.78,3.02,3.26,2.18,3.08,3.74,3.98,2.96,5.0,2.0,3.08,3.26,2.9,3.38,3.2,4.52
683851,13,7,42,19,42,15,48,32,23,1,4,29,35,4,13,50,33,7,18,45,49,3,19,37,29,38,0,14,13,32,50,20,130.66,26.34,784,1.24,1.09,0.75,2.78,2.42,4.52,3.14,4.52,2.9,4.88,3.92,3.38,2.06,2.24,3.74,4.1,2.24,2.78,5.0
760208,48,22,23,6,29,13,10,24,43,44,34,8,13,42,27,27,36,49,0,19,9,44,16,12,42,41,26,8,3,43,39,35,124.09,27.16,835,1.24,0.64,1.34,4.88,3.32,3.38,2.36,3.74,2.78,2.6,3.44,4.58,4.64,4.04,2.48,2.78,4.52,3.62,3.62
109406,7,39,32,34,32,50,15,24,44,28,31,47,27,3,17,21,32,11,16,36,13,31,23,3,36,32,13,18,0,22,5,29,135.21,24.34,771,1.41,1.43,1.25,2.42,4.34,3.92,4.04,3.92,5.0,2.9,3.44,4.64,3.68,3.86,4.82,3.62,2.18,3.02,3.26
214570,48,26,14,18,50,20,48,17,39,49,18,18,43,43,0,44,40,38,6,8,0,10,20,22,40,17,12,12,4,11,0,26,120.22,25.67,761,0.62,0.96,0.88,4.88,3.56,2.84,3.08,5.0,3.2,4.88,3.02,4.34,4.94,3.08,3.08,4.58,4.58,2.0,4.64
297586,4,21,25,5,38,8,9,1,1,12,37,46,12,0,40,8,27,22,25,24,40,35,30,3,7,44,23,33,38,45,36,45,97.55,23.67,744,0.65,1.47,0.78,2.24,3.26,3.5,2.3,4.28,2.48,2.54,2.06,2.06,2.72,4.22,4.76,2.72,2.0,4.4,2.48
25958,13,35,19,24,13,21,25,29,25,30,31,17,4,17,41,47,45,16,42,48,18,18,14,31,5,11,25,2,39,27,10,40,120.88,25.42,782,0.81,1.05,0.52,2.78,4.1,3.14,3.44,2.78,3.26,3.5,3.74,3.5,3.8,3.86,3.02,2.24,3.02,4.46,4.82
662885,45,39,11,29,17,18,10,46,32,2,19,0,47,11,28,11,39,50,21,24,36,8,14,10,47,16,30,26,22,18,40,7,125.28,26.03,773,1.12,0.6,0.73,4.7,4.34,2.66,3.74,3.02,3.08,2.6,4.76,3.92,2.12,3.14,2.0,4.82,2.66,3.68,2.66
444191,16,34,34,33,1,40,35,20,44,0,46,17,37,50,23,50,7,27,31,50,18,17,11,32,40,9,36,35,47,9,35,21,158.9,29.96,905,1.32,1.42,0.81,2.96,4.04,4.04,3.98,2.06,4.4,4.1,3.2,4.64,2.0,4.76,3.02,4.22,5.0,3.38,5.0
220886,4,11,15,1,16,19,4,42,43,49,21,25,45,20,10,15,20,39,35,48,27,5,16,34,49,21,32,46,39,5,36,44,141.31,27.93,836,1.5,0.72,1.27,2.24,2.66,2.9,2.06,2.96,3.14,2.24,4.52,4.58,4.94,3.26,3.5,4.7,3.2,2.6,2.9
365439,44,19,46,5,28,46,15,7,33,12,38,44,8,27,2,38,25,45,48,41,22,11,19,43,42,8,9,39,16,36,24,4,101.96,26.67,844,1.43,1.15,0.62,4.64,3.14,4.76,2.3,3.68,4.76,2.9,2.42,3.98,2.72,4.28,4.64,2.48,3.62,2.12,4.28
809040,42,33,38,14,50,49,36,19,41,25,33,5,0,12,44,43,17,25,4,43,10,40,45,49,8,16,21,46,19,31,38,29,145.24,30.86,925,1.4,0.86,1.1,4.52,3.98,4.28,2.84,5.0,4.94,4.16,3.14,4.46,3.5,3.98,2.3,2.0,2.72,4.64,4.58
750140,39,4,31,35,29,1,46,38,13,1,25,46,40,11,24,4,28,2,12,46,43,4,21,5,11,13,47,14,43,27,5,41,106.45,24.7,749,0.82,1.04,1.38,4.34,2.24,3.86,4.1,3.74,2.06,4.76,4.28,2.78,2.06,3.5,4.76,4.4,2.66,3.44,2.24
681098,50,43,49,35,41,36,20,46,25,21,16,25,3,1,50,14,27,30,30,41,9,39,2,42,0,21,1,8,46,35,13,9,119.54,26.87,828,0.93,1.46,0.89,5.0,4.58,4.94,4.1,4.46,4.16,3.2,4.76,3.5,3.26,2.96,3.5,2.18,2.06,5.0,2.84
231520,28,5,42,14,33,35,29,5,29,29,47,36,29,43,32,28,35,38,19,27,19,45,10,23,5,12,32,27,10,15,15,46,84.07,28.11,842,0.51,0.71,0.56,3.68,2.3,4.52,2.84,3.98,4.1,3.74,2.3,3.74,3.74,4.82,4.16,3.74,4.58,3.92,3.68
10218,19,22,29,2,15,36,18,29,28,10,27,18,39,46,30,22,38,8,39,25,49,14,3,28,36,22,27,23,28,27,47,18,148.67,26.06,822,0.95,0.66,0.88,3.14,3.32,3.74,2.12,2.9,4.16,3.08,3.74,3.68,2.6,3.62,3.08,4.34,4.76,3.8,3.32
666650,20,22,46,21,48,7,48,21,7,19,44,12,9,18,26,18,11,25,8,42,32,36,17,15,46,14,21,0,43,40,19,17,148.7,24.68,772,1.34,0.59,1.38,3.2,3.32,4.76,3.26,4.88,2.42,4.88,3.26,2.42,3.14,4.64,2.72,2.54,3.08,3.56,3.08
192630,37,8,47,32,11,22,13,39,36,44,6,9,42,46,42,17,25,25,41,2,15,34,38,14,25,49,31,38,3,40,50,17,121.19,29.95,898,1.43,0.91,1.02,4.22,2.48,4.82,3.92,2.66,3.32,2.78,4.34,4.16,4.64,2.36,2.54,4.52,4.76,4.52,3.02
536464,26,2,24,39,33,48,40,33,23,9,34,14,21,25,30,23,42,10,1,48,32,39,39,5,34,36,23,41,10,14,39,27,124.51,28.92,864,1.46,0.87,0.94,3.56,2.12,3.44,4.34,3.98,4.88,4.4,3.98,3.38,2.54,4.04,2.84,3.26,3.5,3.8,3.38
363439,8,21,32,31,28,7,35,15,23,38,30,14,49,47,35,20,5,4,30,46,10,30,7,35,18,15,17,41,0,35,2,41,141.8,25.4,769,0.83,1.32,1.28,2.48,3.26,3.92,3.86,3.68,2.42,4.1,2.9,3.38,4.28,3.8,2.84,4.94,4.82,4.1,3.2
89656,5,2,7,10,1,21,20,8,47,47,49,37,16,25,29,4,18,24,44,6,47,36,16,2,29,9,12,9,21,6,32,14,157.95,21.25,653,1.07,0.52,0.63,2.3,2.12,2.42,2.6,2.06,3.26,3.2,2.48,4.82,4.82,4.94,4.22,2.96,3.5,3.74,2.24
585136,30,31,39,6,47,15,45,10,4,44,26,45,15,44,41,27,5,7,44,34,29,19,0,33,10,7,47,0,8,42,50,28,124.33,27.66,832,1.47,0.99,1.39,3.8,3.86,4.34,2.36,4.82,2.9,4.7,2.6,2.24,4.64,3.56,4.7,2.9,4.64,4.46,3.62
451822,50,9,39,49,22,10,7,35,24,15,11,43,15,20,45,38,29,36,39,27,32,45,20,25,25,46,17,0,25,27,16,27,124.68,27.46,868,1.19,1.36,0.91,5.0,2.54,4.34,4.94,3.32,2.6,2.42,4.1,3.44,2.9,2.66,4.58,2.9,3.2,4.7,4.28
606740,46,12,21,28,0,20,6,35,0,16,6,29,45,16,28,6,12,28,35,7,28,18,21,45,25,11,7,11,40,11,32,5,87.01,22.26,650,0.95,1.09,1.23,4.76,2.72,3.26,3.68,2.0,3.2,2.36,4.1,2.0,2.96,2.36,3.74,4.7,2.96,3.68,2.36
824643,46,17,10,43,20,10,32,1,6,41,16,7,18,10,29,36,11,27,18,41,50,31,40,13,22,50,13,6,27,26,28,16,142.55,24.18,761,0.77,0.93,1.44,4.76,3.02,2.6,4.58,3.2,2.6,3.92,2.06,2.36,4.46,2.96,2.42,3.08,2.6,3.74,4.16
559962,47,18,18,13,19,10,20,23,13,44,20,0,50,33,0,24,10,45,47,22,9,15,5,50,29,13,37,22,18,48,34,12,151.32,24.6,768,0.59,0.54,0.81,4.82,3.08,3.08,2.78,3.14,2.6,3.2,3.38,2.78,4.64,3.2,2.0,5.0,3.98,2.0,3.44
820274,5,27,2,44,1,12,49,3,5,24,11,30,44,38,16,44,5,49,28,47,36,16,14,38,23,4,27,39,22,39,15,20,133.99,26.04,777,1.34,1.2,0.51,2.3,3.62,2.12,4.64,2.06,2.72,4.94,2.18,2.3,3.44,2.66,3.8,4.64,4.28,2.96,4.64
13281,9,32,24,21,25,25,17,45,37,8,49,6,23,1,42,14,50,12,12,28,2,5,12,40,45,31,33,34,34,19,18,38,81.0,26.15,791,1.07,0.73,0.57,2.54,3.92,3.44,3.26,3.5,3.5,3.02,4.7,4.22,2.48,4.94,2.36,3.38,2.06,4.52,2.84
639040,15,24,28,0,46,19,11,21,23,27,0,1,28,8,49,34,28,14,21,12,18,20,12,7,0,16,22,39,26,32,36,23,99.61,22.29,660,1.35,0.79,0.64,2.9,3.44,3.68,2.0,4.76,3.14,2.66,3.26,3.38,3.62,2.0,2.06,3.68,2.48,4.94,4.04
795404,23,11,19,46,27,49,23,41,16,8,28,41,48,1,44,0,5,14,39,16,42,36,43,18,21,7,35,34,48,19,38,43,156.06,28.21,883,1.49,1.19,1.01,3.38,2.66,3.14,4.76,3.62,4.94,3.38,4.46,2.96,2.48,3.68,4.46,4.88,2.06,4.64,2.0
870933,50,30,41,43,36,32,23,32,48,28,36,2,45,4,38,50,24,49,6,14,17,10,50,14,50,35,46,10,32,31,17,43,146.79,31.82,986,1.05,1.17,1.11,5.0,3.8,4.46,4.58,4.16,3.92,3.38,3.92,4.88,3.68,4.16,2.12,4.7,2.24,4.28,5.0
176467,16,16,35,8,3,24,32,31,19,9,31,38,12,30,23,9,33,43,33,6,6,23,48,0,16,21,27,2,27,35,34,26,153.89,24.34,716,1.02,0.55,1.17,2.96,2.96,4.1,2.48,2.18,3.44,3.92,3.86,3.14,2.54,3.86,4.28,2.72,3.8,3.38,2.54
723873,19,36,30,40,10,2,38,15,19,32,8,3,7,0,16,46,47,38,29,39,0,47,19,25,0,16,46,39,23,6,42,40,138.63,25.38,777,0.93,0.77,1.04,3.14,4.16,3.8,4.4,2.6,2.12,4.28,2.9,3.14,3.92,2.48,2.18,2.42,2.0,2.96,4.76
751836,46,49,19,3,18,1,7,46,43,4,34,20,23,39,13,0,50,16,0,30,20,34,26,14,6,35,49,39,9,9,19,0,141.97,23.9,721,1.02,1.47,0.61,4.76,4.94,3.14,2.18,3.08,2.06,2.42,4.76,4.58,2.24,4.04,3.2,3.38,4.34,2.78,2.0
649491,47,20,24,39,35,44,3,40,32,1,12,20,48,47,8,50,20,33,5,48,17,21,18,48,15,28,0,47,11,13,12,50,133.61,27.28,856,1.31,0.93,1.25,4.82,3.2,3.44,4.34,4.1,4.64,2.18,4.4,3.92,2.06,2.72,3.2,4.88,4.82,2.48,5.0
238932,6,44,27,36,40,23,12,23,7,17,4,20,22,47,23,14,9,14,23,43,21,41,47,4,38,1,45,24,48,50,26,26,102.02,26.82,825,1.47,1.36,0.63,2.36,4.64,3.62,4.16,4.4,3.38,2.72,3.38,2.42,3.02,2.24,3.2,3.32,4.82,3.38,2.84
440355,39,18,5,4,26,8,36,44,34,0,47,28,46,21,11,3,50,15,22,48,42,3,29,35,48,31,31,8,12,3,2,48,99.61,25.58,797,0.95,0.72,0.95,4.34,3.08,2.3,2.24,3.56,2.48,4.16,4.64,4.04,2.0,4.82,3.68,4.76,3.26,2.66,2.18
142682,13,1,47,43,47,29,7,11,45,16,7,15,5,49,2,32,15,23,25,26,11,18,48,47,50,4,40,0,11,22,12,32,149.95,23.84,753,1.32,1.27,1.32,2.78,2.06,4.82,4.58,4.82,3.74,2.42,2.66,4.7,2.96,2.42,2.9,2.3,4.94,2.12,3.92
89601,34,32,25,32,36,0,20,3,5,41,48,25,26,44,42,2,3,32,2,11,6,31,36,15,20,16,42,9,27,35,18,37,156.21,24.89,755,1.33,1.42,1.43,4.04,3.92,3.5,3.92,4.16,2.0,3.2,2.18,2.3,4.46,4.88,3.5,3.56,4.64,4.52,2.12
970462,47,14,3,12,41,27,36,9,44,47,35,12,45,17,5,31,22,44,31,37,43,18,41,9,46,18,18,30,13,40,30,41,101.26,30.2,906,0.87,1.33,1.19,4.82,2.84,2.18,2.72,4.46,3.62,4.16,2.54,4.64,4.82,4.1,2.72,4.7,3.02,2.3,3.86
817054,42,16,0,40,3,26,31,37,46,19,26,24,15,47,5,49,44,33,28,10,11,20,31,50,4,28,14,19,14,26,43,33,102.86,26.21,834,0.76,0.94,1.29,4.52,2.96,2.0,4.4,2.18,3.56,3.86,4.22,4.76,3.14,3.56,3.44,2.9,4.82,2.3,4.94
450169,40,21,19,8,33,44,31,50,36,4,23,48,37,10,20,17,20,18,27,45,22,4,46,32,19,5,15,36,47,13,37,38,82.54,27.38,865,1.38,0.77,1.22,4.4,3.26,3.14,2.48,3.98,4.64,3.86,5.0,4.16,2.24,3.38,4.88,4.22,2.6,3.2,3.02
736052,36,21,43,14,44,14,40,36,7,46,35,3,20,17,35,0,26,29,12,34,20,0,3,3,42,28,15,40,15,39,23,9,109.25,25.09,749,1.15,0.71,0.7,4.16,3.26,4.58,2.84,4.64,2.84,4.4,4.16,2.42,4.76,4.1,2.18,3.2,3.02,4.1,2.0
894521,31,3,46,5,7,23,45,45,38,26,45,13,48,8,44,32,4,31,6,30,20,28,27,24,40,36,20,48,1,48,2,15,112.73,27.18,839,0.68,0.7,1.43,3.86,2.18,4.76,2.3,2.42,3.38,4.7,4.7,4.28,3.56,4.7,2.78,4.88,2.48,4.64,3.92
168828,12,49,48,44,36,50,5,45,33,47,1,46,22,3,16,49,18,15,44,19,8,41,8,12,17,15,4,4,46,40,4,38,106.82,28.03,839,1.27,1.03,0.7,2.72,4.94,4.88,4.64,4.16,5.0,2.3,4.7,3.98,4.82,2.06,4.76,3.32,2.18,2.96,4.94
140582,9,19,28,45,0,18,48,36,9,48,1,16,14,14,12,40,27,24,36,5,17,4,12,35,9,32,29,6,22,20,13,24,101.5,21.61,672,0.61,1.14,0.89,2.54,3.14,3.68,4.7,2.0,3.08,4.88,4.16,2.54,4.88,2.06,2.96,2.84,2.84,2.72,4.4
409104,17,11,25,46,31,8,3,6,45,8,3,24,16,29,13,0,16,7,27,13,42,16,13,8,18,47,42,32,43,47,36,25,137.49,23.5,717,1.04,0.89,0.67,3.02,2.66,3.5,4.76,3.86,2.48,2.18,2.36,4.7,2.48,2.18,3.44,2.96,3.74,2.78,2.0
142111,4,4,25,14,47,44,29,22,45,48,3,19,2,20,35,29,34,28,24,22,16,10,30,24,32,8,45,6,29,14,3,39,116.25,24.16,754,0.98,1.22,0.67,2.24,2.24,3.5,2.84,4.82,4.64,3.74,3.32,4.7,4.88,2.18,3.14,2.12,3.2,4.1,3.74
694451,40,47,2,19,31,50,39,7,7,11,15,40,35,49,3,15,5,32,2,17,40,11,33,11,27,36,36,35,30,7,1,18,130.06,25.45,751,1.27,0.91,0.6,4.4,4.82,2.12,3.14,3.86,5.0,4.34,2.42,2.42,2.66,2.9,4.4,4.1,4.94,2.18,2.9
375253,41,36,34,25,30,44,37,8,21,4,34,17,9,33,28,14,8,25,45,7,43,2,45,0,21,39,13,30,40,23,37,1,124.36,26.13,794,1.18,0.95,1.05,4.46,4.16,4.04,3.5,3.8,4.64,4.22,2.48,3.26,2.24,4.04,3.02,2.54,3.98,3.68,2.84
596868,17,1,40,26,9,18,10,22,50,25,33,33,10,43,14,21,12,8,18,23,3,44,10,33,16,35,25,34,9,7,34,37,148.97,23.68,720,1.31,0.59,0.68,3.02,2.06,4.4,3.56,2.54,3.08,2.6,3.32,5.0,3.5,3.98,3.98,2.6,4.58,2.84,3.26
647383,46,47,33,25,39,23,11,5,0,39,50,18,29,20,25,11,33,11,8,17,38,17,22,39,28,27,9,9,34,45,48,16,112.37,26.06,822,0.58,1.13,0.81,4.76,4.82,3.98,3.5,4.34,3.38,2.66,2.3,2.0,4.34,5.0,3.08,3.74,3.2,3.5,2.66
613955,37,11,18,6,30,38,35,27,15,32,16,50,41,19,42,17,42,33,14,35,4,34,21,10,34,3,2,5,33,33,10,5,159.58,24.27,752,1.27,0.53,1.38,4.22,2.66,3.08,2.36,3.8,4.28,4.1,3.62,2.9,3.92,2.96,5.0,4.46,3.14,4.52,3.02
624403,29,2,39,4,24,16,39,38,46,12,8,34,34,18,5,41,18,23,23,10,3,31,34,16,3,1,31,31,36,12,41,29,101.77,24.1,731,0.92,0.89,0.78,3.74,2.12,4.34,2.24,3.44,2.96,4.34,4.28,4.76,2.72,2.48,4.04,4.04,3.08,2.3,4.46
861879,12,24,27,43,27,10,22,27,37,39,39,7,5,22,40,45,39,21,5,19,14,24,6,30,1,7,50,17,43,44,21,16,118.18,25.04,783,1.12,0.87,0.79,2.72,3.44,3.62,4.58,3.62,2.6,3.32,3.62,4.22,4.34,4.34,2.42,2.3,3.32,4.4,4.7
169502,50,11,50,14,23,31,18,29,7,4,18,8,3,41,34,20,30,29,7,19,10,11,33,18,16,15,47,50,9,28,33,31,97.13,24.75,747,1.45,1.09,1.37,5.0,2.66,5.0,2.84,3.38,3.86,3.08,3.74,2.42,2.24,3.08,2.48,2.18,4.46,4.04,3.2
637475,23,50,28,31,44,47,32,33,10,17,11,31,26,11,25,24,37,8,45,3,31,14,16,7,45,0,24,32,35,34,27,23,113.33,27.25,824,1.19,0.76,1.05,3.38,5.0,3.68,3.86,4.64,4.82,3.92,3.98,2.6,3.02,2.66,3.86,3.56,2.66,3.5,3.44
661640,10,2,32,7,29,46,50,33,11,49,4,0,5,22,23,5,37,17,30,39,24,34,10,18,11,38,6,19,37,7,15,8,99.74,22.44,678,0.82,1.02,0.55,2.6,2.12,3.92,2.42,3.74,4.76,5.0,3.98,2.66,4.94,2.24,2.0,2.3,3.32,3.38,2.3
88056,31,41,13,38,24,17,19,42,20,30,25,29,11,6,7,26,20,24,18,10,7,28,37,25,30,14,33,45,28,47,22,28,119.06,26.51,795,1.44,1.37,1.27,3.86,4.46,2.78,4.28,3.44,3.02,3.14,4.52,3.2,3.8,3.5,3.74,2.66,2.36,2.42,3.56
562781,33,25,42,45,46,8,33,33,42,48,40,40,31,10,28,15,25,49,44,40,15,17,6,12,31,34,30,13,12,47,37,37,128.98,31.72,968,1.47,0.84,0.57,3.98,3.5,4.52,4.7,4.76,2.48,3.98,3.98,4.52,4.88,4.4,4.4,3.86,2.6,3.68,2.9
8730,16,13,32,16,4,21,27,46,40,34,38,35,49,29,36,40,36,0,36,22,12,47,9,6,50,1,10,39,13,14,5,45,117.34,26.19,821,1.12,1.13,1.17,2.96,2.78,3.92,2.96,2.24,3.26,3.62,4.76,4.4,4.04,4.28,4.1,4.94,3.74,4.16,4.4
170988,17,23,11,50,5,7,41,34,20,6,21,11,3,13,27,2,23,16,7,21,33,49,9,0,14,45,26,4,21,50,46,4,92.5,22.39,659,0.86,1.09,0.78,3.02,3.38,2.66,5.0,2.3,2.42,4.46,4.04,3.2,2.36,3.26,2.66,2.18,2.78,3.62,2.12
104639,15,13,44,28,28,17,0,8,31,26,23,19,44,44,35,40,42,43,26,20,18,13,6,32,19,5,9,30,6,41,26,14,140.51,24.2,765,0.7,1.03,0.54,2.9,2.78,4.64,3.68,3.68,3.02,2.0,2.48,3.86,3.56,3.38,3.14,4.64,4.64,4.1,4.4
618851,49,8,21,36,22,2,2,41,0,43,44,6,9,10,3,34,13,30,41,31,11,3,46,6,0,12,19,41,15,25,25,13,88.21,21.82,661,1.27,0.91,1.42,4.94,2.48,3.26,4.16,3.32,2.12,2.12,4.46,2.0,4.58,4.64,2.36,2.54,2.6,2.18,4.04
417063,26,5,2,0,23,26,18,21,38,34,49,35,11,1,2,42,20,40,1,31,43,34,47,47,13,41,12,45,20,41,40,31,154.39,27.38,839,1.09,0.94,1.0,3.56,2.3,2.12,2.0,3.38,3.56,3.08,3.26,4.28,4.04,4.94,4.1,2.66,2.06,2.12,4.52
160328,9,24,11,43,44,17,20,43,29,25,44,22,1,19,47,34,22,32,49,29,43,48,9,19,5,44,17,50,21,28,49,26,99.47,29.14,923,0.62,1.09,1.39,2.54,3.44,2.66,4.58,4.64,3.02,3.2,4.58,3.74,3.5,4.64,3.32,2.06,3.14,4.82,4.04
163236,45,23,7,33,46,8,30,6,40,37,29,5,37,1,26,21,20,18,10,1,5,17,21,20,48,50,27,3,43,38,33,43,111.84,25.32,791,0.85,1.35,0.82,4.7,3.38,2.42,3.98,4.76,2.48,3.8,2.36,4.4,4.22,3.74,2.3,4.22,2.06,3.56,3.26
377449,23,16,21,7,18,41,42,45,39,31,18,50,49,30,1,33,39,16,29,41,46,28,19,10,40,41,42,39,31,26,19,35,107.56,32.1,965,0.69,1.44,1.14,3.38,2.96,3.26,2.42,3.08,4.46,4.52,4.7,4.34,3.86,3.08,5.0,4.94,3.8,2.06,3.98
53808,35,15,36,48,35,48,48,6,46,34,46,35,50,1,37,16,27,48,35,11,5,29,24,27,11,44,10,36,32,9,36,43,146.61,31.82,963,1.45,0.83,1.04,4.1,2.9,4.16,4.88,4.1,4.88,4.88,2.36,4.76,4.04,4.76,4.1,5.0,2.06,4.22,2.96
361516,25,16,31,22,33,23,0,38,0,49,45,8,36,10,16,29,50,45,47,40,26,33,22,6,37,49,5,13,20,44,10,2,134.35,27.69,830,0.66,1.36,0.53,3.5,2.96,3.86,3.32,3.98,3.38,2.0,4.28,2.0,4.94,4.7,2.48,4.16,2.6,2.96,3.74
743450,34,6,28,28,17,38,47,5,24,2,3,49,50,4,41,46,13,41,0,5,38,10,19,40,27,37,37,19,28,8,9,31,108.61,26.23,784,0.55,1.12,1.21,4.04,2.36,3.68,3.68,3.02,4.28,4.82,2.3,3.44,2.12,2.18,4.94,5.0,2.24,4.46,4.76
131300,1,4,44,26,41,31,45,46,7,25,31,41,32,31,39,32,38,26,38,21,1,12,37,25,28,26,35,37,5,28,42,42,137.81,29.47,917,1.02,0.56,0.94,2.06,2.24,4.64,3.56,4.46,3.86,4.7,4.76,2.42,3.5,3.86,4.46,3.92,3.86,4.34,3.92
618186,22,12,11,23,50,9,36,41,31,36,6,9,19,27,16,6,32,33,38,46,13,44,47,17,5,26,33,16,8,1,22,21,90.63,25.49,756,0.54,0.57,1.35,3.32,2.72,2.66,3.38,5.0,2.54,4.16,4.46,3.86,4.16,2.36,2.54,3.14,3.62,2.96,2.36
813159,0,0,26,0,39,32,15,3,3,43,33,0,12,29,11,20,41,3,35,15,22,16,1,8,50,3,35,22,25,11,13,9,96.93,19.54,575,1.27,1.38,1.3,2.0,2.0,3.56,2.0,4.34,3.92,2.9,2.18,2.18,4.58,3.98,2.0,2.72,3.74,2.66,3.2
686411,10,3,15,47,0,5,2,30,27,13,50,41,45,45,22,9,3,36,19,18,12,41,44,12,21,19,28,19,27,34,9,37,152.2,24.73,743,1.31,0.54,0.89,2.6,2.18,2.9,4.82,2.0,2.3,2.12,3.8,3.62,2.78,5.0,4.46,4.7,4.7,3.32,2.54
774281,4,23,25,43,25,9,2,33,46,34,14,26,5,4,32,49,22,38,11,6,22,33,38,9,31,27,27,17,49,12,36,37,107.07,25.64,789,0.51,1.09,0.5,2.24,3.38,3.5,4.58,3.5,2.54,2.12,3.98,4.76,4.04,2.84,3.56,2.3,2.24,3.92,4.94
208590,26,26,7,24,33,23,50,16,34,25,11,49,41,10,7,40,6,27,29,13,23,14,38,14,26,44,6,23,0,24,11,7,130.94,24.32,727,1.01,0.58,0.51,3.56,3.56,2.42,3.44,3.98,3.38,5.0,2.96,4.04,3.5,2.66,4.94,4.46,2.6,2.42,4.4
567943,36,4,3,0,18,33,23,38,7,35,8,21,18,50,20,44,8,10,35,21,10,40,35,50,49,23,18,36,13,38,40,7,115.92,25.16,791,0.77,1.41,0.55,4.16,2.24,2.18,2.0,3.08,3.98,3.38,4.28,2.42,4.1,2.48,3.26,3.08,5.0,3.2,4.64
735861,27,14,14,47,15,5,15,1,5,26,8,42,41,21,47,39,46,24,43,12,23,2,41,11,44,18,41,0,22,18,6,35,94.79,24.85,753,1.29,0.82,1.49,3.62,2.84,2.84,4.82,2.9,2.3,2.9,2.06,2.3,3.56,2.48,4.52,4.46,3.26,4.82,4.34
888369,29,28,12,4,37,9,32,26,42,6,14,30,0,38,14,26,18,27,24,9,8,4,46,35,9,15,49,24,37,24,21,48,146.65,24.54,745,1.38,0.6,0.6,3.74,3.68,2.72,2.24,4.22,2.54,3.92,3.56,4.52,2.36,2.84,3.8,2.0,4.28,2.84,3.56
844399,38,45,21,7,26,28,18,28,34,29,25,16,10,5,48,47,41,44,22,30,14,33,41,38,31,29,39,42,19,17,0,31,101.76,28.41,896,1.05,0.68,1.26,4.28,4.7,3.26,2.42,3.56,3.68,3.08,3.68,4.04,3.74,3.5,2.96,2.6,2.3,4.88,4.82
795566,23,10,31,14,34,7,13,38,14,20,10,36,2,13,8,43,36,37,8,17,21,29,44,12,27,17,30,20,26,16,33,44,81.41,24.87,733,0.68,1.46,1.02,3.38,2.6,3.86,2.84,4.04,2.42,2.78,4.28,2.84,3.2,2.6,4.16,2.12,2.78,2.48,4.58
126807,42,39,28,27,5,31,33,4,50,43,20,23,10,22,38,26,7,34,32,40,10,38,1,26,1,25,19,4,29,4,30,32,81.01,25.47,773,1.19,1.33,1.22,4.52,4.34,3.68,3.62,2.3,3.86,3.98,2.24,5.0,4.58,3.2,3.38,2.6,3.32,4.28,3.56
20630,20,19,2,40,27,3,1,45,40,48,6,29,21,17,24,37,13,0,0,50,38,26,32,32,11,13,21,27,6,37,36,21,159.11,23.96,742,0.87,0.63,1.19,3.2,3.14,2.12,4.4,3.62,2.18,2.06,4.7,4.4,4.88,2.36,3.74,3.26,3.02,3.44,4.22
936390,0,19,0,29,7,3,11,8,24,26,27,29,19,8,25,37,22,15,33,11,13,18,19,44,2,8,36,17,49,16,41,18,134.61,21.49,634,1.27,0.92,1.17,2.0,3.14,2.0,3.74,2.42,2.18,2.66,2.48,3.44,3.56,3.62,3.74,3.14,2.48,3.5,4.22
799296,5,9,47,18,37,25,44,10,21,1,18,3,11,42,22,37,5,7,10,44,47,16,30,23,43,17,20,42,0,5,8,4,158.52,21.72,671,1.14,1.16,0.95,2.3,2.54,4.82,3.08,4.22,3.5,4.64,2.6,3.26,2.06,3.08,2.18,2.66,4.52,3.32,4.22
912443,38,29,40,28,29,18,1,6,6,10,2,36,46,9,36,30,34,47,24,11,5,20,5,46,27,29,3,2,11,27,2,19,103.03,22.88,676,1.45,1.3,1.19,4.28,3.74,4.4,3.68,3.74,3.08,2.06,2.36,2.36,2.6,2.12,4.16,4.76,2.54,4.16,3.8
136345,46,36,33,8,43,4,12,38,23,7,3,40,36,20,3,35,7,38,44,24,19,39,2,17,38,9,27,0,30,37,19,25,123.88,24.77,762,0.5,1.0,0.89,4.76,4.16,3.98,2.48,4.58,2.24,2.72,4.28,3.38,2.42,2.18,4.4,4.16,3.2,2.18,4.1
735962,34,34,43,33,48,28,36,17,1,34,30,29,26,38,45,7,6,20,48,29,25,27,3,8,45,18,48,31,26,23,3,15,80.35,28.57,858,0.63,0.71,1.09,4.04,4.04,4.58,3.98,4.88,3.68,4.16,3.02,2.06,4.04,3.8,3.74,3.56,4.28,4.7,2.42
229401,9,27,19,12,37,35,33,20,37,7,4,22,2,22,46,5,2,17,3,9,48,32,32,11,32,5,29,39,30,38,44,45,155.2,23.94,753,0.82,0.65,0.56,2.54,3.62,3.14,2.72,4.22,4.1,3.98,3.2,4.22,2.42,2.24,3.32,2.12,3.32,4.76,2.3
901183,31,27,1,9,40,12,4,3,26,1,42,3,48,11,39,32,33,9,8,12,28,26,1,27,37,18,40,19,32,17,4,6,143.51,20.43,646,0.58,1.11,1.43,3.86,3.62,2.06,2.54,4.4,2.72,2.24,2.18,3.56,2.06,4.52,2.18,4.88,2.66,4.34,3.92
786576,27,50,6,6,40,8,34,18,6,42,42,35,34,41,36,13,15,28,7,17,10,15,11,19,32,22,30,34,15,36,42,18,110.87,26.05,789,1.33,0.55,1.29,3.62,5.0,2.36,2.36,4.4,2.48,4.04,3.08,2.36,4.52,4.52,4.1,4.04,4.46,4.16,2.78
549287,44,8,33,45,36,6,21,49,43,35,44,38,34,39,21,38,34,8,35,45,4,50,31,38,7,23,13,18,3,21,50,14,116.63,30.45,928,0.64,0.71,0.89,4.64,2.48,3.98,4.7,4.16,2.36,3.26,4.94,4.58,4.1,4.64,4.28,4.04,4.34,3.26,4.28
197957,24,4,32,38,10,38,14,34,33,17,23,41,17,29,7,30,9,12,46,24,24,41,5,49,41,39,31,9,16,40,29,49,126.87,27.58,855,0.89,1.08,0.6,3.44,2.24,3.92,4.28,2.6,4.28,2.84,4.04,3.98,3.02,3.38,4.46,3.02,3.74,2.42,3.8
167006,23,17,13,12,26,36,43,21,34,34,17,40,2,22,25,45,15,13,31,1,19,18,10,9,10,34,44,38,28,36,26,38,132.47,24.8,780,0.59,0.67,1.43,3.38,3.02,2.78,2.72,3.56,4.16,4.58,3.26,4.04,4.04,3.02,4.4,2.12,3.32,3.5,4.7
498368,36,19,13,9,40,26,12,23,39,30,26,11,42,35,14,48,44,18,12,18,49,25,26,26,8,40,24,11,36,27,18,10,129.08,27.33,815,1.33,1.1,1.29,4.16,3.14,2.78,2.54,4.4,3.56,2.72,3.38,4.34,3.8,3.56,2.66,4.52,4.1,2.84,4.88
810044,3,2,1,10,6,28,26,48,39,19,4,22,12,22,50,49,23,4,1,16,38,11,13,27,19,5,24,44,19,26,32,19,143.99,22.66,662,0.77,1.25,1.19,2.18,2.12,2.06,2.6,2.36,3.68,3.56,4.88,4.34,3.14,2.24,3.32,2.72,3.32,5.0,4.94
710828,28,22,50,28,23,30,49,50,41,1,47,1,29,31,22,31,16,1,1,9,50,26,27,38,30,46,20,31,45,14,19,29,130.21,28.95,885,0.77,0.87,1.23,3.68,3.32,5.0,3.68,3.38,3.8,4.94,5.0,4.46,2.06,4.82,2.06,3.74,3.86,3.32,3.86
569804,41,2,18,4,26,46,33,41,32,4,24,41,35,14,16,10,40,7,46,14,21,12,27,23,44,10,14,30,17,37,39,46,153.89,27.04,814,0.71,1.06,0.74,4.46,2.12,3.08,2.24,3.56,4.76,3.98,4.46,3.92,2.24,3.44,4.46,4.1,2.84,2.96,2.6
913752,0,27,45,30,7,43,5,11,16,45,43,15,36,17,27,38,20,33,24,35,40,4,11,19,19,18,37,15,32,12,39,46,97.9,26.13,809,1.37,0.87,1.39,2.0,3.62,4.7,3.8,2.42,4.58,2.3,2.66,2.96,4.7,4.58,2.9,4.16,3.02,3.62,4.28
90156,29,11,8,49,28,28,3,6,44,29,32,43,36,20,3,3,22,50,40,17,2,30,14,40,17,18,27,36,22,11,32,6,126.98,25.12,756,1.41,1.33,0.92,3.74,2.66,2.48,4.94,3.68,3.68,2.18,2.36,4.64,3.74,3.92,4.58,4.16,3.2,2.18,2.18
166591,39,4,36,20,41,4,2,46,36,22,36,43,42,45,9,46,19,8,39,6,49,27,33,29,6,8,45,22,4,42,16,44,82.77,27.74,868,0.74,1.05,0.63,4.34,2.24,4.16,3.2,4.46,2.24,2.12,4.76,4.16,3.32,4.16,4.58,4.52,4.7,2.54,4.76
813335,28,18,50,6,43,26,19,50,27,14,42,4,31,42,24,14,50,32,30,27,31,39,46,11,29,5,42,10,4,44,1,47,156.17,29.54,886,1.0,0.52,0.84,3.68,3.08,5.0,2.36,4.58,3.56,3.14,5.0,3.62,2.84,4.52,2.24,3.86,4.52,3.44,2.84
409650,11,42,26,45,14,6,43,2,2,30,18,19,32,50,46,45,1,34,41,10,3,46,8,34,28,13,46,42,16,35,12,31,112.63,26.31,831,0.95,0.93,0.96,2.66,4.52,3.56,4.7,2.84,2.36,4.58,2.12,2.12,3.8,3.08,3.14,3.92,5.0,4.76,4.7
829069,27,30,13,42,13,40,36,14,38,38,11,40,14,24,12,1,18,20,8,49,13,1,23,12,43,41,49,49,31,30,44,13,108.41,26.26,837,0.73,1.06,0.82,3.62,3.8,2.78,4.52,2.78,4.4,4.16,2.84,4.28,4.28,2.66,4.4,2.84,3.44,2.72,2.06
20579,44,44,9,31,13,41,44,46,10,26,25,24,20,24,10,3,44,27,14,37,40,16,5,48,27,19,12,11,43,17,12,6,134.69,26.73,792,1.5,0.6,0.95,4.64,4.64,2.54,3.86,2.78,4.46,4.64,4.76,2.6,3.56,3.5,3.44,3.2,3.44,2.6,2.18
91503,40,42,22,38,8,19,3,29,14,12,48,20,6,22,21,20,0,29,33,9,43,42,8,28,4,39,9,42,11,6,23,34,125.51,23.41,724,1.1,0.91,0.5,4.4,4.52,3.32,4.28,2.48,3.14,2.18,3.74,2.84,2.72,4.88,3.2,2.36,3.32,3.26,3.2
64802,19,46,23,45,10,44,46,26,42,41,14,15,31,40,10,49,14,6,4,4,31,19,9,23,47,17,44,25,15,23,49,6,116.27,27.81,837,1.46,1.13,0.94,3.14,4.76,3.38,4.7,2.6,4.64,4.76,3.56,4.52,4.46,2.84,2.9,3.86,4.4,2.6,4.94
689575,13,40,29,12,21,29,27,24,43,36,16,23,20,27,50,10,2,6,40,43,23,14,13,12,30,49,32,44,47,42,33,50,112.03,30.03,900,0.63,1.34,0.93,2.78,4.4,3.74,2.72,3.26,3.74,3.62,3.44,4.58,4.16,2.96,3.38,3.2,3.62,5.0,2.6
915779,37,22,45,16,46,38,33,46,18,5,6,15,6,7,8,4,9,49,44,2,35,50,1,38,22,33,1,36,5,27,38,8,140.24,24.42,750,0.71,0.58,1.03,4.22,3.32,4.7,2.96,4.76,4.28,3.98,4.76,3.08,2.3,2.36,2.9,2.36,2.42,2.48,2.24
322080,21,34,37,32,8,11,17,16,3,27,31,32,20,37,38,41,40,45,7,42,5,10,10,23,41,35,5,43,37,44,10,18,154.72,27.51,820,1.45,0.87,0.64,3.26,4.04,4.22,3.92,2.48,2.66,3.02,2.96,2.18,3.62,3.86,3.92,3.2,4.22,4.28,4.46
905616,48,12,43,39,11,23,7,27,35,11,35,34,40,24,21,35,28,6,26,44,35,17,47,20,28,43,6,34,37,45,9,46,99.34,30.41,916,0.93,1.25,0.53,4.88,2.72,4.58,4.34,2.66,3.38,2.42,3.62,4.1,2.66,4.1,4.04,4.4,3.44,3.26,4.1
921595,7,23,36,44,43,44,5,26,23,43,10,16,22,17,2,14,32,0,1,6,11,36,49,6,2,35,37,33,27,20,9,22,158.89,22.85,701,0.78,0.89,0.97,2.42,3.38,4.16,4.64,4.58,4.64,2.3,3.56,3.38,4.58,2.6,2.96,3.32,3.02,2.12,2.84
941081,7,0,1,34,12,13,34,42,39,43,48,2,27,24,37,30,40,6,7,16,6,2,37,39,30,36,3,45,41,41,0,35,127.81,24.51,777,0.93,1.1,1.34,2.42,2.0,2.06,4.04,2.72,2.78,4.04,4.52,4.34,4.58,4.88,2.12,3.62,3.44,4.22,3.8
313348,23,14,5,1,2,25,11,10,43,13,35,3,6,42,23,9,26,31,24,27,8,48,33,46,14,45,29,7,40,3,49,0,89.36,22.21,695,1.03,0.86,0.71,3.38,2.84,2.3,2.06,2.12,3.5,2.66,2.6,4.58,2.78,4.1,2.18,2.36,4.52,3.38,2.54
658971,7,3,20,28,3,0,20,6,2,34,36,22,13,8,48,18,17,45,49,47,1,38,25,49,29,26,31,9,49,35,4,28,99.78,24.16,750,1.16,1.01,1.25,2.42,2.18,3.2,3.68,2.18,2.0,3.2,2.36,2.12,4.04,4.16,3.32,2.78,2.48,4.88,3.08
283954,13,36,19,27,49,2,39,32,25,46,11,10,21,11,42,40,27,28,36,40,3,46,20,12,17,17,24,32,4,17,6,17,92.97,25.07,769,0.57,0.53,0.54,2.78,4.16,3.14,3.62,4.94,2.12,4.34,3.92,3.5,4.76,2.66,2.6,3.26,2.66,4.52,4.4
952388,0,0,26,25,21,23,27,20,43,45,30,43,28,22,17,45,46,25,9,40,2,23,44,14,42,7,37,28,16,12,36,8,109.84,25.54,804,0.86,0.79,0.66,2.0,2.0,3.56,3.5,3.26,3.38,3.62,3.2,4.58,4.7,3.8,4.58,3.68,3.32,3.02,4.7
156367,21,22,37,0,19,41,1,18,31,43,32,18,34,13,42,38,6,50,41,24,16,17,27,29,12,27,45,24,38,23,24,8,121.65,27.19,821,0.72,1.08,0.77,3.26,3.32,4.22,2.0,3.14,4.46,2.06,3.08,3.86,4.58,3.92,3.08,4.04,2.78,4.52,4.28
843998,34,17,4,29,4,20,35,10,30,8,37,15,6,22,26,8,15,46,5,3,11,39,26,8,31,33,38,43,13,34,10,19,158.41,21.42,679,1.05,0.87,1.03,4.04,3.02,2.24,3.74,2.24,3.2,4.1,2.6,3.8,2.48,4.22,2.9,2.36,3.32,3.56,2.48
531711,16,43,22,21,23,18,50,48,30,20,32,41,42,19,34,25,41,46,44,23,27,24,16,16,46,48,33,23,22,46,11,14,89.92,30.54,964,1.37,0.6,1.39,2.96,4.58,3.32,3.26,3.38,3.08,5.0,4.88,3.8,3.2,3.92,4.46,4.52,3.14,4.04,3.5
631758,29,9,5,44,47,19,27,50,48,31,42,1,50,44,49,38,39,35,21,0,24,31,1,9,31,36,6,47,45,2,37,27,140.71,30.38,924,0.82,1.39,0.8,3.74,2.54,2.3,4.64,4.82,3.14,3.62,5.0,4.88,3.86,4.52,2.06,5.0,4.64,4.94,4.28
422907,34,3,30,28,7,1,33,3,34,42,49,9,26,16,11,31,29,12,32,42,46,41,20,36,17,35,8,32,7,15,12,46,97.81,25.09,787,0.74,0.83,0.91,4.04,2.18,3.8,3.68,2.42,2.06,3.98,2.18,4.04,4.52,4.94,2.54,3.56,2.96,2.66,3.86
29728,14,7,14,17,11,45,22,28,26,44,31,38,48,21,35,36,10,3,28,30,17,15,10,25,35,16,21,23,37,7,3,21,126.87,24.96,738,0.79,1.35,0.85,2.84,2.42,2.84,3.02,2.66,4.7,3.32,3.68,3.56,4.64,3.86,4.28,4.88,3.26,4.1,4.16
193020,46,20,22,13,41,34,29,48,16,20,1,36,4,25,35,12,40,38,6,23,41,21,22,8,6,47,27,40,24,38,36,21,148.91,26.9,840,1.33,1.01,0.96,4.76,3.2,3.32,2.78,4.46,4.04,3.74,4.88,2.96,3.2,2.06,4.16,2.24,3.5,4.1,2.72
495348,17,28,15,30,26,38,19,8,42,15,20,3,29,49,1,26,9,9,4,15,25,50,34,19,37,27,18,22,45,12,9,12,118.84,24.1,713,0.52,1.34,1.23,3.02,3.68,2.9,3.8,3.56,4.28,3.14,2.48,4.52,2.9,3.2,2.18,3.74,4.94,2.06,3.56
155626,38,21,0,39,45,46,31,8,24,38,40,7,1,31,12,30,48,8,0,25,49,13,35,15,25,47,32,32,38,35,45,4,80.07,27.54,862,1.27,1.08,1.28,4.28,3.26,2.0,4.34,4.7,4.76,3.86,2.48,3.44,4.28,4.4,2.42,2.06,3.86,2.72,3.8
52100,22,32,11,23,4,5,39,49,8,16,4,38,38,8,15,21,0,20,9,27,50,6,16,17,18,32,2,33,42,25,18,37,83.87,23.06,685,1.07,1.11,1.27,3.32,3.92,2.66,3.38,2.24,2.3,4.34,4.94,2.48,2.96,2.24,4.28,4.28,2.48,2.9,3.26
473446,0,0,3,30,40,32,19,9,42,15,47,22,42,50,45,50,11,19,31,32,16,43,16,6,9,50,32,43,13,39,35,30,97.92,28.63,871,0.99,0.96,0.79,2.0,2.0,2.18,3.8,4.4,3.92,3.14,2.54,4.52,2.9,4.82,3.32,4.52,5.0,4.7,5.0
113501,35,43,27,8,27,8,10,38,5,48,25,14,4,31,19,21,1,4,16,0,22,25,41,38,25,7,46,31,8,8,1,10,141.98,21.65,646,1.14,0.68,0.63,4.1,4.58,3.62,2.48,3.62,2.48,2.6,4.28,2.3,4.88,3.5,2.84,2.24,3.86,3.14,3.26
447863,19,5,26,46,20,5,15,20,20,42,38,40,32,41,30,6,34,20,21,20,39,29,0,49,9,39,31,14,50,46,40,16,115.04,27.97,862,0.6,1.18,0.79,3.14,2.3,3.56,4.76,3.2,2.3,2.9,3.2,3.2,4.52,4.28,4.4,3.92,4.46,3.8,2.36
903955,7,31,35,25,5,2,21,49,14,1,44,39,12,18,5,17,36,31,24,14,39,22,50,28,37,26,9,1,37,33,34,19,145.07,24.99,765,0.76,0.72,1.26,2.42,3.86,4.1,3.5,2.3,2.12,3.26,4.94,2.84,2.06,4.64,4.34,2.72,3.08,2.3,3.02
428487,18,40,37,16,0,50,36,31,9,43,31,20,44,36,23,37,22,30,20,46,9,13,41,42,16,49,18,23,44,7,45,0,145.87,28.91,896,0.59,0.94,0.55,3.08,4.4,4.22,2.96,2.0,5.0,4.16,3.86,2.54,4.58,3.86,3.2,4.64,4.16,3.38,4.22
571337,47,34,36,42,5,46,30,30,38,49,40,24,19,42,7,0,30,4,28,23,34,46,10,49,7,27,43,35,13,4,43,18,112.79,29.1,903,0.74,1.2,1.34,4.82,4.04,4.16,4.52,2.3,4.76,3.8,3.8,4.28,4.94,4.4,3.44,3.14,4.52,2.42,2.0
14745,49,21,32,46,45,26,44,0,40,5,29,26,43,20,16,30,19,24,4,29,10,21,10,42,8,12,18,19,7,12,48,38,126.68,25.27,793,1.29,1.28,1.01,4.94,3.26,3.92,4.76,4.7,3.56,4.64,2.0,4.4,2.3,3.74,3.56,4.58,3.2,2.96,3.8
662276,8,38,5,12,45,10,21,11,46,1,23,9,43,30,21,45,12,44,31,25,37,37,40,5,15,46,47,46,0,14,10,24,149.2,26.51,801,1.12,1.41,1.11,2.48,4.28,2.3,2.72,4.7,2.6,3.26,2.66,4.76,2.06,3.38,2.54,4.58,3.8,3.26,4.7
978878,22,48,10,19,16,25,36,35,43,18,41,8,24,15,31,48,10,45,17,41,23,18,18,19,47,36,21,1,24,22,35,13,113.15,26.23,829,0.59,0.79,0.62,3.32,4.88,2.6,3.14,2.96,3.5,4.16,4.1,4.58,3.08,4.46,2.48,3.44,2.9,3.86,4.88
205309,4,11,8,20,2,30,27,22,22,30,22,10,16,40,33,2,8,31,19,27,1,16,1,20,11,18,32,30,24,29,40,39,114.74,21.08,645,1.42,0.71,0.69,2.24,2.66,2.48,3.2,2.12,3.8,3.62,3.32,3.32,3.8,3.32,2.6,2.96,4.4,3.98,2.12
960668,27,8,21,5,39,24,4,30,13,32,46,37,17,41,9,27,30,47,30,42,35,8,38,45,5,13,36,13,46,25,14,19,129.16,26.97,826,0.87,0.67,0.96,3.62,2.48,3.26,2.3,4.34,3.44,2.24,3.8,2.78,3.92,4.76,4.22,3.02,4.46,2.54,3.62
431539,29,48,34,50,17,18,50,45,25,20,36,33,7,45,17,37,16,44,49,39,42,37,4,4,29,5,8,10,8,29,11,43,93.18,28.36,889,0.66,1.32,0.89,3.74,4.88,4.04,5.0,3.02,3.08,5.0,4.7,3.5,3.2,4.16,3.98,2.42,4.7,3.02,4.22
553576,46,3,41,38,36,1,3,46,2,32,32,34,44,6,50,36,50,1,49,13,36,22,1,5,33,41,5,18,12,23,44,4,144.78,25.73,807,0.84,1.03,0.66,4.76,2.18,4.46,4.28,4.16,2.06,2.18,4.76,2.12,3.92,3.92,4.04,4.64,2.36,5.0,4.16
187811,16,29,6,32,8,25,18,48,1,47,34,35,28,12,41,38,39,35,28,39,28,39,46,27,49,7,40,36,25,16,36,47,90.7,30.14,955,1.22,1.32,0.87,2.96,3.74,2.36,3.92,2.48,3.5,3.08,4.88,2.06,4.82,4.04,4.1,3.68,2.72,4.46,4.28
238874,34,1,12,50,2,48,39,21,36,21,20,0,23,42,41,37,36,20,27,46,44,13,37,30,9,33,37,38,2,43,34,13,134.5,28.01,889,1.39,1.02,0.68,4.04,2.06,2.72,5.0,2.12,4.88,4.34,3.26,4.16,3.26,3.2,2.0,3.38,4.52,4.46,4.22
136734,22,9,4,14,14,45,14,27,12,1,22,9,1,3,0,9,1,10,35,28,50,34,29,15,48,40,20,46,48,9,14,16,82.69,21.88,649,1.43,0.79,0.76,3.32,2.54,2.24,2.84,2.84,4.7,2.84,3.62,2.72,2.06,3.32,2.54,2.06,2.18,2.0,2.54
120727,6,44,38,37,2,47,31,35,32,28,43,41,39,15,50,40,41,10,34,32,46,28,47,5,25,7,29,27,42,46,49,38,135.98,32.89,1034,0.98,0.64,1.07,2.36,4.64,4.28,4.22,2.12,4.82,3.86,4.1,3.92,3.68,4.58,4.46,4.34,2.9,5.0,4.4
106894,48,9,18,18,15,17,43,24,21,39,43,10,38,37,7,46,39,5,28,46,49,37,5,50,7,2,17,11,31,35,16,40,129.83,28.08,851,0.96,0.87,0.6,4.88,2.54,3.08,3.08,2.9,3.02,4.58,3.44,3.26,4.34,4.58,2.6,4.28,4.22,2.42,4.76
737848,10,17,40,22,36,36,45,14,14,32,14,37,44,49,16,8,41,48,39,41,28,14,39,8,9,37,43,13,3,4,3,3,133.7,26.99,807,0.74,0.72,1.3,2.6,3.02,4.4,3.32,4.16,4.16,4.7,2.84,2.84,3.92,2.84,4.22,4.64,4.94,2.96,2.48
430764,1,50,7,25,42,4,23,49,10,19,29,22,50,40,31,26,47,24,22,44,23,3,34,28,6,16,44,43,7,24,43,25,157.77,28.57,861,1.23,1.2,0.68,2.06,5.0,2.42,3.5,4.52,2.24,3.38,4.94,2.6,3.14,3.74,3.32,5.0,4.4,3.86,3.56
354799,31,25,27,1,13,10,28,12,8,28,2,34,19,4,24,45,31,31,3,43,9,33,14,38,11,5,26,26,6,40,23,42,101.47,21.99,692,1.06,0.92,0.92,3.86,3.5,3.62,2.06,2.78,2.6,3.68,2.72,2.48,3.68,2.12,4.04,3.14,2.24,3.44,4.7
75430,39,13,45,5,16,34,18,47,33,6,37,20,13,13,32,37,3,12,18,0,13,5,35,2,14,10,12,33,3,38,8,18,156.39,19.99,632,0.97,0.6,1.35,4.34,2.78,4.7,2.3,2.96,4.04,3.08,4.82,3.98,2.36,4.22,3.2,2.78,2.78,3.92,4.22
34007,9,50,5,13,45,21,14,29,34,44,7,10,47,11,13,19,41,18,1,12,38,35,1,30,0,5,35,13,49,32,23,19,141.2,23.08,723,0.69,0.93,0.64,2.54,5.0,2.3,2.78,4.7,3.26,2.84,3.74,4.04,4.64,2.42,2.6,4.82,2.66,2.78,3.14
824973,27,45,38,4,14,35,50,3,46,50,7,9,6,43,31,3,8,15,3,2,28,18,8,38,24,29,24,50,23,43,37,21,128.66,24.98,782,1.39,0.98,0.55,3.62,4.7,4.28,2.24,2.84,4.1,5.0,2.18,4.76,5.0,2.42,2.54,2.36,4.58,3.86,2.18
663006,18,13,24,12,46,43,2,49,37,45,10,21,14,43,23,50,23,4,45,14,5,35,7,16,33,36,49,25,11,37,10,48,95.26,27.62,848,0.88,1.33,1.23,3.08,2.78,3.44,2.72,4.76,4.58,2.12,4.94,4.22,4.7,2.6,3.26,2.84,4.58,3.38,5.0
912482,30,42,17,26,5,18,18,13,7,10,43,44,17,3,13,8,10,36,39,33,1,33,12,0,4,40,13,31,6,41,2,22,105.49,20.19,637,1.37,0.85,0.6,3.8,4.52,3.02,3.56,2.3,3.08,3.08,2.78,2.42,2.6,4.58,4.64,3.02,2.18,2.78,2.48
519365,20,37,25,20,38,17,34,1,42,26,46,18,43,45,41,23,20,14,32,16,0,21,12,11,50,46,6,0,28,1,17,48,118.42,26.21,798,1.05,1.04,1.15,3.2,4.22,3.5,3.2,4.28,3.02,4.04,2.06,4.52,3.56,4.76,3.08,4.58,4.7,4.46,3.38
413619,7,11,4,44,43,17,40,3,13,6,12,34,1,49,45,18,7,43,7,16,45,44,20,8,36,20,5,14,29,28,27,49,111.66,24.1,745,1.0,1.19,0.87,2.42,2.66,2.24,4.64,4.58,3.02,4.4,2.18,2.78,2.36,2.72,4.04,2.06,4.94,4.7,3.08
642586,31,46,3,37,0,11,19,29,30,18,13,13,26,23,5,34,13,0,6,48,14,7,8,18,34,2,44,44,45,25,31,29,80.09,23.58,706,1.45,0.54,1.09,3.86,4.76,2.18,4.22,2.0,2.66,3.14,3.74,3.8,3.08,2.78,2.78,3.56,3.38,2.3,4.04
752171,14,40,43,10,44,41,27,7,20,42,17,46,2,8,7,27,8,32,33,11,10,30,33,12,18,39,11,34,30,34,0,25,98.15,24.2,755,0.94,0.72,0.82,2.84,4.4,4.58,2.6,4.64,4.46,3.62,2.42,3.2,4.52,3.02,4.76,2.12,2.48,2.42,3.62
811097,7,46,41,2,4,13,8,9,45,21,4,16,23,30,27,50,12,39,8,37,7,7,27,5,21,20,35,32,37,31,30,25,111.75,23.93,719,0.69,1.02,0.76,2.42,4.76,4.46,2.12,2.24,2.78,2.48,2.54,4.7,3.26,2.24,2.96,3.38,3.8,3.62,5.0
107377,42,28,2,13,17,24,1,9,40,22,23,35,33,13,37,31,45,7,7,0,9,37,21,34,29,12,41,35,35,31,32,11,147.17,25.16,756,0.91,1.38,1.31,4.52,3.68,2.12,2.78,3.02,3.44,2.06,2.54,4.4,3.32,3.38,4.1,3.98,2.78,4.22,3.86
756909,19,42,40,16,36,35,27,10,33,34,8,32,8,38,17,47,15,24,30,28,36,15,43,10,13,33,30,16,35,20,21,32,131.09,26.45,843,0.92,1.22,1.01,3.14,4.52,4.4,2.96,4.16,4.1,3.62,2.6,3.98,4.04,2.48,3.92,2.48,4.28,3.02,4.82
690944,4,11,49,26,1,8,22,30,45,4,8,9,23,32,5,44,27,4,46,47,44,17,35,32,21,47,24,44,8,25,34,29,112.08,25.85,805,1.13,0.58,0.71,2.24,2.66,4.94,3.56,2.06,2.48,3.32,3.8,4.7,2.24,2.48,2.54,3.38,3.92,2.3,4.64
333517,9,23,32,12,0,49,28,5,22,36,11,5,16,1,32,26,40,5,47,27,39,15,4,20,23,46,0,14,37,44,19,8,86.57,23.2,695,1.5,0.71,1.25,2.54,3.38,3.92,2.72,2.0,4.94,3.68,2.3,3.32,4.16,2.66,2.3,2.96,2.06,3.92,3.56
390418,3,21,32,45,10,29,40,44,49,11,40,9,16,45,41,18,46,38,2,17,15,48,6,27,4,23,36,48,40,21,21,1,102.81,27.6,846,1.29,0.93,1.49,2.18,3.26,3.92,4.7,2.6,3.74,4.4,4.64,4.94,2.66,4.4,2.54,2.96,4.7,4.46,3.08
732428,38,4,34,32,4,46,3,38,49,45,30,14,9,48,32,32,18,34,20,0,29,19,35,39,32,16,14,21,9,49,9,15,145.87,26.4,817,1.3,1.12,0.81,4.28,2.24,4.04,3.92,2.24,4.76,2.18,4.28,4.94,4.7,3.8,2.84,2.54,4.88,3.92,3.92
124531,18,9,5,24,24,10,41,37,47,12,45,0,4,41,3,27,26,8,48,45,25,23,22,4,26,49,30,17,4,31,18,3,106.33,23.73,726,0.66,0.76,1.09,3.08,2.54,2.3,3.44,3.44,2.6,4.46,4.22,4.82,2.72,4.7,2.0,2.24,4.46,2.18,3.62
833166,45,30,8,29,14,38,3,30,14,14,50,19,48,40,24,43,48,46,42,28,39,10,20,43,24,17,12,49,38,24,32,43,135.3,32.01,964,0.81,1.42,0.75,4.7,3.8,2.48,3.74,2.84,4.28,2.18,3.8,2.84,2.84,5.0,3.14,4.88,4.4,3.44,4.58
329309,11,35,38,15,28,48,25,30,34,35,33,11,0,34,39,5,50,21,40,45,34,25,25,34,35,28,9,43,33,19,15,16,143.34,28.41,893,1.27,0.92,1.1,2.66,4.1,4.28,2.9,3.68,4.88,3.5,3.8,4.04,4.1,3.98,2.66,2.0,4.04,4.34,2.3
242165,7,37,21,39,24,17,34,2,32,19,50,23,9,48,9,12,37,7,47,33,6,12,18,25,0,24,46,50,2,42,46,48,116.78,26.98,826,1.27,1.46,1.19,2.42,4.22,3.26,4.34,3.44,3.02,4.04,2.12,3.92,3.14,5.0,3.38,2.54,4.88,2.54,2.72
43436,2,50,17,5,22,27,22,3,34,18,29,24,20,17,6,34,29,49,24,49,2,6,42,49,9,39,7,39,20,45,15,22,83.47,26.09,776,1.44,0.7,0.63,2.12,5.0,3.02,2.3,3.32,3.62,3.32,2.18,4.04,3.08,3.74,3.44,3.2,3.02,2.36,4.04
928349,22,29,16,8,37,6,24,3,39,32,39,6,15,45,17,13,10,39,33,21,32,6,26,31,39,36,41,17,17,50,10,2,85.12,24.35,761,0.62,1.1,1.42,3.32,3.74,2.96,2.48,4.22,2.36,3.44,2.18,4.34,3.92,4.34,2.36,2.9,4.7,3.02,2.78
411996,29,24,28,36,39,27,0,10,29,24,35,5,0,40,29,18,36,8,37,31,41,0,21,27,31,31,21,16,41,24,23,24,135.63,25.38,785,1.5,1.34,1.39,3.74,3.44,3.68,4.16,4.34,3.62,2.0,2.6,3.74,3.44,4.1,2.3,2.0,4.4,3.74,3.08
873598,4,36,29,11,39,1,47,19,21,31,43,47,0,46,32,18,28,29,46,10,37,47,43,45,23,43,29,9,40,36,9,10,143.31,29.42,908,1.14,1.1,0.53,2.24,4.16,3.74,2.66,4.34,2.06,4.82,3.14,3.26,3.86,4.58,4.82,2.0,4.76,3.92,3.08
795490,18,15,35,17,40,8,31,35,25,50,31,37,4,13,39,48,7,14,38,1,27,18,31,38,26,6,31,39,24,25,28,28,93.97,27.83,827,1.19,1.31,0.73,3.08,2.9,4.1,3.02,4.4,2.48,3.86,4.1,3.5,5.0,3.86,4.22,2.24,2.78,4.34,4.88
322970,17,14,25,33,12,43,50,32,37,47,38,22,38,23,33,24,5,50,1,16,26,16,42,24,24,16,41,32,8,46,14,43,120.73,28.38,892,1.17,0.69,1.37,3.02,2.84,3.5,3.98,2.72,4.58,5.0,3.92,4.22,4.82,4.28,3.32,4.28,3.38,3.98,3.44
300944,41,8,20,48,29,37,26,13,25,22,20,5,18,33,28,36,22,47,21,0,49,46,44,40,8,29,4,5,28,26,15,19,130.13,25.64,812,1.09,1.38,0.5,4.46,2.48,3.2,4.88,3.74,4.22,3.56,2.78,3.5,3.32,3.2,2.3,3.08,3.98,3.68,4.16
324827,9,38,50,8,4,7,22,4,1,8,3,29,33,20,46,49,34,24,19,16,39,47,16,33,3,18,47,40,34,44,25,6,137.44,25.8,776,1.41,1.3,1.0,2.54,4.28,5.0,2.48,2.24,2.42,3.32,2.24,2.06,2.48,2.18,3.74,3.98,3.2,4.76,4.94
211878,42,39,13,6,42,48,45,2,34,35,47,42,5,6,8,10,35,20,41,15,31,17,46,33,28,3,36,22,22,47,6,15,124.56,27.0,841,0.96,1.38,0.79,4.52,4.34,2.78,2.36,4.52,4.88,4.7,2.12,4.04,4.1,4.82,4.52,2.3,2.36,2.48,2.6
482112,46,11,43,1,41,37,26,34,2,0,14,11,45,4,8,23,39,41,12,31,16,27,23,48,9,27,37,31,16,15,2,28,156.3,24.61,748,0.6,1.26,0.71,4.76,2.66,4.58,2.06,4.46,4.22,3.56,4.04,2.12,2.0,2.84,2.66,4.7,2.24,2.48,3.38
322511,36,19,7,19,18,34,41,49,8,21,12,4,22,14,41,18,2,47,41,22,38,34,2,43,2,27,9,1,11,29,36,2,150.48,24.04,709,1.28,1.37,1.34,4.16,3.14,2.42,3.14,3.08,4.04,4.46,4.94,2.48,3.26,2.72,2.24,3.32,2.84,4.46,3.08
389334,4,6,20,34,49,38,21,44,25,25,13,32,7,9,0,14,48,24,5,30,37,12,40,20,16,24,37,46,44,2,23,2,158.4,23.61,751,0.55,1.11,1.49,2.24,2.36,3.2,4.04,4.94,4.28,3.26,4.64,3.5,3.5,2.78,3.92,2.42,2.54,2.0,2.84
741064,43,2,45,1,49,31,39,17,48,33,14,0,38,27,3,3,30,15,29,27,27,18,21,18,35,31,4,38,39,43,19,6,98.49,25.51,793,1.09,0.56,1.12,4.58,2.12,4.7,2.06,4.94,3.86,4.34,3.02,4.88,3.98,2.84,2.0,4.28,3.62,2.18,2.18
642370,48,33,11,48,37,50,19,23,21,50,4,9,20,27,26,14,41,41,43,24,20,0,49,3,27,20,24,15,26,46,1,15,103.11,27.45,835,0.97,0.72,0.9,4.88,3.98,2.66,4.88,4.22,5.0,3.14,3.38,3.26,5.0,2.24,2.54,3.2,3.62,3.56,2.84
424382,17,43,6,29,1,33,30,48,23,21,6,36,23,20,41,5,50,1,41,23,8,7,20,2,16,26,36,5,49,22,26,47,131.0,24.78,761,0.55,1.19,1.32,3.02,4.58,2.36,3.74,2.06,3.98,3.8,4.88,3.38,3.26,2.36,4.16,3.38,3.2,4.46,2.3
660490,26,28,17,6,33,2,22,7,34,13,49,29,20,23,7,33,43,18,18,5,48,19,19,46,22,22,42,50,42,22,29,48,142.37,27.34,842,0.96,0.87,0.75,3.56,3.68,3.02,2.36,3.98,2.12,3.32,2.42,4.04,2.78,4.94,3.74,3.2,3.38,2.42,3.98
677334,22,34,43,31,45,25,35,27,15,35,39,33,18,22,5,34,27,30,2,5,37,40,31,8,35,10,39,9,22,2,34,47,83.01,28.1,841,1.31,1.45,0.66,3.32,4.04,4.58,3.86,4.7,3.5,4.1,3.62,2.9,4.1,4.34,3.98,3.08,3.32,2.3,4.04
484255,22,27,50,18,10,44,44,25,50,3,2,28,7,21,26,26,39,20,20,23,3,4,49,41,19,4,12,19,40,41,32,8,154.67,26.15,777,0.63,1.24,0.67,3.32,3.62,5.0,3.08,2.6,4.64,4.64,3.5,5.0,2.18,2.12,3.68,2.42,3.26,3.56,3.56
97441,22,31,43,15,37,50,12,19,12,48,12,46,24,10,45,43,27,40,38,15,9,31,31,43,16,20,27,12,39,7,27,2,141.84,27.86,853,1.07,1.49,0.96,3.32,3.86,4.58,2.9,4.22,5.0,2.72,3.14,2.72,4.88,2.72,4.76,3.44,2.6,4.7,4.58
372549,31,50,19,23,13,48,20,33,33,33,48,10,50,23,38,13,3,24,46,31,42,0,36,19,5,1,6,42,25,25,2,32,146.13,26.78,824,1.11,0.56,1.01,3.86,5.0,3.14,3.38,2.78,4.88,3.2,3.98,3.98,3.98,4.88,2.6,5.0,3.38,4.28,2.78
566521,31,15,19,22,47,49,33,27,49,26,14,27,23,1,25,29,2,47,38,39,33,34,49,6,17,27,11,10,18,28,0,16,96.56,26.7,812,1.23,1.05,0.62,3.86,2.9,3.14,3.32,4.82,4.94,3.98,3.62,4.94,3.56,2.84,3.62,3.38,2.06,3.5,3.74
543696,0,3,7,48,35,42,13,24,42,35,34,8,37,30,18,39,23,28,4,0,24,38,20,13,19,12,43,14,29,22,25,34,140.74,23.96,763,1.26,1.3,0.69,2.0,2.18,2.42,4.88,4.1,4.52,2.78,3.44,4.52,4.1,4.04,2.48,4.22,3.8,3.08,4.34
874223,41,30,46,0,2,23,1,33,47,35,44,24,14,20,41,36,21,38,25,33,6,0,37,41,10,45,8,14,48,36,34,21,133.99,27.3,854,0.64,1.23,1.4,4.46,3.8,4.76,2.0,2.12,3.38,2.06,3.98,4.82,4.1,4.64,3.44,2.84,3.2,4.46,4.16
25458,32,37,9,4,21,9,40,21,12,38,13,32,10,46,26,27,6,42,38,36,42,14,34,43,30,49,23,42,32,32,33,3,105.55,28.39,876,0.76,1.35,1.32,3.92,4.22,2.54,2.24,3.26,2.54,4.4,3.26,2.72,4.28,2.78,3.92,2.6,4.76,3.56,3.62
452634,5,5,13,49,44,18,22,27,26,28,13,36,5,16,22,28,8,15,22,4,2,23,5,44,5,48,0,38,43,49,21,27,129.45,23.02,711,1.39,0.75,0.81,2.3,2.3,2.78,4.94,4.64,3.08,3.32,3.62,3.56,3.68,2.78,4.16,2.3,2.96,3.32,3.68
100392,45,1,1,43,18,19,1,2,17,30,47,36,38,40,17,39,14,49,16,26,16,47,36,50,27,47,25,23,1,50,17,41,101.41,28.91,879,0.62,1.16,1.45,4.7,2.06,2.06,4.58,3.08,3.14,2.06,2.12,3.02,3.8,4.82,4.16,4.28,4.4,3.02,4.34
839270,13,40,23,45,42,45,8,7,49,22,39,12,20,2,28,38,19,22,19,19,9,48,30,47,24,32,42,14,8,31,2,43,109.7,26.75,842,0.78,0.69,1.37,2.78,4.4,3.38,4.7,4.52,4.7,2.48,2.42,4.94,3.32,4.34,2.72,3.2,2.12,3.68,4.28
377635,3,23,1,36,14,28,5,27,38,8,10,4,4,2,22,3,29,45,7,29,29,50,43,41,5,30,12,32,10,17,50,3,87.49,21.1,660,0.94,1.4,1.02,2.18,3.38,2.06,4.16,2.84,3.68,2.3,3.62,4.28,2.48,2.6,2.24,2.24,2.12,3.32,2.18
353066,23,6,28,50,22,35,26,14,6,28,27,40,43,3,49,32,12,20,2,0,46,13,10,12,19,10,29,11,1,10,29,28,154.54,22.78,684,0.56,1.05,0.69,3.38,2.36,3.68,5.0,3.32,4.1,3.56,2.84,2.36,3.68,3.62,4.4,4.58,2.18,4.94,3.92
547714,43,42,33,37,1,42,7,41,9,23,4,12,26,19,4,41,21,6,41,43,22,18,25,33,28,14,37,0,25,26,28,15,93.26,25.26,766,1.41,0.87,1.11,4.58,4.52,3.98,4.22,2.06,4.52,2.42,4.46,2.54,3.38,2.24,2.72,3.56,3.14,2.24,4.46
300925,9,28,50,21,40,16,40,15,35,28,6,19,43,28,10,27,13,1,20,35,42,11,17,38,39,3,22,37,39,28,40,15,154.93,25.77,815,0.74,0.57,1.22,2.54,3.68,5.0,3.26,4.4,2.96,4.4,2.9,4.1,3.68,2.36,3.14,4.58,3.68,2.6,3.62
839115,34,38,7,10,25,38,43,14,5,29,45,0,43,0,24,9,41,30,48,31,40,10,7,11,40,0,8,35,40,10,16,12,127.41,23.63,743,0.61,1.19,1.33,4.04,4.28,2.42,2.6,3.5,4.28,4.58,2.84,2.3,3.74,4.7,2.0,4.58,2.0,3.44,2.54
45285,34,16,28,39,22,45,4,33,26,5,1,38,23,24,46,5,9,32,34,10,3,9,5,16,24,3,8,49,1,48,13,26,148.42,22.08,679,1.08,1.0,1.3,4.04,2.96,3.68,4.34,3.32,4.7,2.24,3.98,3.56,2.3,2.06,4.28,3.38,3.44,4.76,2.3
497140,43,27,0,43,2,15,17,15,30,23,12,35,46,16,5,42,12,19,21,39,21,28,18,31,28,44,48,20,24,44,43,8,141.53,26.93,819,0.67,0.55,1.12,4.58,3.62,2.0,4.58,2.12,2.9,3.02,2.9,3.8,3.38,2.72,4.1,4.76,2.96,2.3,4.52
44740,15,32,45,29,43,38,20,5,8,33,19,7,37,8,48,25,33,18,39,16,15,34,35,11,45,18,4,7,29,44,23,34,81.96,26.73,817,1.22,1.26,0.68,2.9,3.92,4.7,3.74,4.58,4.28,3.2,2.3,2.48,3.98,3.14,2.42,4.22,2.48,4.88,3.5
860531,47,14,4,33,40,49,12,17,7,0,14,24,24,26,13,48,18,36,44,40,26,27,28,21,23,3,26,5,44,10,44,28,115.01,25.59,795,1.48,1.0,0.78,4.82,2.84,2.24,3.98,4.4,4.94,2.72,3.02,2.42,2.0,2.84,3.44,3.44,3.56,2.78,4.88
11154,38,41,41,39,40,38,48,40,17,47,3,33,33,33,5,11,6,38,16,42,37,25,50,48,13,43,1,27,11,11,49,32,118.08,30.44,956,1.22,1.06,0.91,4.28,4.46,4.46,4.34,4.4,4.28,4.88,4.4,3.02,4.82,2.18,3.98,3.98,3.98,2.3,2.66
127075,33,13,29,47,9,34,27,42,27,2,23,19,49,7,32,25,14,34,13,16,48,26,24,0,30,42,37,22,28,44,12,47,80.71,27.76,855,1.45,1.03,0.66,3.98,2.78,3.74,4.82,2.54,4.04,3.62,4.52,3.62,2.12,3.38,3.14,4.94,2.42,3.92,3.5
977758,34,3,6,47,14,19,10,46,5,28,39,34,0,24,13,28,13,26,28,39,4,48,1,36,23,38,29,25,4,28,49,32,118.33,24.66,773,0.55,0.81,0.9,4.04,2.18,2.36,4.82,2.84,3.14,2.6,4.76,2.3,3.68,4.34,4.04,2.0,3.44,2.78,3.68
628010,8,19,22,15,7,15,40,8,0,23,42,27,33,38,43,37,9,15,28,36,2,26,13,5,10,9,40,31,37,10,44,12,93.17,22.69,704,0.69,1.43,1.49,2.48,3.14,3.32,2.9,2.42,2.9,4.4,2.48,2.0,3.38,4.52,3.62,3.98,4.28,4.58,4.22
48928,13,39,14,1,17,20,28,8,44,17,23,0,5,46,18,41,1,40,9,36,7,50,31,18,19,15,50,2,0,25,2,25,100.65,21.37,664,1.12,0.81,0.65,2.78,4.34,2.84,2.06,3.02,3.2,3.68,2.48,4.64,3.02,3.38,2.0,2.3,4.76,3.08,4.46
137172,0,17,38,43,6,30,15,41,48,26,38,42,17,4,41,30,28,49,3,27,29,17,27,12,16,39,39,7,36,14,30,22,143.0,26.18,831,0.97,0.72,1.33,2.0,3.02,4.28,4.58,2.36,3.8,2.9,4.46,4.88,3.56,4.28,4.52,3.02,2.24,4.46,3.8
492488,44,8,3,1,38,15,3,0,10,29,29,35,43,10,15,31,42,37,17,13,22,10,24,23,16,35,6,18,46,30,49,7,143.41,22.9,709,1.11,1.41,0.51,4.64,2.48,2.18,2.06,4.28,2.9,2.18,2.0,2.6,3.74,3.74,4.1,4.58,2.6,2.9,3.86
39463,12,50,20,18,26,3,5,37,25,2,12,26,13,26,15,9,45,30,10,48,3,40,40,15,41,45,50,4,8,20,46,18,92.01,25.63,762,0.89,1.43,1.15,2.72,5.0,3.2,3.08,3.56,2.18,2.3,4.22,3.5,2.12,2.72,3.56,2.78,3.56,2.9,2.54
697601,19,20,21,3,6,41,22,42,10,38,4,32,50,18,31,18,3,29,7,11,28,48,38,1,16,18,6,30,21,1,18,37,80.89,22.41,687,0.87,1.38,0.79,3.14,3.2,3.26,2.18,2.36,4.46,3.32,4.52,2.6,4.28,2.24,3.92,5.0,3.08,3.86,3.08
313826,49,23,1,47,5,28,47,40,1,16,17,9,31,32,31,3,45,13,0,33,42,34,34,21,42,31,2,15,40,10,8,18,135.11,24.57,768,0.72,1.35,1.26,4.94,3.38,2.06,4.82,2.3,3.68,4.82,4.4,2.06,2.96,3.02,2.54,3.86,3.92,3.86,2.18
770081,11,16,34,8,43,3,15,21,35,5,41,33,3,6,49,28,27,20,24,27,9,43,41,18,39,43,45,27,28,48,20,28,88.47,26.82,838,0.97,1.18,1.2,2.66,2.96,4.04,2.48,4.58,2.18,2.9,3.26,4.1,2.3,4.46,3.98,2.18,2.36,4.94,3.68
260960,8,12,46,7,12,30,34,29,39,36,34,0,44,33,36,10,10,7,47,27,9,23,40,20,50,44,37,41,11,4,7,16,100.04,26.39,803,0.77,0.97,0.71,2.48,2.72,4.76,2.42,2.72,3.8,4.04,3.74,4.34,4.16,4.04,2.0,4.64,3.98,4.16,2.6
137737,33,22,8,50,2,13,28,24,5,48,4,48,6,37,27,42,5,18,10,16,45,36,50,25,4,25,13,1,40,45,27,13,135.94,25.71,770,1.02,0.64,0.68,3.98,3.32,2.48,5.0,2.12,2.78,3.68,3.44,2.3,4.88,2.24,4.88,2.36,4.22,3.62,4.52
992043,33,33,26,37,19,6,8,42,37,12,25,18,23,17,42,46,29,2,19,39,0,7,42,23,26,46,24,40,18,22,48,29,110.65,27.92,838,0.81,0.77,1.03,3.98,3.98,3.56,4.22,3.14,2.36,2.48,4.52,4.22,2.72,3.5,3.08,3.38,3.02,4.52,4.76
644773,38,4,41,43,10,15,22,16,24,49,48,13,24,38,14,24,5,12,44,41,27,8,30,44,4,16,40,40,14,7,11,19,122.35,25.15,785,0.53,0.96,1.36,4.28,2.24,4.46,4.58,2.6,2.9,3.32,2.96,3.44,4.94,4.88,2.78,3.44,4.28,2.84,3.44
996153,37,12,8,3,4,46,42,19,5,26,46,50,22,30,48,9,36,48,16,24,25,43,17,4,43,26,42,5,29,3,42,46,149.73,28.2,856,1.49,0.59,0.92,4.22,2.72,2.48,2.18,2.24,4.76,4.52,3.14,2.3,3.56,4.76,5.0,3.32,3.8,4.88,2.54
52695,18,16,43,26,8,4,35,24,1,36,42,6,4,43,15,2,45,18,48,44,13,36,34,24,35,37,6,16,24,33,29,41,142.02,26.06,806,0.66,1.24,1.37,3.08,2.96,4.58,3.56,2.48,2.24,4.1,3.44,2.06,4.16,4.52,2.36,2.24,4.58,2.9,2.12
395385,31,18,20,50,21,33,33,12,44,25,49,6,46,15,23,40,4,27,17,25,47,36,22,8,16,25,0,31,45,29,47,12,94.93,27.47,857,1.35,0.56,0.97,3.86,3.08,3.2,5.0,3.26,3.98,3.98,2.72,4.64,3.5,4.94,2.36,4.76,2.9,3.38,4.4
440057,38,43,18,18,32,40,46,42,45,28,43,26,24,30,46,45,18,24,0,11,0,7,12,38,11,50,32,9,20,47,9,14,108.17,27.55,866,1.42,0.72,1.25,4.28,4.58,3.08,3.08,3.92,4.4,4.76,4.52,4.7,3.68,4.58,3.56,3.44,3.8,4.76,4.7
734072,45,32,11,48,33,44,4,30,2,50,17,35,33,1,40,9,7,3,24,48,33,20,45,45,15,18,47,11,49,44,5,24,137.61,28.64,872,1.06,0.63,1.31,4.7,3.92,2.66,4.88,3.98,4.64,2.24,3.8,2.12,5.0,3.02,4.1,3.98,2.06,4.4,2.54
219473,35,28,14,19,40,47,26,43,16,7,20,0,23,43,6,18,34,8,15,49,14,36,24,45,8,7,10,4,48,13,36,14,96.17,25.03,750,0.54,0.95,1.27,4.1,3.68,2.84,3.14,4.4,4.82,3.56,4.58,2.96,2.42,3.2,2.0,3.38,4.58,2.36,3.08
212699,9,4,46,21,12,50,34,22,17,11,15,7,5,7,22,17,38,17,21,33,22,50,7,10,11,18,29,41,3,13,5,49,147.61,22.07,666,1.11,0.83,1.41,2.54,2.24,4.76,3.26,2.72,5.0,4.04,3.32,3.02,2.66,2.9,2.42,2.3,2.42,3.32,3.02
795395,47,4,44,17,27,27,38,48,46,27,24,4,16,20,44,11,20,21,47,35,24,40,30,43,15,41,37,11,23,30,0,11,113.93,29.13,872,1.02,0.5,0.7,4.82,2.24,4.64,3.02,3.62,3.62,4.28,4.88,4.76,3.62,3.44,2.24,2.96,3.2,4.64,2.66
512797,25,31,0,35,22,23,16,48,27,28,46,15,32,18,40,19,25,43,47,15,43,28,1,11,41,2,44,34,45,13,11,11,124.88,27.05,839,0.76,1.17,0.59,3.5,3.86,2.0,4.1,3.32,3.38,2.96,4.88,3.62,3.68,4.76,2.9,3.92,3.08,4.4,3.14
208482,22,7,13,7,42,9,26,9,38,22,31,17,0,18,21,11,8,16,9,2,12,33,25,30,12,28,41,24,27,26,8,19,132.19,20.49,613,0.63,0.84,0.85,3.32,2.42,2.78,2.42,4.52,2.54,3.56,2.54,4.28,3.32,3.86,3.02,2.0,3.08,3.26,2.66
76064,20,33,18,48,33,17,40,5,45,3,19,13,1,20,3,36,31,30,48,2,13,13,18,47,31,49,17,35,36,42,1,18,94.75,25.76,785,1.07,0.95,1.22,3.2,3.98,3.08,4.88,3.98,3.02,4.4,2.3,4.7,2.18,3.14,2.78,2.06,3.2,2.18,4.16
577026,20,8,2,40,43,42,32,0,18,21,50,42,46,32,17,49,17,0,18,13,26,28,3,0,48,40,13,34,15,50,36,49,131.66,27.14,852,0.74,0.81,0.78,3.2,2.48,2.12,4.4,4.58,4.52,3.92,2.0,3.08,3.26,5.0,4.52,4.76,3.92,3.02,4.94
657364,13,49,45,24,38,19,34,36,38,27,43,16,49,39,24,27,48,37,40,46,45,3,12,21,26,49,6,12,21,9,45,15,109.83,30.33,956,1.39,1.33,1.12,2.78,4.94,4.7,3.44,4.28,3.14,4.04,4.16,4.28,3.62,4.58,2.96,4.94,4.34,3.44,3.62
465115,42,14,17,50,20,11,14,14,46,19,0,15,14,22,31,2,20,12,5,32,23,44,28,10,33,22,23,23,50,4,26,9,156.37,23.16,695,0.85,0.56,1.47,4.52,2.84,3.02,5.0,3.2,2.66,2.84,2.84,4.76,3.14,2.0,2.9,2.84,3.32,3.86,2.12
381117,47,30,8,39,44,49,8,33,36,3,33,25,28,27,6,25,22,35,20,9,42,3,48,18,29,48,17,50,28,50,29,46,80.44,31.21,935,1.33,1.1,1.44,4.82,3.8,2.48,4.34,4.64,4.94,2.48,3.98,4.16,2.18,3.98,3.5,3.68,3.62,2.36,3.5
19119,40,6,47,6,36,11,29,36,45,19,1,23,13,37,5,5,9,44,43,37,50,30,46,16,10,42,24,18,41,35,0,22,131.53,26.7,826,1.32,0.62,1.15,4.4,2.36,4.82,2.36,4.16,2.66,3.74,4.16,4.7,3.14,2.06,3.38,2.78,4.22,2.3,2.3
458980,15,11,26,6,8,40,47,49,1,32,37,22,32,16,38,14,42,27,42,19,33,25,21,22,25,16,23,27,46,19,32,15,99.92,26.29,828,1.16,1.36,1.33,2.9,2.66,3.56,2.36,2.48,4.4,4.82,4.94,2.06,3.92,4.22,3.32,3.92,2.96,4.28,2.84
357202,24,14,29,9,15,3,16,36,46,23,18,25,30,3,33,12,10,11,32,30,41,41,22,36,33,29,37,7,46,24,4,4,108.43,23.94,743,1.16,1.33,0.86,3.44,2.84,3.74,2.54,2.9,2.18,2.96,4.16,4.76,3.38,3.08,3.5,3.8,2.18,3.98,2.72
283066,2,15,25,36,38,25,42,44,14,22,48,25,25,21,15,10,12,8,10,2,20,10,21,5,7,3,24,40,31,11,49,12,157.09,22.62,672,0.59,0.8,1.2,2.12,2.9,3.5,4.16,4.28,3.5,4.52,4.64,2.84,3.32,4.88,3.5,3.5,3.26,2.9,2.6
106588,39,17,46,41,13,10,36,43,20,41,28,8,4,4,14,49,23,50,37,50,43,16,22,19,14,0,8,27,19,26,7,0,134.93,26.03,774,1.02,1.01,1.27,4.34,3.02,4.76,4.46,2.78,2.6,4.16,4.58,3.2,4.46,3.68,2.48,2.24,2.24,2.84,4.94
582029,2,29,42,6,29,16,9,5,10,41,30,8,32,17,30,30,41,34,45,8,29,35,48,19,33,0,26,26,35,31,2,15,155.11,25.69,763,1.19,1.33,0.51,2.12,3.74,4.52,2.36,3.74,2.96,2.54,2.3,2.6,4.46,3.8,2.48,3.92,3.02,3.8,3.8
928453,18,1,14,40,36,1,50,21,39,40,23,1,47,36,36,31,12,5,4,12,37,50,2,50,24,24,17,12,39,8,15,42,141.72,25.42,787,0.52,1.1,1.17,3.08,2.06,2.84,4.4,4.16,2.06,5.0,3.26,4.34,4.4,3.38,2.06,4.82,4.16,4.16,3.86
771304,27,0,39,3,13,25,43,21,7,12,2,30,44,28,21,47,7,24,10,16,20,17,17,45,49,5,27,9,10,18,4,44,140.98,21.74,684,0.94,0.56,0.96,3.62,2.0,4.34,2.18,2.78,3.5,4.58,3.26,2.42,2.72,2.12,3.8,4.64,3.68,3.26,4.82
135483,21,12,22,30,39,23,26,36,39,49,14,48,29,10,16,17,49,24,8,17,29,32,32,38,20,45,29,4,12,40,16,36,119.65,27.25,862,0.91,1.11,0.84,3.26,2.72,3.32,3.8,4.34,3.38,3.56,4.16,4.34,4.94,2.84,4.88,3.74,2.6,2.96,3.02
468232,39,16,47,16,4,36,18,27,44,42,40,23,50,39,49,38,10,34,25,21,17,9,45,35,36,34,12,47,40,40,47,49,127.21,34.09,1029,0.81,0.81,1.37,4.34,2.96,4.82,2.96,2.24,4.16,3.08,3.62,4.64,4.52,4.4,3.38,5.0,4.34,4.94,4.28
946912,5,20,31,37,26,32,27,29,49,2,34,13,19,35,19,3,26,18,37,15,34,14,22,36,3,5,28,26,18,47,49,48,108.51,26.13,807,0.77,1.42,1.46,2.3,3.2,3.86,4.22,3.56,3.92,3.62,3.74,4.94,2.12,4.04,2.78,3.14,4.1,3.14,2.18
352829,37,22,35,39,13,44,19,44,39,32,35,9,1,10,6,12,26,26,17,11,4,4,41,48,1,13,14,36,22,37,48,20,114.62,24.77,765,1.29,1.37,1.34,4.22,3.32,4.1,4.34,2.78,4.64,3.14,4.64,4.34,3.92,4.1,2.54,2.06,2.6,2.36,2.72
927941,9,24,12,33,22,40,39,9,2,40,47,17,15,31,20,6,21,13,34,17,11,32,50,18,47,21,19,34,29,12,16,11,144.61,24.92,751,0.75,1.48,0.97,2.54,3.44,2.72,3.98,3.32,4.4,4.34,2.54,2.12,4.4,4.82,3.02,2.9,3.86,3.2,2.36
355587,41,15,0,39,22,15,38,31,7,40,9,3,16,12,5,12,26,40,15,45,25,47,6,42,18,22,1,35,42,42,1,1,84.42,24.17,713,0.8,1.47,0.52,4.46,2.9,2.0,4.34,3.32,2.9,4.28,3.86,2.42,4.4,2.54,2.18,2.96,2.72,2.3,2.72
996828,7,49,21,44,33,25,34,22,31,26,3,21,0,19,37,49,9,3,29,8,8,43,24,49,36,21,42,32,5,8,7,30,103.69,25.32,775,0.59,0.99,1.14,2.42,4.94,3.26,4.64,3.98,3.5,4.04,3.32,3.86,3.56,2.18,3.26,2.0,3.14,4.22,4.94
370642,33,29,40,36,6,3,6,16,30,35,29,25,28,30,19,33,23,46,31,26,27,31,49,2,24,7,3,17,24,16,18,15,93.52,25.08,757,1.49,1.02,0.86,3.98,3.74,4.4,4.16,2.36,2.18,2.36,2.96,3.8,4.1,3.74,3.5,3.68,3.8,3.14,3.98
905414,1,27,12,2,46,44,30,28,22,18,47,25,50,3,8,29,19,12,33,40,29,38,19,6,14,39,42,27,33,49,8,17,150.81,25.8,817,0.94,0.57,1.01,2.06,3.62,2.72,2.12,4.76,4.64,3.8,3.68,3.32,3.08,4.82,3.5,5.0,2.18,2.48,3.74
742361,47,39,22,3,19,8,8,0,10,28,21,23,2,9,37,28,7,45,31,41,41,23,46,28,24,43,35,1,25,15,13,21,129.04,24.27,743,1.42,0.82,1.0,4.82,4.34,3.32,2.18,3.14,2.48,2.48,2.0,2.6,3.68,3.26,3.38,2.12,2.54,4.22,3.68
281387,22,12,22,14,46,12,20,18,33,46,38,18,22,47,44,49,5,46,6,14,4,3,12,12,3,44,19,7,40,40,37,38,105.98,26.1,793,1.14,0.64,1.03,3.32,2.72,3.32,2.84,4.76,2.72,3.2,3.08,3.98,4.76,4.28,3.08,3.32,4.82,4.64,4.94
389078,9,44,17,38,11,27,11,38,30,24,18,50,49,40,34,37,42,39,27,37,16,5,24,21,37,3,26,49,16,41,10,12,96.03,27.89,882,1.04,0.66,0.73,2.54,4.64,3.02,4.28,2.66,3.62,2.66,4.28,3.8,3.44,3.08,5.0,4.94,4.4,4.04,4.22
990634,1,6,12,22,46,2,22,6,35,5,24,39,7,41,18,45,50,22,21,0,40,22,20,30,28,14,3,8,16,2,20,49,122.52,21.87,676,1.5,1.24,1.46,2.06,2.36,2.72,3.32,4.76,2.12,3.32,2.36,4.1,2.3,3.44,4.34,2.42,4.46,3.08,4.7
218088,40,36,19,49,44,30,39,37,23,34,13,30,11,24,12,38,18,48,30,29,8,48,10,26,26,19,46,34,0,31,8,17,93.48,29.3,877,1.36,1.41,1.44,4.4,4.16,3.14,4.94,4.64,3.8,4.34,4.22,3.38,4.04,2.78,3.8,2.66,3.44,2.72,4.28
990739,14,44,18,44,31,0,48,7,9,4,33,26,37,32,37,23,36,7,3,27,11,36,23,35,2,30,50,34,16,45,47,45,156.11,27.85,854,1.4,1.46,0.71,2.84,4.64,3.08,4.64,3.86,2.0,4.88,2.42,2.54,2.24,3.98,3.56,4.22,3.92,4.22,3.38
683172,3,25,30,2,50,39,13,41,18,26,17,5,40,34,33,4,37,42,42,40,35,16,37,45,16,6,26,11,47,42,13,22,95.88,27.49,857,0.54,1.39,1.4,2.18,3.5,3.8,2.12,5.0,4.34,2.78,4.46,3.08,3.56,3.02,2.3,4.4,4.04,3.98,2.24
478188,32,31,41,19,18,2,31,39,4,38,42,3,5,32,12,13,13,38,11,17,15,28,2,43,48,16,21,31,0,12,50,32,146.58,23.27,739,0.74,1.11,1.34,3.92,3.86,4.46,3.14,3.08,2.12,3.86,4.34,2.24,4.28,4.52,2.18,2.3,3.92,2.72,2.78
119287,12,37,50,26,14,46,37,1,48,36,6,26,49,49,42,10,20,14,25,26,3,35,16,18,16,41,1,9,47,38,48,40,152.86,28.34,886,0.56,1.36,1.21,2.72,4.22,5.0,3.56,2.84,4.76,4.22,2.06,4.88,4.16,2.36,3.56,4.94,4.94,4.52,2.6
151076,24,43,26,48,21,42,10,6,12,50,47,24,40,16,40,12,24,45,28,26,35,34,7,12,43,12,6,22,28,16,32,0,100.68,27.87,831,0.83,0.72,0.95,3.44,4.58,3.56,4.88,3.26,4.52,2.6,2.36,2.72,5.0,4.82,3.44,4.4,2.96,4.4,2.72
261464,14,3,4,45,44,23,20,42,10,15,31,14,37,29,11,7,14,13,15,37,23,48,12,11,19,25,40,0,35,4,19,50,146.94,23.59,714,1.2,1.39,1.21,2.84,2.18,2.24,4.7,4.64,3.38,3.2,4.52,2.6,2.9,3.86,2.84,4.22,3.74,2.66,2.42
984451,32,39,50,8,32,0,22,20,15,31,49,49,1,38,32,37,26,29,5,46,14,18,39,29,39,3,29,41,6,36,39,23,131.3,28.22,877,1.45,0.63,1.45,3.92,4.34,5.0,2.48,3.92,2.0,3.32,3.2,2.9,3.86,4.94,4.94,2.06,4.28,3.92,4.22
580688,27,0,29,45,24,34,25,37,37,35,32,2,33,11,28,30,37,14,17,32,9,12,30,21,30,12,41,50,17,37,7,29,139.62,26.06,824,0.88,0.8,0.86,3.62,2.0,3.74,4.7,3.44,4.04,3.5,4.22,4.22,4.1,3.92,2.12,3.98,2.66,3.68,3.8
652394,32,34,5,33,29,50,19,4,36,27,12,34,47,36,19,10,5,48,27,22,39,44,8,12,8,9,3,14,21,8,36,25,91.48,25.56,756,0.83,1.21,1.36,3.92,4.04,2.3,3.98,3.74,5.0,3.14,2.24,4.16,3.62,2.72,4.04,4.82,4.16,3.14,2.6
797369,5,4,40,10,29,21,39,34,12,19,15,3,37,21,34,0,16,0,50,9,20,45,43,41,2,20,19,45,45,4,7,33,151.23,23.76,722,0.5,0.68,1.17,2.3,2.24,4.4,2.6,3.74,3.26,4.34,4.04,2.72,3.14,2.9,2.18,4.22,3.26,4.04,2.0
182613,30,23,7,0,33,19,32,38,43,7,15,37,36,24,40,16,41,28,41,4,16,45,6,11,29,7,0,41,24,34,29,30,95.98,26.12,786,1.23,1.19,1.35,3.8,3.38,2.42,2.0,3.98,3.14,3.92,4.28,4.58,2.42,2.9,4.22,4.16,3.44,4.4,2.96
313459,38,0,26,22,1,43,11,25,33,40,17,40,0,31,26,45,45,18,9,43,33,17,7,18,34,33,15,1,39,33,46,31,129.79,26.3,820,0.56,0.93,1.18,4.28,2.0,3.56,3.32,2.06,4.58,2.66,3.5,3.98,4.4,3.02,4.4,2.0,3.86,3.56,4.7
844415,48,35,14,2,47,20,24,29,43,4,20,42,3,50,30,34,32,45,9,37,23,48,25,31,41,3,20,4,2,47,47,18,141.99,29.21,877,0.81,1.48,1.06,4.88,4.1,2.84,2.12,4.82,3.2,3.44,3.74,4.58,2.24,3.2,4.52,2.18,5.0,3.8,4.04
842254,43,8,26,13,15,18,8,6,26,0,12,36,7,38,28,22,7,50,17,13,39,19,35,10,29,13,7,41,3,44,13,28,122.69,21.68,674,1.24,0.99,0.64,4.58,2.48,3.56,2.78,2.9,3.08,2.48,2.36,3.56,2.0,2.72,4.16,2.42,4.28,3.68,3.32
469382,24,32,36,4,26,8,36,26,4,39,26,43,47,43,25,21,8,15,49,11,31,39,16,26,1,33,32,5,41,36,10,19,85.49,26.86,812,0.52,0.51,0.56,3.44,3.92,4.16,2.24,3.56,2.48,4.16,3.56,2.24,4.34,3.56,4.58,4.82,4.58,3.5,3.26
611476,26,6,44,46,33,30,44,19,47,1,6,1,14,3,7,24,2,34,34,27,18,0,29,32,25,43,24,36,48,12,4,23,155.31,23.75,742,1.13,1.31,1.28,3.56,2.36,4.64,4.76,3.98,3.8,4.64,3.14,4.82,2.06,2.36,2.06,2.84,2.18,2.42,3.44
403180,49,45,30,6,2,11,11,35,3,31,30,15,2,5,33,34,41,45,5,31,4,34,18,7,5,12,27,3,15,20,31,31,152.53,21.75,671,0.7,0.81,0.83,4.94,4.7,3.8,2.36,2.12,2.66,2.66,4.1,2.18,3.86,3.8,2.9,2.12,2.3,3.98,4.04
265542,35,35,10,41,17,38,13,12,50,25,28,24,10,36,43,42,21,35,29,13,39,24,29,19,25,29,27,9,32,46,4,48,112.71,28.65,888,0.61,0.76,0.9,4.1,4.1,2.6,4.46,3.02,4.28,2.78,2.72,5.0,3.5,3.68,3.44,2.6,4.16,4.58,4.52
61370,22,38,29,43,25,25,13,36,6,48,41,17,3,14,41,44,14,17,5,24,41,13,6,30,48,9,33,38,34,30,22,32,86.25,27.68,841,0.95,1.13,1.23,3.32,4.28,3.74,4.58,3.5,3.5,2.78,4.16,2.36,4.88,4.46,3.02,2.18,2.84,4.46,4.64
717744,27,45,21,42,22,5,42,34,37,24,28,32,4,10,9,43,2,15,12,29,16,18,10,23,3,47,5,15,42,49,39,7,128.55,24.53,757,1.1,1.31,1.04,3.62,4.7,3.26,4.52,3.32,2.3,4.52,4.04,4.22,3.44,3.68,3.92,2.24,2.6,2.54,4.58
59124,33,47,18,42,6,9,31,29,47,7,12,11,9,41,43,6,3,48,27,30,6,16,43,24,21,22,40,43,8,31,16,42,94.03,26.1,811,0.56,1.1,1.46,3.98,4.82,3.08,4.52,2.36,2.54,3.86,3.74,4.82,2.42,2.72,2.66,2.54,4.46,4.58,2.36
691323,38,10,22,21,2,37,17,42,21,16,9,36,7,41,48,0,49,26,47,30,21,43,50,39,32,49,34,47,32,9,48,18,155.72,31.34,941,0.74,0.78,1.01,4.28,2.6,3.32,3.26,2.12,4.22,3.02,4.52,3.26,2.96,2.54,4.16,2.42,4.46,4.88,2.0
588855,34,33,43,41,3,21,48,24,2,28,18,8,36,30,28,19,47,36,45,3,48,32,10,46,47,21,31,34,7,20,25,46,158.54,30.32,914,0.53,1.22,1.11,4.04,3.98,4.58,4.46,2.18,3.26,4.88,3.44,2.12,3.68,3.08,2.48,4.16,3.8,3.68,3.14
537145,8,20,7,1,7,39,16,38,5,45,33,32,6,8,29,46,30,50,20,19,22,26,23,30,22,29,20,37,46,30,23,10,90.23,25.42,777,0.63,0.79,1.33,2.48,3.2,2.42,2.06,2.42,4.34,2.96,4.28,2.3,4.7,3.98,3.92,2.36,2.48,3.74,4.76
172667,5,36,12,25,14,30,32,49,30,12,0,34,32,18,10,9,36,33,29,16,9,40,38,39,20,45,46,21,9,48,19,18,152.68,26.83,814,1.2,0.79,0.96,2.3,4.16,2.72,3.5,2.84,3.8,3.92,4.94,3.8,2.72,2.0,4.04,3.92,3.08,2.6,2.54
554452,24,38,50,12,30,15,34,46,38,13,31,8,12,31,44,3,36,28,34,31,19,18,41,21,15,24,5,21,20,39,2,26,134.03,25.84,809,0.95,1.42,0.73,3.44,4.28,5.0,2.72,3.8,2.9,4.04,4.76,4.28,2.78,3.86,2.48,2.72,3.86,4.64,2.18
470334,18,39,20,34,33,21,24,48,30,20,24,15,0,43,24,44,28,28,21,22,50,49,14,36,15,3,27,50,28,6,39,48,82.77,29.41,901,0.52,0.76,0.75,3.08,4.34,3.2,4.04,3.98,3.26,3.44,4.88,3.8,3.2,3.44,2.9,2.0,4.58,3.44,4.64
112234,8,7,16,16,10,28,18,39,21,37,12,36,30,21,20,9,2,18,16,30,29,38,13,8,29,17,18,20,21,5,20,16,86.98,20.67,628,0.55,1.23,1.43,2.48,2.42,2.96,2.96,2.6,3.68,3.08,4.34,3.26,4.22,2.72,4.16,3.8,3.26,3.2,2.54
389498,10,21,8,13,46,42,27,44,35,36,32,28,1,46,22,27,0,43,17,5,25,29,8,20,14,15,25,21,0,41,46,20,102.26,25.09,767,0.77,1.19,0.96,2.6,3.26,2.48,2.78,4.76,4.52,3.62,4.64,4.1,4.16,3.92,3.68,2.06,4.76,3.32,3.62
685214,29,37,14,42,10,8,5,18,18,18,44,4,1,30,28,46,34,18,25,48,1,28,3,48,36,29,14,18,0,42,43,3,141.8,23.34,742,0.54,1.33,0.55,3.74,4.22,2.84,4.52,2.6,2.48,2.3,3.08,3.08,3.08,4.64,2.24,2.06,3.8,3.68,4.76
56369,0,20,30,6,25,16,6,25,39,22,28,45,4,38,44,3,15,22,48,15,3,1,44,2,47,22,31,29,3,22,29,48,145.23,23.52,732,1.32,1.48,0.67,2.0,3.2,3.8,2.36,3.5,2.96,2.36,3.5,4.34,3.32,3.68,4.7,2.24,4.28,4.64,2.18
285229,26,3,0,27,35,34,39,15,19,2,2,26,20,31,21,15,8,17,7,13,28,11,35,42,5,21,33,14,9,19,31,15,150.8,19.57,623,0.74,0.82,1.39,3.56,2.18,2.0,3.62,4.1,4.04,4.34,2.9,3.14,2.12,2.12,3.56,3.2,3.86,3.26,2.9
305528,37,2,10,20,23,8,18,23,39,42,43,45,9,15,23,9,7,24,40,18,46,2,7,12,21,6,26,11,20,16,35,33,104.12,22.06,690,1.27,1.49,0.53,4.22,2.12,2.6,3.2,3.38,2.48,3.08,3.38,4.34,4.52,4.58,4.7,2.54,2.9,3.38,2.54
828641,17,29,4,26,38,44,3,42,8,38,21,14,22,11,13,9,28,11,19,50,39,34,21,4,23,7,44,39,17,9,11,26,88.73,24.21,721,1.38,1.01,0.77,3.02,3.74,2.24,3.56,4.28,4.64,2.18,4.52,2.48,4.28,3.26,2.84,3.32,2.66,2.78,2.54
319865,21,15,17,7,33,15,31,45,40,33,30,34,46,38,29,4,5,38,23,25,23,8,44,26,17,49,14,4,33,42,25,24,114.25,27.11,838,0.74,1.2,0.67,3.26,2.9,3.02,2.42,3.98,2.9,3.86,4.7,4.4,3.98,3.8,4.04,4.76,4.28,3.74,2.24
186127,39,42,21,35,42,48,0,7,29,37,45,26,11,17,15,34,45,49,6,21,24,19,31,24,6,29,1,40,17,3,9,31,84.33,27.08,803,0.84,0.67,1.22,4.34,4.52,3.26,4.1,4.52,4.88,2.0,2.42,3.74,4.22,4.7,3.56,2.66,3.02,2.9,4.04
463928,43,13,45,12,34,39,34,13,2,36,47,12,38,40,35,26,36,32,3,36,6,13,9,7,36,5,10,1,50,1,8,33,146.39,25.31,755,0.72,0.91,0.72,4.58,2.78,4.7,2.72,4.04,4.34,4.04,2.78,2.12,4.16,4.82,2.72,4.28,4.4,4.1,3.56
502131,13,3,20,3,22,17,34,3,35,11,48,5,37,21,33,22,4,36,26,29,40,19,14,11,26,33,19,27,25,5,15,24,124.57,22.68,680,1.38,1.24,1.31,2.78,2.18,3.2,2.18,3.32,3.02,4.04,2.18,4.1,2.66,4.88,2.3,4.22,3.26,3.98,3.32
587599,1,27,0,8,27,44,19,7,2,32,5,10,9,38,22,46,22,11,35,24,38,12,50,27,47,0,36,0,8,37,46,44,157.49,24.31,734,0.84,0.73,0.76,2.06,3.62,2.0,2.48,3.62,4.64,3.14,2.42,2.12,3.92,2.3,2.6,2.54,4.28,3.32,4.76
812971,24,28,7,37,46,4,21,5,26,15,45,8,48,26,17,6,15,5,20,41,34,19,16,40,13,44,17,12,30,43,16,42,133.15,25.37,770,1.09,1.07,0.78,3.44,3.68,2.42,4.22,4.76,2.24,3.26,2.3,3.56,2.9,4.7,2.48,4.88,3.56,3.02,2.36
768570,14,28,18,46,27,42,25,42,48,20,38,41,21,10,41,39,12,23,1,41,31,7,38,8,44,45,31,14,39,10,9,24,119.5,29.24,877,1.1,1.39,0.59,2.84,3.68,3.08,4.76,3.62,4.52,3.5,4.52,4.88,3.2,4.28,4.46,3.26,2.6,4.46,4.34
910668,29,50,36,37,0,44,14,12,5,40,28,4,24,2,19,49,42,14,17,38,29,33,30,39,12,18,40,10,41,45,45,29,93.45,28.96,875,0.95,1.26,0.72,3.74,5.0,4.16,4.22,2.0,4.64,2.84,2.72,2.3,4.4,3.68,2.24,3.44,2.12,3.14,4.94
126125,9,44,13,21,6,41,4,10,33,40,46,28,17,38,19,36,45,34,43,25,17,39,21,21,0,40,31,43,28,33,12,31,101.29,28.15,868,1.11,1.22,1.02,2.54,4.64,2.78,3.26,2.36,4.46,2.24,2.6,3.98,4.4,4.76,3.68,3.02,4.28,3.14,4.16
905225,50,42,45,26,14,0,24,7,2,49,6,12,31,40,35,32,2,46,39,6,13,5,15,35,38,37,23,44,12,17,36,8,103.65,26.51,791,0.87,0.98,1.46,5.0,4.52,4.7,3.56,2.84,2.0,3.44,2.42,2.12,4.94,2.36,2.72,3.86,4.4,4.1,3.92
982188,7,35,20,46,15,43,26,35,45,50,48,8,48,44,49,38,48,6,19,35,3,50,20,44,29,45,38,37,25,2,23,7,105.33,32.43,988,1.03,0.53,1.29,2.42,4.1,3.2,4.76,2.9,4.58,3.56,4.1,4.7,5.0,4.88,2.48,4.88,4.64,4.94,4.28
841933,44,41,31,2,37,21,11,11,5,5,45,30,44,21,3,11,23,34,8,16,38,0,5,1,20,27,36,25,16,0,30,28,111.49,21.69,669,1.17,0.88,1.34,4.64,4.46,3.86,2.12,4.22,3.26,2.66,2.66,2.3,2.3,4.7,3.8,4.64,3.26,2.18,2.66
277579,15,39,23,12,46,10,10,32,46,36,13,2,8,38,44,19,39,7,10,2,32,42,5,12,25,28,29,32,27,23,21,43,89.23,25.57,770,0.6,0.76,0.97,2.9,4.34,3.38,2.72,4.76,2.6,2.6,3.92,4.76,4.16,2.78,2.12,2.48,4.28,4.64,3.14
48049,12,35,3,41,10,7,19,47,4,40,4,21,0,29,32,2,19,9,32,40,21,2,11,18,10,3,4,22,32,39,48,49,108.07,21.87,665,1.45,0.55,1.19,2.72,4.1,2.18,4.46,2.6,2.42,3.14,4.82,2.24,4.4,2.24,3.26,2.0,3.74,3.92,2.12
927671,30,49,40,30,21,13,26,7,7,1,18,39,12,48,32,18,0,24,15,21,26,15,17,8,1,4,34,11,5,45,42,20,128.21,22.15,679,1.04,1.33,0.94,3.8,4.94,4.4,3.8,3.26,2.78,3.56,2.42,2.42,2.06,3.08,4.34,2.72,4.88,3.92,3.08
697828,3,10,9,21,25,15,45,26,50,29,27,5,16,49,45,23,9,30,7,50,23,9,0,31,0,18,43,7,27,42,6,15,88.41,24.29,715,0.9,0.67,0.85,2.18,2.6,2.54,3.26,3.5,2.9,4.7,3.56,5.0,3.74,3.62,2.3,2.96,4.94,4.7,3.38
679675,33,34,46,40,48,24,29,26,47,24,15,36,44,2,20,7,5,39,50,44,19,32,48,12,39,49,13,43,31,29,35,36,82.65,33.02,999,0.81,0.88,0.78,3.98,4.04,4.76,4.4,4.88,3.44,3.74,3.56,4.82,3.44,2.9,4.16,4.64,2.12,3.2,2.42
916160,6,36,30,26,32,46,31,36,41,22,8,23,45,27,1,24,23,4,24,14,47,29,13,11,4,18,25,39,5,46,27,43,109.09,25.71,806,0.65,0.81,0.84,2.36,4.16,3.8,3.56,3.92,4.76,3.86,4.16,4.46,3.32,2.48,3.38,4.7,3.62,2.06,3.44
824872,41,4,15,39,17,43,23,9,9,43,23,15,27,11,38,6,39,18,37,47,45,24,12,30,48,27,48,35,45,1,1,6,135.49,27.41,826,1.35,0.81,1.06,4.46,2.24,2.9,4.34,3.02,4.58,3.38,2.54,2.54,4.58,3.38,2.9,3.62,2.66,4.28,2.36
697655,6,27,19,46,39,49,47,43,38,32,17,8,42,5,44,8,41,37,32,11,33,4,10,5,48,17,49,28,18,34,35,2,130.36,27.5,874,0.93,1.05,0.62,2.36,3.62,3.14,4.76,4.34,4.94,4.82,4.58,4.28,3.92,3.02,2.48,4.52,2.3,4.64,2.48
383822,2,34,37,49,21,43,41,7,28,36,30,31,15,22,26,21,30,32,26,45,46,29,0,17,0,22,24,37,25,36,12,14,159.07,28.03,838,1.33,0.5,1.37,2.12,4.04,4.22,4.94,3.26,4.58,4.46,2.42,3.68,4.16,3.8,3.86,2.9,3.32,3.56,3.26
248142,21,45,30,29,45,26,21,24,36,33,40,15,45,42,29,34,25,38,39,37,15,8,50,42,24,46,44,41,9,30,14,22,143.95,31.91,999,0.94,0.55,1.01,3.26,4.7,3.8,3.74,4.7,3.56,3.26,3.44,4.16,3.98,4.4,2.9,4.7,4.52,3.74,4.04
298367,46,45,38,46,42,41,44,30,5,18,0,1,35,29,28,11,30,35,20,32,17,30,23,18,0,48,30,33,27,24,32,39,82.14,29.12,897,0.6,1.01,0.54,4.76,4.7,4.28,4.76,4.52,4.46,4.64,3.8,2.3,3.08,2.0,2.06,4.1,3.74,3.68,2.66
75542,4,50,35,0,24,15,17,28,22,46,4,36,41,8,49,9,21,14,48,22,22,31,45,39,41,22,36,48,37,16,21,13,82.01,28.29,864,1.06,0.91,1.29,2.24,5.0,4.1,2.0,3.44,2.9,3.02,3.68,3.32,4.76,2.24,4.16,4.46,2.48,4.94,2.54
180909,17,23,31,42,16,13,23,9,23,7,3,48,31,38,7,49,27,38,50,37,14,28,21,25,18,43,14,6,26,47,24,26,113.89,26.65,824,1.03,0.61,0.81,3.02,3.38,3.86,4.52,2.96,2.78,3.38,2.54,3.38,2.42,2.18,4.88,3.86,4.28,2.42,4.94
815315,4,12,34,35,19,15,15,2,13,36,11,38,5,45,49,32,44,37,36,21,10,1,33,22,11,1,46,42,42,27,17,32,124.18,26.32,787,0.59,0.69,1.04,2.24,2.72,4.04,4.1,3.14,2.9,2.9,2.12,2.78,4.16,2.66,4.28,2.3,4.7,4.94,3.92
169466,21,11,32,24,20,21,3,43,11,7,24,37,18,23,47,50,5,10,41,30,15,49,46,8,23,25,9,14,26,5,22,33,124.46,23.72,753,0.55,1.17,0.91,3.26,2.66,3.92,3.44,3.2,3.26,2.18,4.58,2.66,2.42,3.44,4.22,3.08,3.38,4.82,5.0
770242,37,16,34,41,13,14,4,9,22,36,12,3,10,44,27,5,33,37,33,29,37,40,8,36,29,39,42,24,22,23,35,1,103.91,26.81,795,0.71,0.9,1.02,4.22,2.96,4.04,4.46,2.78,2.84,2.24,2.54,3.32,4.16,2.72,2.18,2.6,4.64,3.62,2.3
651140,22,16,19,1,25,0,40,16,31,27,18,25,30,35,11,24,21,6,28,1,17,12,35,37,1,33,6,17,36,3,23,1,157.65,20.51,617,0.58,1.18,1.17,3.32,2.96,3.14,2.06,3.5,2.0,4.4,2.96,3.86,3.62,3.08,3.5,3.8,4.1,2.66,3.44
20435,48,24,36,36,22,41,39,41,29,41,7,23,1,28,6,18,23,48,12,50,38,8,15,36,33,49,44,49,23,29,25,7,128.62,29.83,929,0.8,0.92,1.14,4.88,3.44,4.16,4.16,3.32,4.46,4.34,4.46,3.74,4.46,2.42,3.38,2.06,3.68,2.36,3.08
103406,8,42,1,1,50,32,26,3,17,30,28,46,5,47,44,46,42,42,48,4,22,10,7,27,26,23,37,17,46,32,28,12,130.79,27.74,849,1.42,1.33,0.71,2.48,4.52,2.06,2.06,5.0,3.92,3.56,2.18,3.02,3.8,3.68,4.76,2.3,4.82,4.64,4.76
699656,27,1,43,36,9,35,44,14,11,9,26,30,6,17,27,39,1,50,25,5,26,2,26,2,39,19,17,10,5,32,32,44,92.9,23.16,709,1.03,0.72,0.95,3.62,2.06,4.58,4.16,2.54,4.1,4.64,2.84,2.66,2.54,3.56,3.8,2.36,3.02,3.62,4.34
946674,3,24,0,39,32,18,44,26,44,49,24,37,36,11,15,16,20,12,35,15,7,41,36,42,8,3,23,19,40,49,34,42,136.76,26.67,844,1.23,1.49,0.89,2.18,3.44,2.0,4.34,3.92,3.08,4.64,3.56,4.64,4.94,3.44,4.22,4.16,2.66,2.9,2.96
693344,27,13,47,30,45,34,29,31,17,16,18,5,32,10,20,48,29,14,24,24,9,17,10,31,10,3,46,31,26,13,45,0,105.89,25.06,754,0.55,0.85,1.16,3.62,2.78,4.82,3.8,4.7,4.04,3.74,3.86,3.02,2.96,3.08,2.3,3.92,2.6,3.2,4.88
370953,27,3,22,40,49,50,41,49,22,13,44,27,3,14,26,19,4,24,25,32,49,7,50,46,4,30,0,42,8,50,14,39,93.32,28.33,873,0.55,0.99,0.61,3.62,2.18,3.32,4.4,4.94,5.0,4.46,4.94,3.32,2.78,4.64,3.62,2.18,2.84,3.56,3.14
620116,22,17,7,3,30,26,48,27,36,16,37,25,37,24,19,23,6,9,11,25,44,12,5,28,2,44,38,15,4,30,39,2,135.74,22.46,711,0.74,1.47,1.06,3.32,3.02,2.42,2.18,3.8,3.56,4.88,3.62,4.16,2.96,4.22,3.5,4.22,3.44,3.14,3.38
905402,10,41,2,49,48,35,1,22,7,22,16,33,47,33,10,42,36,35,25,23,33,29,41,44,45,9,2,49,22,39,1,1,100.64,28.18,852,1.49,0.84,0.93,2.6,4.46,2.12,4.94,4.88,4.1,2.06,3.32,2.42,3.32,2.96,3.98,4.82,3.98,2.6,4.52
129573,44,38,4,19,22,10,30,38,41,31,23,12,5,44,47,10,9,17,32,45,13,40,35,50,30,5,45,3,6,29,27,8,86.47,26.8,812,1.44,1.43,1.36,4.64,4.28,2.24,3.14,3.32,2.6,3.8,4.28,4.46,3.86,3.38,2.72,2.3,4.64,4.82,2.6
981410,42,6,30,23,33,7,19,45,24,25,18,48,49,36,42,5,37,24,31,38,19,39,9,0,2,40,32,23,46,17,43,0,135.61,27.61,852,1.11,1.46,1.09,4.52,2.36,3.8,3.38,3.98,2.42,3.14,4.7,3.44,3.5,3.08,4.88,4.94,4.16,4.52,2.3
762659,16,9,3,21,14,39,16,5,43,12,11,10,49,14,8,49,2,14,41,40,29,27,37,41,22,30,50,2,32,32,11,28,120.11,24.16,757,0.75,1.36,1.44,2.96,2.54,2.18,3.26,2.84,4.34,2.96,2.3,4.58,2.72,2.66,2.6,4.94,2.84,2.48,4.94
502489,15,41,30,28,45,16,16,41,50,45,19,20,45,23,7,41,33,42,29,20,14,36,5,10,1,27,30,48,38,27,36,24,127.59,29.66,902,0.6,1.18,1.43,2.9,4.46,3.8,3.68,4.7,2.96,2.96,4.46,5.0,4.7,3.14,3.2,4.7,3.38,2.42,4.46
684718,50,9,38,39,3,31,41,34,20,37,9,43,44,16,4,39,45,42,37,5,25,44,36,50,28,22,13,21,3,46,39,8,141.37,29.18,921,1.34,1.3,1.36,5.0,2.54,4.28,4.34,2.18,3.86,4.46,4.04,3.2,4.22,2.54,4.58,4.64,2.96,2.24,4.34
813977,36,48,47,10,28,25,26,31,32,10,37,43,22,35,14,8,31,36,36,14,38,1,8,44,8,46,0,8,9,48,7,0,137.54,26.28,786,0.9,0.56,0.99,4.16,4.88,4.82,2.6,3.68,3.5,3.56,3.86,3.92,2.6,4.22,4.58,3.32,4.1,2.84,2.48
525604,24,47,44,44,8,42,9,32,24,16,8,4,16,1,43,10,20,26,40,4,8,40,30,45,24,38,3,19,31,39,23,30,94.94,25.32,792,1.43,0.85,0.71,3.44,4.82,4.64,4.64,2.48,4.52,2.54,3.92,3.44,2.96,2.48,2.24,2.96,2.06,4.58,2.6
66066,27,20,9,4,13,41,12,41,37,10,30,18,19,9,40,2,40,45,0,18,15,38,3,49,38,47,50,23,25,11,1,25,91.66,25.45,760,0.86,0.61,0.58,3.62,3.2,2.54,2.24,2.78,4.46,2.72,4.46,4.22,2.6,3.8,3.08,3.14,2.54,4.4,2.12
67027,39,34,30,43,42,37,17,10,44,6,40,44,27,29,18,18,32,20,34,39,48,26,37,23,46,41,12,15,23,33,6,24,102.31,30.63,937,0.98,0.95,0.76,4.34,4.04,3.8,4.58,4.52,4.22,3.02,2.6,4.64,2.36,4.4,4.64,3.62,3.74,3.08,3.08
228254,21,2,42,38,48,17,37,27,6,12,9,8,38,1,10,8,29,15,11,14,47,48,47,16,15,43,11,18,30,38,23,48,124.54,26.05,777,0.95,0.57,0.92,3.26,2.12,4.52,4.28,4.88,3.02,4.22,3.62,2.36,2.72,2.54,2.48,4.28,2.06,2.6,2.48
573341,37,16,37,29,39,15,49,29,37,6,27,38,47,23,34,11,5,47,49,21,16,9,41,39,2,30,14,16,39,25,33,10,94.15,27.35,870,0.66,1.43,0.81,4.22,2.96,4.22,3.74,4.34,2.9,4.94,3.74,4.22,2.36,3.62,4.28,4.82,3.38,4.04,2.66
526436,31,10,11,31,11,46,41,28,32,8,43,5,2,19,48,31,4,30,22,14,28,44,23,36,28,8,29,12,46,16,2,45,113.12,26.3,784,1.34,1.41,0.63,3.86,2.6,2.66,3.86,2.66,4.76,4.46,3.68,3.92,2.48,4.58,2.3,2.12,3.14,4.88,3.86
211509,38,41,29,39,46,14,45,11,13,1,23,30,39,34,48,19,22,10,19,8,4,31,44,43,7,3,7,34,39,46,39,39,126.2,27.84,865,1.28,0.84,1.49,4.28,4.46,3.74,4.34,4.76,2.84,4.7,2.66,2.78,2.06,3.38,3.8,4.34,4.04,4.88,3.14
716181,27,9,6,39,39,35,18,45,31,30,42,24,10,25,29,35,8,34,2,45,22,1,18,12,20,29,26,13,35,33,48,48,90.9,27.77,838,1.46,1.21,0.67,3.62,2.54,2.36,4.34,4.34,4.1,3.08,4.7,3.86,3.8,4.52,3.44,2.6,3.5,3.74,4.1
168484,15,49,4,17,25,32,32,38,0,24,26,7,16,19,45,5,46,27,29,39,4,24,2,11,19,9,43,13,48,5,6,47,128.65,24.66,726,0.68,1.18,1.19,2.9,4.94,2.24,3.02,3.5,3.92,3.92,4.28,2.0,3.44,3.56,2.42,2.96,3.14,4.7,2.3
429382,5,45,15,42,10,46,45,1,3,13,24,24,25,22,1,9,47,37,40,9,4,26,34,46,29,15,2,48,10,14,48,13,135.94,24.4,752,0.9,1.15,1.2,2.3,4.7,2.9,4.52,2.6,4.76,4.7,2.06,2.18,2.78,3.44,3.44,3.5,3.32,2.06,2.54
629765,33,17,3,45,19,41,31,15,36,35,47,6,8,37,28,36,36,23,39,33,35,26,5,27,13,22,5,5,47,39,28,29,133.62,27.46,849,1.11,0.61,1.07,3.98,3.02,2.18,4.7,3.14,4.46,3.86,2.9,4.16,4.1,4.82,2.36,2.48,4.22,3.68,4.16
322319,33,18,18,22,48,42,2,30,9,43,40,0,49,3,23,7,37,20,26,45,45,6,10,27,21,20,38,1,40,6,27,27,112.9,25.6,783,1.33,1.46,1.29,3.98,3.08,3.08,3.32,4.88,4.52,2.12,3.8,2.54,4.58,4.4,2.0,4.94,2.18,3.38,2.42
318768,43,40,31,1,40,12,45,25,41,38,10,28,29,48,28,24,32,20,29,26,6,20,30,23,23,16,32,10,1,23,36,8,87.07,25.85,818,0.77,0.97,1.02,4.58,4.4,3.86,2.06,4.4,2.72,4.7,3.5,4.46,4.28,2.6,3.68,3.74,4.88,3.68,3.44
686421,31,28,35,36,14,18,33,1,47,16,2,5,14,49,26,19,18,42,15,24,34,2,48,46,16,5,23,27,8,15,27,29,120.55,24.77,753,1.39,0.68,0.56,3.86,3.68,4.1,4.16,2.84,3.08,3.98,2.06,4.82,2.96,2.12,2.3,2.84,4.94,3.56,3.14
254378,37,1,24,22,47,36,0,43,49,17,3,1,19,12,0,19,47,45,1,15,33,49,17,22,8,14,44,20,40,3,3,20,87.88,23.62,711,0.77,1.04,1.38,4.22,2.06,3.44,3.32,4.82,4.16,2.0,4.58,4.94,3.02,2.18,2.06,3.14,2.72,2.0,3.14
178769,43,39,41,16,44,35,6,2,32,11,15,48,37,13,45,45,37,28,39,50,39,40,22,37,17,42,8,18,38,42,27,22,84.35,30.94,978,0.6,1.12,1.31,4.58,4.34,4.46,2.96,4.64,4.1,2.36,2.12,3.92,2.66,2.9,4.88,4.22,2.78,4.7,4.7
217856,38,20,36,40,9,43,19,46,29,48,17,46,46,41,27,14,38,18,6,49,27,39,16,6,48,25,17,6,33,40,19,7,122.51,29.46,913,0.99,0.72,1.48,4.28,3.2,4.16,4.4,2.54,4.58,3.14,4.76,3.74,4.88,3.02,4.76,4.76,4.46,3.62,2.84
893112,26,30,5,2,5,36,16,0,7,37,22,50,33,4,15,9,11,28,12,42,36,38,3,35,6,40,9,40,14,1,31,45,130.92,22.95,688,0.59,1.37,1.29,3.56,3.8,2.3,2.12,2.3,4.16,2.96,2.0,2.42,4.22,3.32,5.0,3.98,2.24,2.9,2.54
225134,18,31,40,38,17,20,41,27,32,8,38,18,34,8,8,2,5,48,8,17,36,29,17,48,33,13,46,3,22,23,46,3,117.09,24.48,777,0.62,0.77,0.77,3.08,3.86,4.4,4.28,3.02,3.2,4.46,3.62,3.92,2.48,4.28,3.08,4.04,2.48,2.48,2.12
119421,5,20,16,27,26,24,29,47,25,39,44,9,44,41,47,7,42,25,2,7,44,5,47,10,8,36,43,13,49,2,31,28,125.39,27.0,842,0.52,1.16,0.69,2.3,3.2,2.96,3.62,3.56,3.44,3.74,4.82,3.5,4.34,4.64,2.54,4.64,4.46,4.82,2.42
633037,28,49,38,42,24,0,18,24,31,35,4,6,38,19,12,26,24,12,27,20,44,25,29,36,30,21,11,0,18,48,19,26,147.43,25.76,784,0.79,1.09,0.68,3.68,4.94,4.28,4.52,3.44,2.0,3.08,3.44,3.86,4.1,2.24,2.36,4.28,3.14,2.72,3.56
947400,41,8,25,25,13,30,2,18,18,0,5,28,0,50,17,20,35,31,13,35,31,45,18,25,0,39,21,40,23,46,42,47,86.43,25.97,791,1.34,1.47,0.55,4.46,2.48,3.5,3.5,2.78,3.8,2.12,3.08,3.08,2.0,2.3,3.68,2.0,5.0,3.02,3.2
855391,1,20,1,36,38,9,16,39,0,21,45,45,18,15,18,27,13,35,25,41,44,49,42,46,24,13,9,47,14,11,30,2,110.3,26.69,794,1.21,1.17,1.29,2.06,3.2,2.06,4.16,4.28,2.54,2.96,4.34,2.0,3.26,4.7,4.7,3.08,2.9,3.08,3.62
802510,22,34,41,43,33,5,30,45,35,48,20,36,14,44,15,14,10,42,40,30,44,39,5,48,27,46,47,17,42,28,17,49,143.61,31.93,1010,1.37,0.84,0.95,3.32,4.04,4.46,4.58,3.98,2.3,3.8,4.7,4.1,4.88,3.2,4.16,2.84,4.64,2.9,2.84
135993,10,5,42,44,41,24,40,21,26,10,42,25,47,29,44,32,31,29,41,20,33,40,49,24,31,2,48,0,2,36,50,35,118.81,30.19,953,0.64,0.87,0.74,2.6,2.3,4.52,4.64,4.46,3.44,4.4,3.26,3.56,2.6,4.52,3.5,4.82,3.74,4.64,3.92
141896,23,10,45,26,9,35,10,45,46,16,34,47,30,46,46,28,27,8,45,20,12,13,48,8,47,23,22,48,48,43,15,4,91.25,29.98,927,1.14,0.79,1.32,3.38,2.6,4.7,3.56,2.54,4.1,2.6,4.7,4.76,2.96,4.04,4.82,3.8,4.76,4.76,3.68
937928,50,19,14,15,41,34,18,16,10,30,28,16,17,41,41,9,24,9,5,38,1,27,45,23,3,2,8,35,35,6,21,23,139.46,23.11,704,0.61,0.67,0.63,5.0,3.14,2.84,2.9,4.46,4.04,3.08,2.96,2.6,3.8,3.68,2.96,3.02,4.46,4.46,2.54
434706,44,8,32,14,49,45,31,9,40,34,42,45,23,23,23,36,31,8,0,5,34,22,24,34,0,35,21,28,44,38,7,2,86.51,27.23,831,0.56,0.7,0.68,4.64,2.48,3.92,2.84,4.94,4.7,3.86,2.54,4.4,4.04,4.52,4.7,3.38,3.38,3.38,4.16
812340,49,12,28,2,18,10,9,2,45,27,50,46,16,41,21,20,47,37,39,18,19,33,9,11,13,14,14,39,30,3,38,8,114.13,24.71,768,0.72,1.43,1.18,4.94,2.72,3.68,2.12,3.08,2.6,2.54,2.12,4.7,3.62,5.0,4.76,2.96,4.46,3.26,3.2
66545,5,2,43,21,6,9,9,5,37,31,14,8,32,3,17,7,45,3,8,16,19,7,22,30,12,28,46,29,27,26,16,48,148.46,21.64,631,1.08,1.2,0.79,2.3,2.12,4.58,3.26,2.36,2.54,2.54,2.3,4.22,3.86,2.84,2.48,3.92,2.18,3.02,2.42
648928,0,21,9,23,33,10,2,23,23,21,39,18,28,22,19,5,20,5,19,31,44,11,18,38,1,10,29,28,27,49,42,7,130.78,22.89,675,1.48,0.78,0.55,2.0,3.26,2.54,3.38,3.98,2.6,2.12,3.38,3.38,3.26,4.34,3.08,3.68,3.32,3.14,2.3
867385,24,9,18,22,45,50,50,43,16,47,40,1,49,0,5,6,7,38,20,7,16,17,11,43,14,36,21,8,5,30,15,44,112.08,24.59,757,1.38,1.35,1.35,3.44,2.54,3.08,3.32,4.7,5.0,5.0,4.58,2.96,4.82,4.4,2.06,4.94,2.0,2.3,2.36
536451,42,44,23,16,14,24,47,13,37,24,45,46,16,50,13,41,10,11,1,19,3,32,1,45,0,50,8,8,46,4,26,34,87.47,25.62,793,0.81,1.18,0.65,4.52,4.64,3.38,2.96,2.84,3.44,4.82,2.78,4.22,3.44,4.7,4.76,2.96,5.0,2.78,4.46
537000,49,20,18,14,5,37,6,11,43,22,41,19,11,6,10,44,39,6,42,12,14,30,11,45,14,23,33,2,40,15,9,17,121.71,23.1,708,1.11,1.46,1.49,4.94,3.2,3.08,2.84,2.3,4.22,2.36,2.66,4.58,3.32,4.46,3.14,2.66,2.36,2.6,4.64
436961,17,37,2,30,11,50,4,23,41,44,42,11,2,25,32,16,50,20,9,35,42,9,28,34,0,15,34,8,48,8,31,26,105.53,24.9,784,1.44,0.74,0.57,3.02,4.22,2.12,3.8,2.66,5.0,2.24,3.38,4.46,4.64,4.52,2.66,2.12,3.5,3.92,2.96
327696,27,41,29,29,26,12,31,43,19,18,17,33,31,49,35,14,49,10,50,13,25,1,40,4,34,19,8,26,40,30,26,49,141.08,28.8,878,0.65,0.79,1.12,3.62,4.46,3.74,3.74,3.56,2.72,3.86,4.58,3.14,3.08,3.02,3.98,3.86,4.94,4.1,2.84
660258,38,39,4,16,23,2,32,24,4,32,43,45,49,19,50,24,37,13,12,30,38,18,16,30,35,50,32,22,7,32,3,33,81.05,27.59,852,0.98,0.64,1.25,4.28,4.34,2.24,2.96,3.38,2.12,3.92,3.44,2.24,3.92,4.58,4.7,4.94,3.14,5.0,3.44
34971,28,27,49,41,21,6,47,18,49,6,38,34,28,8,20,28,14,42,6,26,8,20,39,20,15,7,42,28,50,19,19,11,159.14,25.78,814,0.77,0.98,1.24,3.68,3.62,4.94,4.46,3.26,2.36,4.82,3.08,4.94,2.36,4.28,4.04,3.68,2.48,3.2,3.68
270057,47,31,22,43,21,21,19,10,44,46,14,20,1,19,9,38,6,9,7,10,12,39,27,22,2,5,22,27,49,5,9,46,114.02,22.96,702,1.3,1.03,0.59,4.82,3.86,3.32,4.58,3.26,3.26,3.14,2.6,4.64,4.76,2.84,3.2,2.06,3.14,2.54,4.28
237463,1,4,33,9,2,4,49,44,25,24,26,19,10,11,28,47,1,28,30,9,20,0,10,46,0,3,8,27,6,10,35,47,134.33,20.34,616,0.66,0.9,0.88,2.06,2.24,3.98,2.54,2.12,2.24,4.94,4.64,3.5,3.44,3.56,3.14,2.6,2.66,3.68,4.82
899540,43,36,34,22,45,48,21,43,30,40,41,30,31,8,31,44,41,10,19,29,50,38,0,42,46,10,40,44,6,32,25,31,153.03,32.11,1010,0.59,1.36,0.79,4.58,4.16,4.04,3.32,4.7,4.88,3.26,4.58,3.8,4.4,4.46,3.8,3.86,2.48,3.86,4.64
369572,35,29,7,17,3,49,9,20,34,47,31,28,32,3,48,9,1,10,35,5,38,4,35,35,32,27,17,48,3,38,44,31,157.89,25.34,804,1.48,0.85,1.1,4.1,3.74,2.42,3.02,2.18,4.94,2.54,3.2,4.04,4.82,3.86,3.68,3.92,2.18,4.88,2.54
430586,4,11,32,43,29,48,16,14,49,0,0,5,35,18,34,27,6,49,30,8,34,0,41,40,12,41,26,23,48,23,36,25,84.22,26.09,807,1.24,0.7,1.48,2.24,2.66,3.92,4.58,3.74,4.88,2.96,2.84,4.94,2.0,2.0,2.3,4.1,3.08,4.04,3.62
608768,26,32,19,15,28,0,32,48,17,39,30,17,9,25,20,41,32,47,19,38,23,7,6,22,20,30,5,19,49,41,24,45,82.32,27.68,825,0.51,1.37,1.19,3.56,3.92,3.14,2.9,3.68,2.0,3.92,4.88,3.02,4.34,3.8,3.02,2.54,3.5,3.2,4.46
417384,24,26,48,44,16,34,14,36,2,2,31,45,35,22,49,6,20,14,17,0,29,38,23,29,33,3,49,34,41,4,14,35,98.4,26.01,817,1.25,0.57,1.14,3.44,3.56,4.88,4.64,2.96,4.04,2.84,4.16,2.12,2.12,3.86,4.7,4.1,3.32,4.94,2.36
581349,50,17,4,2,20,5,0,7,23,39,38,6,16,37,9,35,5,33,49,32,27,9,45,6,43,11,27,12,19,33,17,7,91.95,21.72,683,0.69,1.21,1.47,5.0,3.02,2.24,2.12,3.2,2.3,2.0,2.42,3.38,4.34,4.28,2.36,2.96,4.22,2.54,4.1
267203,28,37,5,28,45,49,41,8,31,7,14,6,47,5,14,10,2,8,4,10,35,41,36,32,38,35,19,8,19,8,1,22,135.69,22.63,693,0.91,0.69,0.62,3.68,4.22,2.3,3.68,4.7,4.94,4.46,2.48,3.86,2.42,2.84,2.36,4.82,2.3,2.84,2.6
97111,38,0,37,19,2,11,14,34,24,38,38,27,26,8,36,39,11,38,48,2,26,24,24,6,18,12,38,34,47,1,10,0,120.19,24.4,730,0.88,0.94,1.46,4.28,2.0,4.22,3.14,2.12,2.66,2.84,4.04,3.44,4.28,4.28,3.62,3.56,2.48,4.16,4.34
764214,11,48,15,48,39,28,49,29,14,29,26,38,19,49,4,24,46,23,42,20,42,6,40,30,25,24,22,10,13,30,39,9,146.46,29.49,891,1.3,1.3,1.18,2.66,4.88,2.9,4.88,4.34,3.68,4.94,3.74,2.84,3.74,3.56,4.28,3.14,4.94,2.24,3.44
580941,20,7,19,47,50,33,25,23,5,28,1,1,48,19,30,45,26,15,43,15,13,49,1,44,45,11,3,16,0,1,23,26,153.26,24.3,732,1.49,1.11,1.2,3.2,2.42,3.14,4.82,5.0,3.98,3.5,3.38,2.3,3.68,2.06,2.06,4.88,3.14,3.8,4.7
928271,29,50,35,46,19,48,37,35,13,2,22,8,35,25,36,27,29,11,22,9,37,2,43,35,27,28,3,28,15,37,8,16,158.2,27.07,817,1.19,0.78,1.12,3.74,5.0,4.1,4.76,3.14,4.88,4.22,4.1,2.78,2.12,3.32,2.48,4.1,3.5,4.16,3.62
585675,1,25,35,9,15,13,19,46,9,42,33,11,8,26,26,15,12,29,16,38,3,1,47,38,23,46,1,37,1,7,3,45,140.47,22.78,680,1.2,0.91,1.22,2.06,3.5,4.1,2.54,2.9,2.78,3.14,4.76,2.54,4.52,3.98,2.66,2.48,3.56,3.56,2.9
931504,41,34,1,35,35,18,11,32,34,49,3,7,29,42,9,4,42,7,36,6,20,24,28,7,34,8,16,1,38,21,40,8,130.01,24.02,720,0.93,0.93,0.56,4.46,4.04,2.06,4.1,4.1,3.08,2.66,3.92,4.04,4.94,2.18,2.42,3.74,4.52,2.54,2.24
496422,26,32,44,12,24,31,47,45,47,49,36,13,1,45,22,27,45,34,22,39,10,38,48,41,2,43,39,4,5,17,1,3,154.59,28.23,892,1.03,0.92,1.36,3.56,3.92,4.64,2.72,3.44,3.86,4.82,4.7,4.82,4.94,4.16,2.78,2.06,4.7,3.32,3.62
406076,2,28,47,44,4,40,2,31,3,29,40,10,28,50,48,17,44,20,29,7,8,47,19,25,23,3,48,46,35,34,16,45,87.26,27.64,872,1.25,0.84,0.89,2.12,3.68,4.82,4.64,2.24,4.4,2.12,3.86,2.18,3.74,4.4,2.6,3.68,5.0,4.88,3.02
20892,49,9,20,50,49,50,7,27,44,19,30,49,24,18,43,17,35,43,34,17,24,33,8,48,45,39,8,30,38,32,34,31,135.98,32.96,1004,1.03,0.51,1.2,4.94,2.54,3.2,5.0,4.94,5.0,2.42,3.62,4.64,3.14,3.8,4.94,3.44,3.08,4.58,3.02
269560,26,35,28,39,8,49,40,28,30,0,24,40,14,46,30,3,43,19,37,21,23,1,37,28,9,44,35,30,31,43,11,43,94.77,28.34,895,0.64,0.7,1.01,3.56,4.1,3.68,4.34,2.48,4.94,4.4,3.68,3.8,2.0,3.44,4.4,2.84,4.76,3.8,2.18
925169,25,37,50,15,46,13,50,30,39,39,10,26,42,14,45,43,3,15,42,2,3,37,45,42,17,12,1,31,37,42,4,49,96.74,28.83,906,1.04,1.25,1.34,3.5,4.22,5.0,2.9,4.76,2.78,5.0,3.8,4.34,4.34,2.6,3.56,4.52,2.84,4.7,4.58
448564,2,5,42,47,6,21,48,24,10,1,26,6,40,33,28,31,38,34,9,4,15,22,38,25,25,33,35,38,43,43,7,31,132.92,27.08,810,0.69,1.37,1.49,2.12,2.3,4.52,4.82,2.36,3.26,4.88,3.44,2.6,2.06,3.56,2.36,4.4,3.98,3.68,3.86
522790,41,49,5,33,45,7,49,15,25,14,10,47,14,3,23,50,43,37,7,21,32,46,50,29,15,9,40,29,27,9,24,9,89.23,28.22,857,1.21,1.49,0.86,4.46,4.94,2.3,3.98,4.7,2.42,4.94,2.9,3.5,2.84,2.6,4.82,2.84,2.18,3.38,5.0
143381,37,5,25,29,40,10,26,47,33,6,48,24,47,40,39,25,45,50,48,10,44,34,33,24,12,28,39,40,2,18,49,31,85.86,31.66,988,1.38,1.14,0.65,4.22,2.3,3.5,3.74,4.4,2.6,3.56,4.82,3.98,2.36,4.88,3.44,4.82,4.4,4.34,3.5
647079,16,13,44,5,41,38,43,14,45,12,46,18,9,25,25,24,27,24,25,1,35,28,9,27,16,31,50,31,28,29,5,41,91.88,27.64,825,1.05,0.95,0.73,2.96,2.78,4.64,2.3,4.46,4.28,4.58,2.84,4.7,2.72,4.76,3.08,2.54,3.5,3.5,3.44
69760,48,29,48,13,0,20,30,19,22,28,37,50,45,17,8,0,48,14,5,34,3,11,10,41,22,18,25,50,29,36,12,41,135.62,25.67,813,1.04,0.69,1.26,4.88,3.74,4.88,2.78,2.0,3.2,3.8,3.14,3.32,3.68,4.22,5.0,4.7,3.02,2.48,2.0
492266,36,46,17,44,6,36,44,23,41,12,30,9,43,20,8,0,26,5,26,30,10,30,36,7,44,34,27,22,14,31,22,19,143.89,26.27,798,1.32,1.11,1.21,4.16,4.76,3.02,4.64,2.36,4.16,4.64,3.38,4.46,2.72,3.8,2.54,4.58,3.2,2.48,2.0
373902,50,11,46,25,3,18,44,24,41,33,36,7,0,7,1,34,41,3,41,42,29,5,5,28,17,50,35,31,37,6,22,41,153.33,27.29,813,0.68,1.31,1.47,5.0,2.66,4.76,3.5,2.18,3.08,4.64,3.44,4.46,3.98,4.16,2.42,2.0,2.42,2.06,4.04
473862,39,11,3,19,27,7,17,35,32,45,44,24,42,38,39,28,18,45,29,17,47,43,36,44,15,49,0,24,2,21,32,22,127.25,28.22,894,1.03,0.83,0.84,4.34,2.66,2.18,3.14,3.62,2.42,3.02,4.1,3.92,4.7,4.64,3.44,4.52,4.28,4.34,3.68
771937,29,14,33,22,47,43,18,21,50,46,8,41,20,22,23,9,12,31,50,44,46,14,44,4,22,29,39,40,8,16,15,40,155.71,28.97,900,0.99,0.73,1.4,3.74,2.84,3.98,3.32,4.82,4.58,3.08,3.26,5.0,4.76,2.48,4.46,3.2,3.32,3.38,2.54
591717,2,40,41,11,49,6,31,11,12,13,9,47,21,8,1,8,27,17,22,19,49,13,29,19,28,40,20,5,17,23,33,29,134.17,22.7,700,0.69,0.88,0.71,2.12,4.4,4.46,2.66,4.94,2.36,3.86,2.66,2.72,2.78,2.54,4.82,3.26,2.48,2.06,2.48
350370,26,38,11,5,25,6,36,6,20,30,19,19,17,21,49,24,3,5,24,21,50,13,18,41,42,34,35,25,41,37,1,5,92.6,24.85,747,1.32,0.65,1.23,3.56,4.28,2.66,2.3,3.5,2.36,4.16,2.36,3.2,3.8,3.14,3.14,3.02,3.26,4.94,3.44
575497,17,11,49,46,23,43,1,10,0,19,21,3,13,49,16,45,50,14,29,48,25,4,27,25,26,12,37,11,49,30,49,33,80.11,26.26,835,1.11,1.34,1.09,3.02,2.66,4.94,4.76,3.38,4.58,2.06,2.6,2.0,3.14,3.26,2.18,2.78,4.94,2.96,4.7
290895,20,0,42,29,41,14,20,36,26,0,8,26,33,7,8,4,47,24,14,45,33,10,27,15,19,17,22,18,14,5,2,2,137.55,20.27,628,1.44,0.97,1.14,3.2,2.0,4.52,3.74,4.46,2.84,3.2,4.16,3.56,2.0,2.48,3.56,3.98,2.42,2.48,2.24
330437,19,2,47,10,25,45,23,41,30,50,1,0,34,39,23,21,18,18,44,25,7,2,9,19,41,6,1,9,20,8,0,21,156.37,22.15,658,1.1,1.31,1.1,3.14,2.12,4.82,2.6,3.5,4.7,3.38,4.46,3.8,5.0,2.06,2.0,4.04,4.34,3.38,3.26
259442,15,5,24,48,10,47,28,3,22,18,47,43,47,4,41,27,17,41,10,21,31,49,42,49,15,20,41,9,8,17,14,24,108.32,28.14,837,0.83,1.06,1.37,2.9,2.3,3.44,4.88,2.6,4.82,3.68,2.18,3.32,3.08,4.82,4.58,4.82,2.24,4.46,3.62
528411,11,23,43,50,31,3,49,49,40,40,18,36,29,16,28,30,9,43,15,41,9,9,10,44,35,13,33,26,20,46,27,27,144.75,29.98,903,0.6,1.36,0.75,2.66,3.38,4.58,5.0,3.86,2.18,4.94,4.94,4.4,4.4,3.08,4.16,3.74,2.96,3.68,3.8
606011,33,24,22,32,10,33,39,26,28,2,48,4,10,29,12,25,18,37,3,1,21,37,39,42,12,50,24,19,30,4,0,40,99.89,24.74,754,1.06,0.93,0.63,3.98,3.44,3.32,3.92,2.6,3.98,4.34,3.56,3.68,2.12,4.88,2.24,2.6,3.74,2.72,3.5
347066,32,4,46,21,1,6,20,20,16,43,14,30,7,32,49,15,31,20,20,33,10,30,49,44,8,24,38,7,9,44,33,9,121.61,25.87,765,0.82,0.78,0.9,3.92,2.24,4.76,3.26,2.06,2.36,3.2,3.2,2.96,4.58,2.84,3.8,2.42,3.92,4.94,2.9
596906,33,15,27,26,29,26,31,17,42,31,24,5,36,31,49,50,44,47,27,33,50,46,7,38,1,22,16,19,40,49,18,30,102.17,31.56,959,0.52,1.18,0.87,3.98,2.9,3.62,3.56,3.74,3.56,3.86,3.02,4.52,3.86,3.44,2.3,4.16,3.86,4.94,5.0
605621,10,28,10,21,42,48,27,3,46,18,46,5,36,47,31,23,1,31,14,44,10,43,6,40,26,0,45,39,3,40,36,5,158.79,27.23,824,1.15,1.38,1.46,2.6,3.68,2.6,3.26,4.52,4.88,3.62,2.18,4.76,3.08,4.76,2.3,4.16,4.82,3.86,3.38
970166,50,50,9,33,42,13,35,38,40,12,18,39,7,48,37,23,20,29,17,26,41,40,47,7,15,34,28,36,29,2,28,43,141.09,30.69,936,1.17,1.06,0.8,5.0,5.0,2.54,3.98,4.52,2.78,4.1,4.28,4.4,2.72,3.08,4.34,2.42,4.88,4.22,3.38
161689,40,26,18,24,31,45,6,16,23,38,20,31,45,44,46,20,46,49,20,40,43,6,48,13,6,23,48,34,17,8,11,5,82.13,29.71,890,1.47,0.81,1.47,4.4,3.56,3.08,3.44,3.86,4.7,2.36,2.96,3.38,4.28,3.2,3.86,4.7,4.64,4.76,3.2
708658,24,7,6,41,6,50,6,35,1,37,25,5,28,37,18,31,43,45,17,5,13,14,15,22,17,12,38,26,26,50,25,43,131.32,25.22,768,1.47,0.78,0.66,3.44,2.42,2.36,4.46,2.36,5.0,2.36,4.1,2.06,4.22,3.5,2.3,3.68,4.22,3.08,3.86
415578,29,38,43,15,35,15,21,39,18,21,7,39,3,26,10,26,24,25,5,47,14,19,22,16,44,45,41,35,10,13,32,12,100.98,24.82,789,0.97,1.44,1.34,3.74,4.28,4.58,2.9,4.1,2.9,3.26,4.34,3.08,3.26,2.42,4.34,2.18,3.56,2.6,3.56
758638,13,12,10,44,50,41,42,14,3,15,14,33,41,13,9,11,36,27,9,4,16,5,17,1,1,3,0,3,31,8,10,35,115.21,19.61,571,0.84,1.35,0.54,2.78,2.72,2.6,4.64,5.0,4.46,4.52,2.84,2.18,2.9,2.84,3.98,4.46,2.78,2.54,2.66
94085,37,24,26,29,43,4,9,2,9,22,16,5,34,2,50,23,34,1,15,35,2,11,16,13,0,40,37,8,18,19,46,50,122.9,22.13,680,1.46,1.07,1.14,4.22,3.44,3.56,3.74,4.58,2.24,2.54,2.12,2.54,3.32,2.96,2.3,4.04,2.12,5.0,3.38
490396,50,8,31,34,42,17,13,0,24,20,13,14,41,16,22,10,36,25,34,43,2,33,46,1,50,24,21,22,49,40,50,12,115.62,28.25,843,0.64,0.73,0.62,5.0,2.48,3.86,4.04,4.52,3.02,2.78,2.0,3.44,3.2,2.78,2.84,4.46,2.96,3.32,2.6
934905,34,21,32,10,1,27,26,47,30,11,40,46,1,23,30,33,22,48,12,13,46,10,47,35,1,45,45,30,2,17,27,21,85.47,27.16,833,0.94,1.08,1.23,4.04,3.26,3.92,2.6,2.06,3.62,3.56,4.82,3.8,2.66,4.4,4.76,2.06,3.38,3.8,3.98
86702,12,37,11,1,2,17,1,21,6,28,43,14,13,19,5,14,8,34,21,23,5,45,27,11,41,6,28,43,47,10,32,20,89.47,21.17,645,1.42,0.95,1.32,2.72,4.22,2.66,2.06,2.12,3.02,2.06,3.26,2.36,3.68,4.58,2.84,2.78,3.14,2.3,2.84
601965,41,12,27,6,28,4,49,5,24,16,2,29,4,10,13,24,24,39,29,7,48,29,45,14,38,11,47,49,8,36,31,20,103.85,25.53,769,0.74,0.57,0.94,4.46,2.72,3.62,2.36,3.68,2.24,4.94,2.3,3.44,2.96,2.12,3.74,2.24,2.6,2.78,3.44
934936,5,48,4,35,35,48,25,43,7,45,15,2,31,49,46,33,8,33,4,50,34,5,38,17,13,49,24,46,10,32,50,26,119.19,29.3,910,0.93,0.52,1.06,2.3,4.88,2.24,4.1,4.1,4.88,3.5,4.58,2.42,4.7,2.9,2.12,3.86,4.94,4.76,3.98
845904,23,27,3,0,17,16,24,31,42,26,33,41,48,35,18,5,32,2,46,3,31,21,10,14,16,43,19,13,38,21,31,2,80.44,24.84,731,1.23,0.92,0.98,3.38,3.62,2.18,2.0,3.02,2.96,3.44,3.86,4.52,3.56,3.98,4.46,4.88,4.1,3.08,2.3
724180,12,38,14,35,14,48,34,14,36,38,42,48,8,8,11,43,6,41,40,45,7,31,6,27,33,50,43,45,28,41,38,24,126.98,30.53,948,1.4,0.51,1.0,2.72,4.28,2.84,4.1,2.84,4.88,4.04,2.84,4.16,4.28,4.52,4.88,2.48,2.48,2.66,4.58
453000,8,2,26,26,38,13,20,24,8,44,5,18,0,45,12,21,25,32,49,43,45,43,37,12,7,47,18,28,11,36,24,29,109.55,26.22,796,1.21,0.99,1.34,2.48,2.12,3.56,3.56,4.28,2.78,3.2,3.44,2.48,4.64,2.3,3.08,2.0,4.7,2.72,3.26
876884,0,1,20,19,0,22,3,8,4,7,22,39,24,26,9,32,28,27,10,32,34,48,17,38,46,28,22,26,17,0,1,21,142.22,20.03,631,0.51,0.83,1.02,2.0,2.06,3.2,3.14,2.0,3.32,2.18,2.48,2.24,2.42,3.32,4.34,3.44,3.56,2.54,3.92
110248,35,1,37,15,45,8,29,15,41,38,21,46,20,24,8,15,18,16,23,37,11,34,24,7,33,18,44,5,49,8,6,40,102.4,25.79,771,1.22,1.17,1.46,4.1,2.06,4.22,2.9,4.7,2.48,3.74,2.9,4.46,4.28,3.26,4.76,3.2,3.44,2.48,2.9
521297,5,36,0,32,30,43,28,2,35,33,33,44,3,49,27,46,35,33,2,48,29,43,15,23,36,40,9,46,42,27,0,45,115.08,29.96,919,0.58,1.31,0.59,2.3,4.16,2.0,3.92,3.8,4.58,3.68,2.12,4.1,3.98,3.98,4.64,2.18,4.94,3.62,4.76
251391,36,38,11,26,47,19,15,7,31,29,39,41,24,11,46,14,31,11,4,22,33,0,36,39,15,15,45,50,28,4,40,14,86.61,27.65,821,1.38,0.87,1.42,4.16,4.28,2.66,3.56,4.82,3.14,2.9,2.42,3.86,3.74,4.34,4.46,3.44,2.66,4.76,2.84
215346,18,44,25,34,50,49,5,38,22,38,30,24,19,18,18,11,42,4,50,8,15,38,26,19,6,14,34,11,47,45,22,19,84.44,26.85,843,1.49,1.47,1.3,3.08,4.64,3.5,4.04,5.0,4.94,2.3,4.28,3.32,4.28,3.8,3.44,3.14,3.08,3.08,2.66
409679,23,13,30,8,16,11,44,28,16,40,48,40,7,32,8,6,17,14,7,2,50,23,42,42,39,40,45,19,33,17,36,43,80.81,26.38,839,1.09,0.99,1.29,3.38,2.78,3.8,2.48,2.96,2.66,4.64,3.68,2.96,4.4,4.88,4.4,2.42,3.92,2.48,2.36
471238,0,45,24,41,23,1,48,40,43,39,37,36,38,49,12,42,35,24,4,7,49,31,9,48,44,20,7,9,37,17,22,41,124.79,29.0,922,1.0,0.9,1.07,2.0,4.7,3.44,4.46,3.38,2.06,4.88,4.4,4.58,4.34,4.22,4.16,4.28,4.94,2.72,4.52
32392,16,39,4,23,3,40,41,34,24,31,7,16,8,26,5,31,11,35,19,6,34,0,1,1,14,49,13,38,24,9,50,8,146.73,21.93,660,0.54,0.87,0.83,2.96,4.34,2.24,3.38,2.18,4.4,4.46,4.04,3.44,3.86,2.42,2.96,2.48,3.56,2.3,3.86
954196,5,21,33,25,44,29,4,7,48,10,34,46,11,21,44,10,6,24,15,50,2,28,5,46,42,19,44,41,17,27,20,15,137.82,25.48,793,1.32,0.62,0.89,2.3,3.26,3.98,3.5,4.64,3.74,2.24,2.42,4.88,2.6,4.04,4.76,2.66,3.26,4.64,2.6
285820,23,9,25,3,50,31,20,27,36,6,12,5,50,20,39,38,24,24,48,37,32,24,35,0,47,49,43,34,35,47,19,33,136.09,30.68,925,0.93,0.6,1.25,3.38,2.54,3.5,2.18,5.0,3.86,3.2,3.62,4.16,2.36,2.72,2.3,5.0,3.2,4.34,4.28
633195,0,43,19,5,26,31,17,24,46,50,44,3,27,9,30,37,48,27,8,26,7,38,1,23,12,25,9,24,14,34,41,31,158.61,24.92,779,0.56,1.09,0.73,2.0,4.58,3.14,2.3,3.56,3.86,3.02,3.44,4.76,5.0,4.64,2.18,3.62,2.54,3.8,4.22
201628,40,0,0,17,17,39,4,13,28,45,33,31,38,5,0,34,21,48,28,31,30,37,18,27,31,35,6,47,45,42,14,43,129.53,27.2,847,1.25,1.18,0.52,4.4,2.0,2.0,3.02,3.02,4.34,2.24,2.78,3.68,4.7,3.98,3.86,4.28,2.3,2.0,4.04
172914,14,50,45,12,35,45,19,38,29,23,19,5,20,26,35,16,1,48,44,42,35,3,41,9,42,21,36,44,48,7,2,16,130.08,28.29,870,1.42,1.49,1.1,2.84,5.0,4.7,2.72,4.1,4.7,3.14,4.28,3.74,3.38,3.14,2.3,3.2,3.56,4.1,2.96
964962,28,48,5,46,37,31,36,49,21,1,22,18,1,39,30,20,24,43,3,37,41,39,38,15,45,31,49,21,5,14,26,18,158.73,28.79,881,0.61,1.36,0.88,3.68,4.88,2.3,4.76,4.22,3.86,4.16,4.94,3.26,2.06,3.32,3.08,2.06,4.34,3.8,3.2
200135,12,9,31,46,47,14,26,0,48,24,3,25,11,19,15,31,1,47,50,10,48,10,43,48,34,33,3,44,12,24,14,41,152.92,26.9,823,0.52,0.94,1.25,2.72,2.54,3.86,4.76,4.82,2.84,3.56,2.0,4.88,3.44,2.18,3.5,2.66,3.14,2.9,3.86
708792,31,41,47,4,40,41,45,48,29,27,28,3,32,43,25,18,32,32,7,9,21,22,40,5,44,20,30,24,44,25,36,25,127.03,29.03,918,0.9,1.33,1.11,3.86,4.46,4.82,2.24,4.4,4.46,4.7,4.88,3.74,3.62,3.68,2.18,3.92,4.58,3.5,3.08
393844,8,2,50,47,8,5,33,7,40,2,3,6,15,1,47,6,5,5,36,46,37,12,19,24,3,14,15,27,21,6,39,49,98.22,20.94,638,1.18,1.34,0.89,2.48,2.12,5.0,4.82,2.48,2.3,3.98,2.42,4.4,2.12,2.18,2.36,2.9,2.06,4.82,2.36
507885,46,2,41,9,45,38,45,36,4,6,6,13,43,35,25,29,44,41,43,23,18,33,16,44,7,14,21,2,9,14,27,43,125.48,27.2,822,1.23,1.42,0.53,4.76,2.12,4.46,2.54,4.7,4.28,4.7,4.16,2.24,2.36,2.36,2.78,4.58,4.1,3.5,3.74
37527,12,4,5,29,41,28,40,28,0,24,49,18,40,46,36,50,16,4,42,50,43,19,17,35,29,40,16,6,17,31,45,46,93.43,29.88,906,1.05,0.61,1.23,2.72,2.24,2.3,3.74,4.46,3.68,4.4,3.68,2.0,3.44,4.94,3.08,4.4,4.76,4.16,5.0
298482,48,24,1,22,0,43,13,43,18,37,24,26,24,25,18,46,44,49,47,41,31,15,50,19,10,3,35,42,40,12,18,47,100.56,30.47,915,1.28,0.57,0.92,4.88,3.44,2.06,3.32,2.0,4.58,2.78,4.58,3.08,4.22,3.44,3.56,3.44,3.5,3.08,4.76
249594,11,36,12,25,21,6,31,18,45,24,14,31,4,27,25,6,27,43,50,19,16,9,48,46,13,48,44,45,23,19,39,21,134.27,27.5,846,0.92,0.78,1.37,2.66,4.16,2.72,3.5,3.26,2.36,3.86,3.08,4.7,3.44,2.84,3.86,2.24,3.62,3.5,2.36
399344,26,37,0,29,44,4,15,46,42,46,11,34,41,28,11,9,21,30,21,5,41,46,7,1,31,30,0,49,38,1,35,42,91.53,26.33,821,0.74,0.9,0.57,3.56,4.22,2.0,3.74,4.64,2.24,2.9,4.76,4.52,4.76,2.66,4.04,4.46,3.68,2.66,2.54
793767,23,0,18,46,45,4,42,0,42,37,23,21,1,18,0,39,41,36,7,6,5,5,47,38,50,50,9,34,11,47,32,27,141.48,27.11,804,1.21,0.89,1.14,3.38,2.0,3.08,4.76,4.7,2.24,4.52,2.0,4.52,4.22,3.38,3.26,2.06,3.08,2.0,4.34
354159,1,19,30,31,7,41,40,33,34,15,8,29,15,46,19,16,17,41,23,12,50,11,19,39,39,22,1,34,42,33,36,18,157.51,27.59,821,0.87,0.62,0.88,2.06,3.14,3.8,3.86,2.42,4.46,4.4,3.98,4.04,2.9,2.48,3.74,2.9,4.76,3.14,2.96
130968,50,1,1,19,16,9,3,44,31,9,34,13,35,31,38,22,38,21,2,29,44,14,41,28,2,3,18,0,11,22,6,43,148.7,21.66,678,1.09,0.62,0.95,5.0,2.06,2.06,3.14,2.96,2.54,2.18,4.64,3.86,2.54,4.04,2.78,4.1,3.86,4.28,3.32
216289,25,20,27,9,46,23,47,21,25,26,46,27,49,40,32,45,8,36,1,11,29,30,34,0,15,10,1,41,21,23,8,14,106.19,25.15,790,1.49,1.28,0.73,3.5,3.2,3.62,2.54,4.76,3.38,4.82,3.26,3.5,3.56,4.76,3.62,4.94,4.4,3.92,4.7
157270,1,44,24,19,25,31,13,24,13,0,8,26,2,39,16,30,21,23,7,32,4,11,38,31,23,39,31,30,2,35,21,50,156.35,23.45,713,0.53,0.69,1.19,2.06,4.64,3.44,3.14,3.5,3.86,2.78,3.44,2.78,2.0,2.48,3.56,2.12,4.34,2.96,3.8
773176,13,30,19,25,34,0,35,45,27,36,12,40,32,9,16,13,30,3,19,8,5,3,29,3,28,6,3,11,38,33,48,1,100.3,21.85,654,1.28,1.28,1.33,2.78,3.8,3.14,3.5,4.04,2.0,4.1,4.7,3.62,4.16,2.72,4.4,3.92,2.54,2.96,2.78
665423,17,47,29,31,37,43,30,22,18,7,30,35,12,13,14,31,46,17,15,5,32,42,32,12,7,36,5,17,37,10,43,40,112.82,26.72,812,0.79,1.38,1.45,3.02,4.82,3.74,3.86,4.22,4.58,3.8,3.32,3.08,2.42,3.8,4.1,2.72,2.78,2.84,3.86
212399,24,4,46,27,34,28,13,33,44,4,6,5,50,15,39,9,39,32,34,30,17,49,30,20,47,29,36,23,17,11,28,49,138.6,28.11,872,0.81,0.7,1.14,3.44,2.24,4.76,3.62,4.04,3.68,2.78,3.98,4.64,2.24,2.36,2.3,5.0,2.9,4.34,2.54
553651,5,31,25,0,38,17,1,17,24,43,22,45,32,26,42,15,2,11,41,45,14,19,40,15,33,5,22,43,13,35,11,31,143.38,25.5,763,0.85,0.76,1.45,2.3,3.86,3.5,2.0,4.28,3.02,2.06,3.02,3.44,4.58,3.32,4.7,3.92,3.56,4.52,2.9
461924,26,2,38,21,48,6,25,3,5,35,48,2,1,13,31,20,45,26,35,39,32,33,50,44,4,40,25,44,28,28,38,46,138.51,27.69,881,0.54,0.6,1.18,3.56,2.12,4.28,3.26,4.88,2.36,3.5,2.18,2.3,4.1,4.88,2.12,2.06,2.78,3.86,3.2
25468,42,45,8,35,3,13,14,0,19,49,45,31,18,40,46,14,26,42,30,1,45,50,11,21,0,6,47,41,22,4,23,40,112.72,27.79,831,0.9,0.94,1.24,4.52,4.7,2.48,4.1,2.18,2.78,2.84,2.0,3.14,4.94,4.7,3.86,3.08,4.4,4.76,2.84
178967,34,2,46,15,2,8,15,48,7,17,10,47,25,2,14,39,19,0,12,30,7,15,18,7,8,22,22,23,26,18,36,44,146.62,21.9,638,1.18,1.33,1.34,4.04,2.12,4.76,2.9,2.12,2.48,2.9,4.88,2.42,3.02,2.6,4.82,3.5,2.12,2.84,4.34
789315,41,6,47,27,8,18,43,38,47,49,46,1,23,28,29,16,13,3,48,26,23,27,0,24,34,15,23,19,48,8,13,25,147.34,25.94,816,1.33,1.43,0.92,4.46,2.36,4.82,3.62,2.48,3.08,4.58,4.28,4.82,4.94,4.76,2.06,3.38,3.68,3.74,2.96
342739,12,17,47,1,16,34,26,49,6,6,19,28,33,17,33,26,16,12,11,48,24,23,44,6,12,5,50,25,4,12,39,7,116.88,22.94,708,1.11,1.46,1.3,2.72,3.02,4.82,2.06,2.96,4.04,3.56,4.94,2.36,2.36,3.14,3.68,3.98,3.02,3.98,3.56
388481,1,38,44,12,38,0,1,24,37,24,40,16,6,22,14,0,10,4,25,9,37,1,10,38,32,34,16,18,5,21,34,23,106.21,19.96,634,1.15,0.65,0.91,2.06,4.28,4.64,2.72,4.28,2.0,2.06,3.44,4.22,3.44,4.4,2.96,2.36,3.32,2.84,2.0
553145,15,7,45,38,9,20,33,11,11,28,37,21,19,13,7,39,0,5,2,13,39,5,36,38,1,21,26,1,24,34,44,46,135.06,22.98,688,0.78,1.33,0.85,2.9,2.42,4.7,4.28,2.54,3.2,3.98,2.66,2.66,3.68,4.22,3.26,3.14,2.78,2.42,4.34
812295,27,28,22,27,21,26,35,4,7,30,34,44,15,43,18,25,42,5,14,1,41,41,5,20,12,39,35,36,33,5,50,7,105.96,25.8,792,1.33,0.94,1.0,3.62,3.68,3.32,3.62,3.26,3.56,4.1,2.24,2.42,3.8,4.04,4.64,2.9,4.58,3.08,3.5
213401,50,45,26,12,4,18,13,37,47,5,19,35,24,23,14,49,0,14,49,26,22,48,35,38,25,7,28,26,17,47,10,37,96.0,27.94,850,0.79,0.76,0.56,5.0,4.7,3.56,2.72,2.24,3.08,2.78,4.22,4.82,2.3,3.14,4.1,3.44,3.38,2.84,4.94
165419,8,13,27,0,4,30,16,24,28,36,23,40,25,18,10,18,18,8,30,21,37,17,46,46,17,27,26,6,28,2,49,9,98.63,23.87,707,0.68,0.77,1.38,2.48,2.78,3.62,2.0,2.24,3.8,2.96,3.44,3.68,4.16,3.38,4.4,3.5,3.08,2.6,3.08
628470,10,46,28,33,35,25,22,19,46,27,12,27,19,24,38,44,46,25,18,4,36,35,35,9,16,7,1,27,20,9,48,45,117.43,27.85,836,1.23,0.61,0.69,2.6,4.76,3.68,3.98,4.1,3.5,3.32,3.14,4.76,3.62,2.72,3.62,3.14,3.44,4.28,4.64
598307,11,10,28,41,27,13,23,15,16,39,46,44,2,45,33,46,32,33,38,48,4,28,19,15,45,28,16,28,15,7,22,40,139.07,28.74,857,0.79,1.39,0.55,2.66,2.6,3.68,4.46,3.62,2.78,3.38,2.9,2.96,4.34,4.76,4.64,2.12,4.7,3.98,4.76
