VehicleType,SpawnTime,ElapsedTime,NodesPassedCount,Speed,NodesSequence
Bulldozer,1744078748.641,14.951,16,0.800,X.3.1;X.3.2;X.3.3;X.3.4;X.3.5;X.3.6;X.3.7;C.1.11;Y.3.9;Y.3.8;Y.3.7;Y.3.6;Y.3.5;Y.3.4;Y.3.3;Y.3.2;Y.3.1
Police_Car,1744078753.940,9.669,26,1.500,X.5.19;X.5.18;X.5.17;X.5.16;X.5.15;X.5.14;X.5.13;C.4.18;Y.8.16;Y.8.15;Y.8.14;Y.8.13;Y.8.12;Y.8.11;Y.8.10;C.2.16;C.2.12;C.2.8;Y.8.9;Y.8.8;Y.8.7;Y.8.6;Y.8.5;Y.8.4;Y.8.3;Y.8.2;Y.8.1
Ambulance,1744078752.566,11.490,26,1.250,Y.4.26;Y.4.25;Y.4.24;Y.4.23;Y.4.22;Y.4.21;Y.4.20;Y.4.19;Y.4.18;Y.4.17;C.3.20;X.8.8;X.8.9;X.8.10;X.8.11;X.8.12;C.4.19;Y.5.17;Y.5.18;Y.5.19;Y.5.20;Y.5.21;Y.5.22;Y.5.23;Y.5.24;Y.5.25;Y.5.26
Bulldozer,1744078751.247,20.729,28,0.800,X.2.19;X.2.18;X.2.17;X.2.16;X.2.15;X.2.14;X.2.13;C.2.6;C.2.9;Y.5.10;Y.5.11;Y.5.12;Y.5.13;Y.5.14;Y.5.15;Y.5.16;C.4.1;C.4.5;C.4.9;Y.5.17;Y.5.18;Y.5.19;Y.5.20;Y.5.21;Y.5.22;Y.5.23;Y.5.24;Y.5.25;Y.5.26
Truck,1744078757.210,15.606,22,1.000,X.2.19;X.2.18;X.2.17;X.2.16;X.2.15;X.2.14;X.2.13;C.2.6;Y.6.10;Y.6.11;Y.6.12;Y.6.13;Y.6.14;Y.6.15;Y.6.16;C.4.10;X.7.13;X.7.14;X.7.15;X.7.16;X.7.17;X.7.18;X.7.19
Bulldozer,1744078760.296,13.804,18,0.800,X.6.19;X.6.18;X.6.17;X.6.16;X.6.15;X.6.14;X.6.13;C.4.6;C.4.9;Y.5.17;Y.5.18;Y.5.19;Y.5.20;Y.5.21;Y.5.22;Y.5.23;Y.5.24;Y.5.25;Y.5.26
Bulldozer,1744078758.806,17.161,25,0.800,X.8.1;X.8.2;X.8.3;X.8.4;X.8.5;X.8.6;X.8.7;C.3.13;C.3.14;C.3.15;X.8.8;X.8.9;X.8.10;X.8.11;X.8.12;C.4.19;Y.5.17;Y.5.18;Y.5.19;Y.5.20;Y.5.21;Y.5.22;Y.5.23;Y.5.24;Y.5.25;Y.5.26
Police_Car,1744078768.322,8.330,18,1.500,X.6.19;X.6.18;X.6.17;X.6.16;X.6.15;X.6.14;X.6.13;C.4.6;C.4.9;Y.5.17;Y.5.18;Y.5.19;Y.5.20;Y.5.21;Y.5.22;Y.5.23;Y.5.24;Y.5.25;Y.5.26
Bulldozer,1744078764.922,13.367,18,0.800,Y.3.26;Y.3.25;Y.3.24;Y.3.23;Y.3.22;Y.3.21;Y.3.20;Y.3.19;Y.3.18;Y.3.17;C.3.7;C.3.2;X.5.7;X.5.6;X.5.5;X.5.4;X.5.3;X.5.2;X.5.1
Bulldozer,1744078761.661,17.506,25,0.800,X.8.1;X.8.2;X.8.3;X.8.4;X.8.5;X.8.6;X.8.7;C.3.13;C.3.14;C.3.15;X.8.8;X.8.9;X.8.10;X.8.11;X.8.12;C.4.19;Y.5.17;Y.5.18;Y.5.19;Y.5.20;Y.5.21;Y.5.22;Y.5.23;Y.5.24;Y.5.25;Y.5.26
Semitruck,1744078755.672,25.003,31,0.750,X.7.1;X.7.2;X.7.3;X.7.4;X.7.5;X.7.6;X.7.7;C.3.11;C.3.8;Y.4.16;Y.4.15;Y.4.14;Y.4.13;Y.4.12;Y.4.11;Y.4.10;C.1.20;X.4.8;X.4.9;X.4.10;X.4.11;X.4.12;C.2.13;C.2.14;C.2.15;X.4.13;X.4.14;X.4.15;X.4.16;X.4.17;X.4.18;X.4.19
Bulldozer,1744078763.621,17.653,26,0.800,X.5.19;X.5.18;X.5.17;X.5.16;X.5.15;X.5.14;X.5.13;C.4.18;Y.8.16;Y.8.15;Y.8.14;Y.8.13;Y.8.12;Y.8.11;Y.8.10;C.2.16;C.2.12;C.2.8;Y.8.9;Y.8.8;Y.8.7;Y.8.6;Y.8.5;Y.8.4;Y.8.3;Y.8.2;Y.8.1
Bulldozer,1744078771.737,14.841,22,0.800,X.5.19;X.5.18;X.5.17;X.5.16;X.5.15;X.5.14;X.5.13;C.4.18;Y.8.16;Y.8.15;Y.8.14;Y.8.13;Y.8.12;Y.8.11;Y.8.10;C.2.20;X.4.13;X.4.14;X.4.15;X.4.16;X.4.17;X.4.18;X.4.19
Semitruck,1744078769.909,18.282,24,0.750,X.1.19;X.1.18;X.1.17;X.1.16;X.1.15;X.1.14;X.1.13;C.2.4;C.2.3;C.2.2;X.1.12;X.1.11;X.1.10;X.1.9;X.1.8;C.1.4;C.1.3;C.1.2;X.1.7;X.1.6;X.1.5;X.1.4;X.1.3;X.1.2;X.1.1
Semitruck,1744078766.668,22.309,28,0.750,X.2.19;X.2.18;X.2.17;X.2.16;X.2.15;X.2.14;X.2.13;C.2.6;C.2.9;Y.5.10;Y.5.11;Y.5.12;Y.5.13;Y.5.14;Y.5.15;Y.5.16;C.4.1;C.4.5;C.4.9;Y.5.17;Y.5.18;Y.5.19;Y.5.20;Y.5.21;Y.5.22;Y.5.23;Y.5.24;Y.5.25;Y.5.26
Semitruck,1744078773.009,17.532,24,0.750,Y.5.1;Y.5.2;Y.5.3;Y.5.4;Y.5.5;Y.5.6;Y.5.7;Y.5.8;Y.5.9;C.2.17;X.1.12;X.1.11;X.1.10;X.1.9;X.1.8;C.1.18;Y.4.9;Y.4.8;Y.4.7;Y.4.6;Y.4.5;Y.4.4;Y.4.3;Y.4.2;Y.4.1
Schoolbus,1744078774.769,17.838,26,1.000,Y.7.26;Y.7.25;Y.7.24;Y.7.23;Y.7.22;Y.7.21;Y.7.20;Y.7.19;Y.7.18;Y.7.17;C.4.7;X.6.12;X.6.11;X.6.10;X.6.9;X.6.8;C.3.6;Y.2.17;Y.2.18;Y.2.19;Y.2.20;Y.2.21;Y.2.22;Y.2.23;Y.2.24;Y.2.25;Y.2.26
Bulldozer,1744078776.045,16.997,24,0.800,X.5.19;X.5.18;X.5.17;X.5.16;X.5.15;X.5.14;X.5.13;C.4.4;C.4.3;C.4.2;X.5.12;X.5.11;X.5.10;X.5.9;X.5.8;C.3.4;C.3.3;C.3.2;X.5.7;X.5.6;X.5.5;X.5.4;X.5.3;X.5.2;X.5.1
Police_Car,1744078785.879,11.551,31,1.500,Y.4.26;Y.4.25;Y.4.24;Y.4.23;Y.4.22;Y.4.21;Y.4.20;Y.4.19;Y.4.18;Y.4.17;C.3.16;C.3.12;C.3.8;Y.4.16;Y.4.15;Y.4.14;Y.4.13;Y.4.12;Y.4.11;Y.4.10;C.1.16;C.1.12;C.1.8;Y.4.9;Y.4.8;Y.4.7;Y.4.6;Y.4.5;Y.4.4;Y.4.3;Y.4.2;Y.4.1
Bulldozer,1744078778.009,20.729,28,0.800,X.2.19;X.2.18;X.2.17;X.2.16;X.2.15;X.2.14;X.2.13;C.2.6;C.2.9;Y.5.10;Y.5.11;Y.5.12;Y.5.13;Y.5.14;Y.5.15;Y.5.16;C.4.1;C.4.5;C.4.9;Y.5.17;Y.5.18;Y.5.19;Y.5.20;Y.5.21;Y.5.22;Y.5.23;Y.5.24;Y.5.25;Y.5.26
Bulldozer,1744078779.734,19.537,26,0.800,Y.7.26;Y.7.25;Y.7.24;Y.7.23;Y.7.22;Y.7.21;Y.7.20;Y.7.19;Y.7.18;Y.7.17;C.4.7;C.4.2;X.5.12;X.5.11;X.5.10;X.5.9;X.5.8;C.3.4;C.3.3;C.3.2;X.5.7;X.5.6;X.5.5;X.5.4;X.5.3;X.5.2;X.5.1
Bulldozer,1744078788.380,10.941,17,0.800,X.8.1;X.8.2;X.8.3;X.8.4;X.8.5;X.8.6;X.8.7;C.3.19;Y.1.17;Y.1.18;Y.1.19;Y.1.20;Y.1.21;Y.1.22;Y.1.23;Y.1.24;Y.1.25;Y.1.26
Bulldozer,1744078784.178,16.514,24,0.800,Y.5.1;Y.5.2;Y.5.3;Y.5.4;Y.5.5;Y.5.6;Y.5.7;Y.5.8;Y.5.9;C.2.17;X.1.12;X.1.11;X.1.10;X.1.9;X.1.8;C.1.4;C.1.3;C.1.2;X.1.7;X.1.6;X.1.5;X.1.4;X.1.3;X.1.2;X.1.1
Car,1744078789.595,11.343,28,1.500,X.2.19;X.2.18;X.2.17;X.2.16;X.2.15;X.2.14;X.2.13;C.2.6;C.2.9;Y.5.10;Y.5.11;Y.5.12;Y.5.13;Y.5.14;Y.5.15;Y.5.16;C.4.1;C.4.5;C.4.9;Y.5.17;Y.5.18;Y.5.19;Y.5.20;Y.5.21;Y.5.22;Y.5.23;Y.5.24;Y.5.25;Y.5.26
Bulldozer,1744078781.150,20.966,25,0.800,Y.2.1;Y.2.2;Y.2.3;Y.2.4;Y.2.5;Y.2.6;Y.2.7;Y.2.8;Y.2.9;C.1.10;X.3.8;X.3.9;X.3.10;X.3.11;X.3.12;C.2.11;C.2.8;Y.8.9;Y.8.8;Y.8.7;Y.8.6;Y.8.5;Y.8.4;Y.8.3;Y.8.2;Y.8.1
Bulldozer,1744078787.122,16.507,24,0.800,Y.5.1;Y.5.2;Y.5.3;Y.5.4;Y.5.5;Y.5.6;Y.5.7;Y.5.8;Y.5.9;C.2.17;X.1.12;X.1.11;X.1.10;X.1.9;X.1.8;C.1.4;C.1.3;C.1.2;X.1.7;X.1.6;X.1.5;X.1.4;X.1.3;X.1.2;X.1.1
Bulldozer,1744078791.399,14.209,18,0.800,X.6.19;X.6.18;X.6.17;X.6.16;X.6.15;X.6.14;X.6.13;C.4.6;C.4.9;Y.5.17;Y.5.18;Y.5.19;Y.5.20;Y.5.21;Y.5.22;Y.5.23;Y.5.24;Y.5.25;Y.5.26
Bulldozer,1744078782.386,23.455,24,0.800,Y.2.1;Y.2.2;Y.2.3;Y.2.4;Y.2.5;Y.2.6;Y.2.7;Y.2.8;Y.2.9;C.1.10;X.3.8;X.3.9;X.3.10;X.3.11;X.3.12;C.2.11;Y.7.9;Y.7.8;Y.7.7;Y.7.6;Y.7.5;Y.7.4;Y.7.3;Y.7.2;Y.7.1
Car,1744078803.528,6.151,17,1.500,Y.8.26;Y.8.25;Y.8.24;Y.8.23;Y.8.22;Y.8.21;Y.8.20;Y.8.19;Y.8.18;Y.8.17;C.4.20;X.8.13;X.8.14;X.8.15;X.8.16;X.8.17;X.8.18;X.8.19
Ambulance,1744078798.147,13.020,23,1.250,X.2.19;X.2.18;X.2.17;X.2.16;X.2.15;X.2.14;X.2.13;C.2.6;Y.6.10;Y.6.11;Y.6.12;Y.6.13;Y.6.14;Y.6.15;Y.6.16;C.4.10;C.4.15;X.8.13;X.8.14;X.8.15;X.8.16;X.8.17;X.8.18;X.8.19
Bulldozer,1744078792.948,19.145,25,0.800,Y.2.1;Y.2.2;Y.2.3;Y.2.4;Y.2.5;Y.2.6;Y.2.7;Y.2.8;Y.2.9;C.1.10;C.1.15;X.4.8;X.4.9;X.4.10;X.4.11;X.4.12;C.2.13;C.2.14;C.2.15;X.4.13;X.4.14;X.4.15;X.4.16;X.4.17;X.4.18;X.4.19
Bulldozer,1744078801.563,12.782,16,0.800,Y.6.1;Y.6.2;Y.6.3;Y.6.4;Y.6.5;Y.6.6;Y.6.7;Y.6.8;Y.6.9;C.2.10;X.3.13;X.3.14;X.3.15;X.3.16;X.3.17;X.3.18;X.3.19
Bulldozer,1744078794.794,21.556,24,0.800,Y.2.1;Y.2.2;Y.2.3;Y.2.4;Y.2.5;Y.2.6;Y.2.7;Y.2.8;Y.2.9;C.1.10;X.3.8;X.3.9;X.3.10;X.3.11;X.3.12;C.2.11;Y.7.9;Y.7.8;Y.7.7;Y.7.6;Y.7.5;Y.7.4;Y.7.3;Y.7.2;Y.7.1
Police_Car,1744078806.159,10.478,22,1.500,X.2.19;X.2.18;X.2.17;X.2.16;X.2.15;X.2.14;X.2.13;C.2.6;Y.6.10;Y.6.11;Y.6.12;Y.6.13;Y.6.14;Y.6.15;Y.6.16;C.4.10;X.7.13;X.7.14;X.7.15;X.7.16;X.7.17;X.7.18;X.7.19
Bulldozer,1744078796.738,21.120,31,0.800,Y.1.1;Y.1.2;Y.1.3;Y.1.4;Y.1.5;Y.1.6;Y.1.7;Y.1.8;Y.1.9;C.1.1;C.1.5;C.1.9;Y.1.10;Y.1.11;Y.1.12;Y.1.13;Y.1.14;Y.1.15;Y.1.16;C.3.1;C.3.5;C.3.9;Y.1.17;Y.1.18;Y.1.19;Y.1.20;Y.1.21;Y.1.22;Y.1.23;Y.1.24;Y.1.25;Y.1.26
Bulldozer,1744078804.793,13.468,16,0.800,Y.6.1;Y.6.2;Y.6.3;Y.6.4;Y.6.5;Y.6.6;Y.6.7;Y.6.8;Y.6.9;C.2.10;X.3.13;X.3.14;X.3.15;X.3.16;X.3.17;X.3.18;X.3.19
Semitruck,1744078799.608,21.058,26,0.750,Y.7.26;Y.7.25;Y.7.24;Y.7.23;Y.7.22;Y.7.21;Y.7.20;Y.7.19;Y.7.18;Y.7.17;C.4.7;C.4.2;X.5.12;X.5.11;X.5.10;X.5.9;X.5.8;C.3.4;C.3.3;C.3.2;X.5.7;X.5.6;X.5.5;X.5.4;X.5.3;X.5.2;X.5.1
Bulldozer,1744078808.070,16.340,24,0.800,Y.5.1;Y.5.2;Y.5.3;Y.5.4;Y.5.5;Y.5.6;Y.5.7;Y.5.8;Y.5.9;C.2.17;X.1.12;X.1.11;X.1.10;X.1.9;X.1.8;C.1.18;Y.4.9;Y.4.8;Y.4.7;Y.4.6;Y.4.5;Y.4.4;Y.4.3;Y.4.2;Y.4.1
Bulldozer,1744078813.196,12.812,16,0.800,Y.6.1;Y.6.2;Y.6.3;Y.6.4;Y.6.5;Y.6.6;Y.6.7;Y.6.8;Y.6.9;C.2.10;X.3.13;X.3.14;X.3.15;X.3.16;X.3.17;X.3.18;X.3.19
Bulldozer,1744078815.118,13.470,17,0.800,X.6.19;X.6.18;X.6.17;X.6.16;X.6.15;X.6.14;X.6.13;C.4.6;Y.6.17;Y.6.18;Y.6.19;Y.6.20;Y.6.21;Y.6.22;Y.6.23;Y.6.24;Y.6.25;Y.6.26
Semitruck,1744078818.136,11.421,16,0.750,X.1.19;X.1.18;X.1.17;X.1.16;X.1.15;X.1.14;X.1.13;C.2.18;Y.8.9;Y.8.8;Y.8.7;Y.8.6;Y.8.5;Y.8.4;Y.8.3;Y.8.2;Y.8.1
Police_Car,1744078819.540,10.068,27,1.500,Y.8.26;Y.8.25;Y.8.24;Y.8.23;Y.8.22;Y.8.21;Y.8.20;Y.8.19;Y.8.18;Y.8.17;C.4.16;C.4.12;C.4.8;Y.8.16;Y.8.15;Y.8.14;Y.8.13;Y.8.12;Y.8.11;Y.8.10;C.2.20;X.4.13;X.4.14;X.4.15;X.4.16;X.4.17;X.4.18;X.4.19
Police_Car,1744078823.028,7.029,16,1.500,Y.6.1;Y.6.2;Y.6.3;Y.6.4;Y.6.5;Y.6.6;Y.6.7;Y.6.8;Y.6.9;C.2.10;X.3.13;X.3.14;X.3.15;X.3.16;X.3.17;X.3.18;X.3.19
Semitruck,1744078809.360,23.670,26,0.750,Y.7.26;Y.7.25;Y.7.24;Y.7.23;Y.7.22;Y.7.21;Y.7.20;Y.7.19;Y.7.18;Y.7.17;C.4.7;X.6.12;X.6.11;X.6.10;X.6.9;X.6.8;C.3.6;Y.2.17;Y.2.18;Y.2.19;Y.2.20;Y.2.21;Y.2.22;Y.2.23;Y.2.24;Y.2.25;Y.2.26
Bulldozer,1744078821.185,13.209,17,0.800,Y.3.26;Y.3.25;Y.3.24;Y.3.23;Y.3.22;Y.3.21;Y.3.20;Y.3.19;Y.3.18;Y.3.17;C.3.7;X.6.7;X.6.6;X.6.5;X.6.4;X.6.3;X.6.2;X.6.1
Semitruck,1744078827.584,14.471,17,0.750,X.6.19;X.6.18;X.6.17;X.6.16;X.6.15;X.6.14;X.6.13;C.4.6;Y.6.17;Y.6.18;Y.6.19;Y.6.20;Y.6.21;Y.6.22;Y.6.23;Y.6.24;Y.6.25;Y.6.26
Bulldozer,1744078826.336,17.020,24,0.800,X.8.1;X.8.2;X.8.3;X.8.4;X.8.5;X.8.6;X.8.7;C.3.13;C.3.14;C.3.15;X.8.8;X.8.9;X.8.10;X.8.11;X.8.12;C.4.13;C.4.14;C.4.15;X.8.13;X.8.14;X.8.15;X.8.16;X.8.17;X.8.18;X.8.19
Bulldozer,1744078816.346,28.896,39,0.800,Y.2.1;Y.2.2;Y.2.3;Y.2.4;Y.2.5;Y.2.6;Y.2.7;Y.2.8;Y.2.9;C.1.10;C.1.15;X.4.8;X.4.9;X.4.10;X.4.11;X.4.12;C.2.19;Y.5.10;Y.5.11;Y.5.12;Y.5.13;Y.5.14;Y.5.15;Y.5.16;C.4.17;X.5.12;X.5.11;X.5.10;X.5.9;X.5.8;C.3.4;C.3.3;C.3.2;X.5.7;X.5.6;X.5.5;X.5.4;X.5.3;X.5.2;X.5.1
Semitruck,1744078811.302,34.441,40,0.750,Y.7.26;Y.7.25;Y.7.24;Y.7.23;Y.7.22;Y.7.21;Y.7.20;Y.7.19;Y.7.18;Y.7.17;C.4.7;C.4.2;X.5.12;X.5.11;X.5.10;X.5.9;X.5.8;C.3.18;Y.4.16;Y.4.15;Y.4.14;Y.4.13;Y.4.12;Y.4.11;Y.4.10;C.1.20;X.4.8;X.4.9;X.4.10;X.4.11;X.4.12;C.2.13;C.2.14;C.2.15;X.4.13;X.4.14;X.4.15;X.4.16;X.4.17;X.4.18;X.4.19
Bulldozer,1744078824.917,21.144,31,0.800,Y.4.26;Y.4.25;Y.4.24;Y.4.23;Y.4.22;Y.4.21;Y.4.20;Y.4.19;Y.4.18;Y.4.17;C.3.16;C.3.12;C.3.8;Y.4.16;Y.4.15;Y.4.14;Y.4.13;Y.4.12;Y.4.11;Y.4.10;C.1.16;C.1.12;C.1.8;Y.4.9;Y.4.8;Y.4.7;Y.4.6;Y.4.5;Y.4.4;Y.4.3;Y.4.2;Y.4.1
Bulldozer,1744078833.419,13.412,17,0.800,X.6.19;X.6.18;X.6.17;X.6.16;X.6.15;X.6.14;X.6.13;C.4.6;Y.6.17;Y.6.18;Y.6.19;Y.6.20;Y.6.21;Y.6.22;Y.6.23;Y.6.24;Y.6.25;Y.6.26
Police_Car,1744078838.341,9.912,27,1.500,X.4.1;X.4.2;X.4.3;X.4.4;X.4.5;X.4.6;X.4.7;C.1.19;Y.1.10;Y.1.11;Y.1.12;Y.1.13;Y.1.14;Y.1.15;Y.1.16;C.3.1;C.3.5;C.3.9;Y.1.17;Y.1.18;Y.1.19;Y.1.20;Y.1.21;Y.1.22;Y.1.23;Y.1.24;Y.1.25;Y.1.26
Semitruck,1744078831.494,17.545,24,0.750,Y.5.1;Y.5.2;Y.5.3;Y.5.4;Y.5.5;Y.5.6;Y.5.7;Y.5.8;Y.5.9;C.2.17;X.1.12;X.1.11;X.1.10;X.1.9;X.1.8;C.1.18;Y.4.9;Y.4.8;Y.4.7;Y.4.6;Y.4.5;Y.4.4;Y.4.3;Y.4.2;Y.4.1
Bulldozer,1744078836.487,12.553,16,0.800,X.3.1;X.3.2;X.3.3;X.3.4;X.3.5;X.3.6;X.3.7;C.1.11;Y.3.9;Y.3.8;Y.3.7;Y.3.6;Y.3.5;Y.3.4;Y.3.3;Y.3.2;Y.3.1
Bulldozer,1744078829.550,20.978,25,0.800,Y.2.1;Y.2.2;Y.2.3;Y.2.4;Y.2.5;Y.2.6;Y.2.7;Y.2.8;Y.2.9;C.1.10;X.3.8;X.3.9;X.3.10;X.3.11;X.3.12;C.2.11;C.2.8;Y.8.9;Y.8.8;Y.8.7;Y.8.6;Y.8.5;Y.8.4;Y.8.3;Y.8.2;Y.8.1
Semitruck,1744078835.246,15.954,22,0.750,X.5.19;X.5.18;X.5.17;X.5.16;X.5.15;X.5.14;X.5.13;C.4.18;Y.8.16;Y.8.15;Y.8.14;Y.8.13;Y.8.12;Y.8.11;Y.8.10;C.2.20;X.4.13;X.4.14;X.4.15;X.4.16;X.4.17;X.4.18;X.4.19
Ambulance,1744078839.872,13.830,31,1.250,Y.1.1;Y.1.2;Y.1.3;Y.1.4;Y.1.5;Y.1.6;Y.1.7;Y.1.8;Y.1.9;C.1.1;C.1.5;C.1.9;Y.1.10;Y.1.11;Y.1.12;Y.1.13;Y.1.14;Y.1.15;Y.1.16;C.3.1;C.3.5;C.3.9;Y.1.17;Y.1.18;Y.1.19;Y.1.20;Y.1.21;Y.1.22;Y.1.23;Y.1.24;Y.1.25;Y.1.26
Car,1744078841.529,13.434,35,1.500,Y.4.26;Y.4.25;Y.4.24;Y.4.23;Y.4.22;Y.4.21;Y.4.20;Y.4.19;Y.4.18;Y.4.17;C.3.16;C.3.12;C.3.8;Y.4.16;Y.4.15;Y.4.14;Y.4.13;Y.4.12;Y.4.11;Y.4.10;C.1.20;X.4.8;X.4.9;X.4.10;X.4.11;X.4.12;C.2.13;C.2.14;C.2.15;X.4.13;X.4.14;X.4.15;X.4.16;X.4.17;X.4.18;X.4.19
Ambulance,1744078846.610,11.118,24,1.250,X.1.19;X.1.18;X.1.17;X.1.16;X.1.15;X.1.14;X.1.13;C.2.4;C.2.3;C.2.2;X.1.12;X.1.11;X.1.10;X.1.9;X.1.8;C.1.4;C.1.3;C.1.2;X.1.7;X.1.6;X.1.5;X.1.4;X.1.3;X.1.2;X.1.1
Ambulance,1744078850.141,13.813,31,1.250,Y.8.26;Y.8.25;Y.8.24;Y.8.23;Y.8.22;Y.8.21;Y.8.20;Y.8.19;Y.8.18;Y.8.17;C.4.16;C.4.12;C.4.8;Y.8.16;Y.8.15;Y.8.14;Y.8.13;Y.8.12;Y.8.11;Y.8.10;C.2.16;C.2.12;C.2.8;Y.8.9;Y.8.8;Y.8.7;Y.8.6;Y.8.5;Y.8.4;Y.8.3;Y.8.2;Y.8.1
Bulldozer,1744078843.358,20.745,28,0.800,X.2.19;X.2.18;X.2.17;X.2.16;X.2.15;X.2.14;X.2.13;C.2.6;C.2.9;Y.5.10;Y.5.11;Y.5.12;Y.5.13;Y.5.14;Y.5.15;Y.5.16;C.4.1;C.4.5;C.4.9;Y.5.17;Y.5.18;Y.5.19;Y.5.20;Y.5.21;Y.5.22;Y.5.23;Y.5.24;Y.5.25;Y.5.26
Motorcycle,1744078859.383,6.273,18,1.750,Y.3.26;Y.3.25;Y.3.24;Y.3.23;Y.3.22;Y.3.21;Y.3.20;Y.3.19;Y.3.18;Y.3.17;C.3.7;C.3.2;X.5.7;X.5.6;X.5.5;X.5.4;X.5.3;X.5.2;X.5.1
Bulldozer,1744078845.275,22.245,27,0.800,Y.7.26;Y.7.25;Y.7.24;Y.7.23;Y.7.22;Y.7.21;Y.7.20;Y.7.19;Y.7.18;Y.7.17;C.4.7;X.6.12;X.6.11;X.6.10;X.6.9;X.6.8;C.3.6;C.3.9;Y.1.17;Y.1.18;Y.1.19;Y.1.20;Y.1.21;Y.1.22;Y.1.23;Y.1.24;Y.1.25;Y.1.26
Bulldozer,1744078848.459,21.106,31,0.800,Y.5.1;Y.5.2;Y.5.3;Y.5.4;Y.5.5;Y.5.6;Y.5.7;Y.5.8;Y.5.9;C.2.1;C.2.5;C.2.9;Y.5.10;Y.5.11;Y.5.12;Y.5.13;Y.5.14;Y.5.15;Y.5.16;C.4.1;C.4.5;C.4.9;Y.5.17;Y.5.18;Y.5.19;Y.5.20;Y.5.21;Y.5.22;Y.5.23;Y.5.24;Y.5.25;Y.5.26
Bulldozer,1744078851.999,21.103,31,0.800,Y.4.26;Y.4.25;Y.4.24;Y.4.23;Y.4.22;Y.4.21;Y.4.20;Y.4.19;Y.4.18;Y.4.17;C.3.16;C.3.12;C.3.8;Y.4.16;Y.4.15;Y.4.14;Y.4.13;Y.4.12;Y.4.11;Y.4.10;C.1.16;C.1.12;C.1.8;Y.4.9;Y.4.8;Y.4.7;Y.4.6;Y.4.5;Y.4.4;Y.4.3;Y.4.2;Y.4.1
Motorcycle,1744078862.516,11.485,35,1.750,Y.4.26;Y.4.25;Y.4.24;Y.4.23;Y.4.22;Y.4.21;Y.4.20;Y.4.19;Y.4.18;Y.4.17;C.3.16;C.3.12;C.3.8;Y.4.16;Y.4.15;Y.4.14;Y.4.13;Y.4.12;Y.4.11;Y.4.10;C.1.20;X.4.8;X.4.9;X.4.10;X.4.11;X.4.12;C.2.13;C.2.14;C.2.15;X.4.13;X.4.14;X.4.15;X.4.16;X.4.17;X.4.18;X.4.19
Bulldozer,1744078854.603,21.086,31,0.800,Y.1.1;Y.1.2;Y.1.3;Y.1.4;Y.1.5;Y.1.6;Y.1.7;Y.1.8;Y.1.9;C.1.1;C.1.5;C.1.9;Y.1.10;Y.1.11;Y.1.12;Y.1.13;Y.1.14;Y.1.15;Y.1.16;C.3.1;C.3.5;C.3.9;Y.1.17;Y.1.18;Y.1.19;Y.1.20;Y.1.21;Y.1.22;Y.1.23;Y.1.24;Y.1.25;Y.1.26
Schoolbus,1744078856.544,20.166,31,1.000,Y.1.1;Y.1.2;Y.1.3;Y.1.4;Y.1.5;Y.1.6;Y.1.7;Y.1.8;Y.1.9;C.1.1;C.1.5;C.1.9;Y.1.10;Y.1.11;Y.1.12;Y.1.13;Y.1.14;Y.1.15;Y.1.16;C.3.1;C.3.5;C.3.9;Y.1.17;Y.1.18;Y.1.19;Y.1.20;Y.1.21;Y.1.22;Y.1.23;Y.1.24;Y.1.25;Y.1.26
Ambulance,1744078865.803,11.258,24,1.250,X.4.1;X.4.2;X.4.3;X.4.4;X.4.5;X.4.6;X.4.7;C.1.13;C.1.14;C.1.15;X.4.8;X.4.9;X.4.10;X.4.11;X.4.12;C.2.13;C.2.14;C.2.15;X.4.13;X.4.14;X.4.15;X.4.16;X.4.17;X.4.18;X.4.19
Semitruck,1744078860.633,18.251,24,0.750,X.5.19;X.5.18;X.5.17;X.5.16;X.5.15;X.5.14;X.5.13;C.4.4;C.4.3;C.4.2;X.5.12;X.5.11;X.5.10;X.5.9;X.5.8;C.3.4;C.3.3;C.3.2;X.5.7;X.5.6;X.5.5;X.5.4;X.5.3;X.5.2;X.5.1
Police_Car,1744078864.512,14.789,31,1.500,X.7.1;X.7.2;X.7.3;X.7.4;X.7.5;X.7.6;X.7.7;C.3.11;C.3.8;Y.4.16;Y.4.15;Y.4.14;Y.4.13;Y.4.12;Y.4.11;Y.4.10;C.1.20;X.4.8;X.4.9;X.4.10;X.4.11;X.4.12;C.2.13;C.2.14;C.2.15;X.4.13;X.4.14;X.4.15;X.4.16;X.4.17;X.4.18;X.4.19
Bulldozer,1744078853.332,26.668,36,0.800,Y.7.26;Y.7.25;Y.7.24;Y.7.23;Y.7.22;Y.7.21;Y.7.20;Y.7.19;Y.7.18;Y.7.17;C.4.7;C.4.2;X.5.12;X.5.11;X.5.10;X.5.9;X.5.8;C.3.18;Y.4.16;Y.4.15;Y.4.14;Y.4.13;Y.4.12;Y.4.11;Y.4.10;C.1.16;C.1.12;C.1.8;Y.4.9;Y.4.8;Y.4.7;Y.4.6;Y.4.5;Y.4.4;Y.4.3;Y.4.2;Y.4.1
Bulldozer,1744078857.943,22.223,27,0.800,Y.7.26;Y.7.25;Y.7.24;Y.7.23;Y.7.22;Y.7.21;Y.7.20;Y.7.19;Y.7.18;Y.7.17;C.4.7;X.6.12;X.6.11;X.6.10;X.6.9;X.6.8;C.3.6;C.3.9;Y.1.17;Y.1.18;Y.1.19;Y.1.20;Y.1.21;Y.1.22;Y.1.23;Y.1.24;Y.1.25;Y.1.26
Schoolbus,1744078867.052,13.806,24,1.000,X.8.1;X.8.2;X.8.3;X.8.4;X.8.5;X.8.6;X.8.7;C.3.13;C.3.14;C.3.15;X.8.8;X.8.9;X.8.10;X.8.11;X.8.12;C.4.13;C.4.14;C.4.15;X.8.13;X.8.14;X.8.15;X.8.16;X.8.17;X.8.18;X.8.19
Bulldozer,1744078871.646,10.337,16,0.800,Y.1.1;Y.1.2;Y.1.3;Y.1.4;Y.1.5;Y.1.6;Y.1.7;Y.1.8;Y.1.9;C.1.17;X.1.7;X.1.6;X.1.5;X.1.4;X.1.3;X.1.2;X.1.1
Semitruck,1744078873.173,14.399,18,0.750,Y.3.26;Y.3.25;Y.3.24;Y.3.23;Y.3.22;Y.3.21;Y.3.20;Y.3.19;Y.3.18;Y.3.17;C.3.7;C.3.2;X.5.7;X.5.6;X.5.5;X.5.4;X.5.3;X.5.2;X.5.1
Police_Car,1744078880.098,11.028,17,1.500,X.3.1;X.3.2;X.3.3;X.3.4;X.3.5;X.3.6;X.3.7;C.1.11;C.1.8;Y.4.9;Y.4.8;Y.4.7;Y.4.6;Y.4.5;Y.4.4;Y.4.3;Y.4.2;Y.4.1
Bulldozer,1744078878.769,12.539,16,0.800,X.3.1;X.3.2;X.3.3;X.3.4;X.3.5;X.3.6;X.3.7;C.1.11;Y.3.9;Y.3.8;Y.3.7;Y.3.6;Y.3.5;Y.3.4;Y.3.3;Y.3.2;Y.3.1
Bulldozer,1744078869.759,21.991,26,0.800,Y.7.26;Y.7.25;Y.7.24;Y.7.23;Y.7.22;Y.7.21;Y.7.20;Y.7.19;Y.7.18;Y.7.17;C.4.7;X.6.12;X.6.11;X.6.10;X.6.9;X.6.8;C.3.6;Y.2.17;Y.2.18;Y.2.19;Y.2.20;Y.2.21;Y.2.22;Y.2.23;Y.2.24;Y.2.25;Y.2.26
Semitruck,1744078875.031,18.897,26,0.750,Y.4.26;Y.4.25;Y.4.24;Y.4.23;Y.4.22;Y.4.21;Y.4.20;Y.4.19;Y.4.18;Y.4.17;C.3.20;X.8.8;X.8.9;X.8.10;X.8.11;X.8.12;C.4.19;Y.5.17;Y.5.18;Y.5.19;Y.5.20;Y.5.21;Y.5.22;Y.5.23;Y.5.24;Y.5.25;Y.5.26
Bulldozer,1744078884.906,11.220,17,0.800,Y.8.26;Y.8.25;Y.8.24;Y.8.23;Y.8.22;Y.8.21;Y.8.20;Y.8.19;Y.8.18;Y.8.17;C.4.20;X.8.13;X.8.14;X.8.15;X.8.16;X.8.17;X.8.18;X.8.19
Police_Car,1744078888.764,8.513,22,1.500,X.5.19;X.5.18;X.5.17;X.5.16;X.5.15;X.5.14;X.5.13;C.4.18;Y.8.16;Y.8.15;Y.8.14;Y.8.13;Y.8.12;Y.8.11;Y.8.10;C.2.20;X.4.13;X.4.14;X.4.15;X.4.16;X.4.17;X.4.18;X.4.19
Bulldozer,1744078868.302,30.527,42,0.800,X.7.1;X.7.2;X.7.3;X.7.4;X.7.5;X.7.6;X.7.7;C.3.11;C.3.8;Y.4.16;Y.4.15;Y.4.14;Y.4.13;Y.4.12;Y.4.11;Y.4.10;C.1.20;X.4.8;X.4.9;X.4.10;X.4.11;X.4.12;C.2.19;Y.5.10;Y.5.11;Y.5.12;Y.5.13;Y.5.14;Y.5.15;Y.5.16;C.4.1;C.4.5;C.4.9;Y.5.17;Y.5.18;Y.5.19;Y.5.20;Y.5.21;Y.5.22;Y.5.23;Y.5.24;Y.5.25;Y.5.26
Bulldozer,1744078883.550,17.186,24,0.800,X.4.1;X.4.2;X.4.3;X.4.4;X.4.5;X.4.6;X.4.7;C.1.13;C.1.14;C.1.15;X.4.8;X.4.9;X.4.10;X.4.11;X.4.12;C.2.13;C.2.14;C.2.15;X.4.13;X.4.14;X.4.15;X.4.16;X.4.17;X.4.18;X.4.19
Bulldozer,1744078882.051,20.764,28,0.800,X.2.19;X.2.18;X.2.17;X.2.16;X.2.15;X.2.14;X.2.13;C.2.6;C.2.9;Y.5.10;Y.5.11;Y.5.12;Y.5.13;Y.5.14;Y.5.15;Y.5.16;C.4.1;C.4.5;C.4.9;Y.5.17;Y.5.18;Y.5.19;Y.5.20;Y.5.21;Y.5.22;Y.5.23;Y.5.24;Y.5.25;Y.5.26
Motorcycle,1744078895.149,7.986,24,1.750,X.1.19;X.1.18;X.1.17;X.1.16;X.1.15;X.1.14;X.1.13;C.2.4;C.2.3;C.2.2;X.1.12;X.1.11;X.1.10;X.1.9;X.1.8;C.1.4;C.1.3;C.1.2;X.1.7;X.1.6;X.1.5;X.1.4;X.1.3;X.1.2;X.1.1
Bulldozer,1744078892.036,12.557,16,0.800,X.3.1;X.3.2;X.3.3;X.3.4;X.3.5;X.3.6;X.3.7;C.1.11;Y.3.9;Y.3.8;Y.3.7;Y.3.6;Y.3.5;Y.3.4;Y.3.3;Y.3.2;Y.3.1
Semitruck,1744078887.484,20.686,22,0.750,X.2.19;X.2.18;X.2.17;X.2.16;X.2.15;X.2.14;X.2.13;C.2.6;Y.6.10;Y.6.11;Y.6.12;Y.6.13;Y.6.14;Y.6.15;Y.6.16;C.4.10;X.7.13;X.7.14;X.7.15;X.7.16;X.7.17;X.7.18;X.7.19
Semitruck,1744078876.969,32.072,40,0.750,Y.7.26;Y.7.25;Y.7.24;Y.7.23;Y.7.22;Y.7.21;Y.7.20;Y.7.19;Y.7.18;Y.7.17;C.4.7;C.4.2;X.5.12;X.5.11;X.5.10;X.5.9;X.5.8;C.3.18;Y.4.16;Y.4.15;Y.4.14;Y.4.13;Y.4.12;Y.4.11;Y.4.10;C.1.20;X.4.8;X.4.9;X.4.10;X.4.11;X.4.12;C.2.13;C.2.14;C.2.15;X.4.13;X.4.14;X.4.15;X.4.16;X.4.17;X.4.18;X.4.19
Bulldozer,1744078886.246,23.888,34,0.800,X.5.19;X.5.18;X.5.17;X.5.16;X.5.15;X.5.14;X.5.13;C.4.4;C.4.3;C.4.2;X.5.12;X.5.11;X.5.10;X.5.9;X.5.8;C.3.18;Y.4.16;Y.4.15;Y.4.14;Y.4.13;Y.4.12;Y.4.11;Y.4.10;C.1.16;C.1.12;C.1.8;Y.4.9;Y.4.8;Y.4.7;Y.4.6;Y.4.5;Y.4.4;Y.4.3;Y.4.2;Y.4.1
Police_Car,1744078899.039,11.777,24,1.500,Y.5.1;Y.5.2;Y.5.3;Y.5.4;Y.5.5;Y.5.6;Y.5.7;Y.5.8;Y.5.9;C.2.17;X.1.12;X.1.11;X.1.10;X.1.9;X.1.8;C.1.18;Y.4.9;Y.4.8;Y.4.7;Y.4.6;Y.4.5;Y.4.4;Y.4.3;Y.4.2;Y.4.1
Ambulance,1744078902.676,8.757,18,1.250,Y.3.26;Y.3.25;Y.3.24;Y.3.23;Y.3.22;Y.3.21;Y.3.20;Y.3.19;Y.3.18;Y.3.17;C.3.7;C.3.2;X.5.7;X.5.6;X.5.5;X.5.4;X.5.3;X.5.2;X.5.1
Ambulance,1744078901.019,10.999,24,1.250,X.1.19;X.1.18;X.1.17;X.1.16;X.1.15;X.1.14;X.1.13;C.2.4;C.2.3;C.2.2;X.1.12;X.1.11;X.1.10;X.1.9;X.1.8;C.1.18;Y.4.9;Y.4.8;Y.4.7;Y.4.6;Y.4.5;Y.4.4;Y.4.3;Y.4.2;Y.4.1
Truck,1744078893.757,22.179,38,1.000,X.5.19;X.5.18;X.5.17;X.5.16;X.5.15;X.5.14;X.5.13;C.4.4;C.4.3;C.4.2;X.5.12;X.5.11;X.5.10;X.5.9;X.5.8;C.3.18;Y.4.16;Y.4.15;Y.4.14;Y.4.13;Y.4.12;Y.4.11;Y.4.10;C.1.20;X.4.8;X.4.9;X.4.10;X.4.11;X.4.12;C.2.13;C.2.14;C.2.15;X.4.13;X.4.14;X.4.15;X.4.16;X.4.17;X.4.18;X.4.19
Bulldozer,1744078904.612,13.424,17,0.800,X.6.19;X.6.18;X.6.17;X.6.16;X.6.15;X.6.14;X.6.13;C.4.6;Y.6.17;Y.6.18;Y.6.19;Y.6.20;Y.6.21;Y.6.22;Y.6.23;Y.6.24;Y.6.25;Y.6.26
Bulldozer,1744078905.890,12.966,17,0.800,Y.6.1;Y.6.2;Y.6.3;Y.6.4;Y.6.5;Y.6.6;Y.6.7;Y.6.8;Y.6.9;C.2.10;C.2.15;X.4.13;X.4.14;X.4.15;X.4.16;X.4.17;X.4.18;X.4.19
Semitruck,1744078890.511,29.480,36,0.750,Y.7.26;Y.7.25;Y.7.24;Y.7.23;Y.7.22;Y.7.21;Y.7.20;Y.7.19;Y.7.18;Y.7.17;C.4.7;C.4.2;X.5.12;X.5.11;X.5.10;X.5.9;X.5.8;C.3.18;Y.4.16;Y.4.15;Y.4.14;Y.4.13;Y.4.12;Y.4.11;Y.4.10;C.1.16;C.1.12;C.1.8;Y.4.9;Y.4.8;Y.4.7;Y.4.6;Y.4.5;Y.4.4;Y.4.3;Y.4.2;Y.4.1
Police_Car,1744078917.183,5.690,16,1.500,Y.1.1;Y.1.2;Y.1.3;Y.1.4;Y.1.5;Y.1.6;Y.1.7;Y.1.8;Y.1.9;C.1.17;X.1.7;X.1.6;X.1.5;X.1.4;X.1.3;X.1.2;X.1.1
Bulldozer,1744078907.714,17.641,24,0.800,X.5.19;X.5.18;X.5.17;X.5.16;X.5.15;X.5.14;X.5.13;C.4.4;C.4.3;C.4.2;X.5.12;X.5.11;X.5.10;X.5.9;X.5.8;C.3.4;C.3.3;C.3.2;X.5.7;X.5.6;X.5.5;X.5.4;X.5.3;X.5.2;X.5.1
Car,1744078914.271,11.333,24,1.500,Y.2.1;Y.2.2;Y.2.3;Y.2.4;Y.2.5;Y.2.6;Y.2.7;Y.2.8;Y.2.9;C.1.10;X.3.8;X.3.9;X.3.10;X.3.11;X.3.12;C.2.11;Y.7.9;Y.7.8;Y.7.7;Y.7.6;Y.7.5;Y.7.4;Y.7.3;Y.7.2;Y.7.1
Truck,1744078910.913,15.458,26,1.000,Y.1.1;Y.1.2;Y.1.3;Y.1.4;Y.1.5;Y.1.6;Y.1.7;Y.1.8;Y.1.9;C.1.1;C.1.5;C.1.9;Y.1.10;Y.1.11;Y.1.12;Y.1.13;Y.1.14;Y.1.15;Y.1.16;C.3.17;X.5.7;X.5.6;X.5.5;X.5.4;X.5.3;X.5.2;X.5.1
Bulldozer,1744078912.828,17.646,26,0.800,X.5.19;X.5.18;X.5.17;X.5.16;X.5.15;X.5.14;X.5.13;C.4.18;Y.8.16;Y.8.15;Y.8.14;Y.8.13;Y.8.12;Y.8.11;Y.8.10;C.2.16;C.2.12;C.2.8;Y.8.9;Y.8.8;Y.8.7;Y.8.6;Y.8.5;Y.8.4;Y.8.3;Y.8.2;Y.8.1
Bulldozer,1744078918.998,13.658,18,0.800,X.6.19;X.6.18;X.6.17;X.6.16;X.6.15;X.6.14;X.6.13;C.4.6;C.4.9;Y.5.17;Y.5.18;Y.5.19;Y.5.20;Y.5.21;Y.5.22;Y.5.23;Y.5.24;Y.5.25;Y.5.26
Bulldozer,1744078915.649,18.321,27,0.800,Y.8.26;Y.8.25;Y.8.24;Y.8.23;Y.8.22;Y.8.21;Y.8.20;Y.8.19;Y.8.18;Y.8.17;C.4.16;C.4.12;C.4.8;Y.8.16;Y.8.15;Y.8.14;Y.8.13;Y.8.12;Y.8.11;Y.8.10;C.2.20;X.4.13;X.4.14;X.4.15;X.4.16;X.4.17;X.4.18;X.4.19
Bulldozer,1744078897.058,38.177,52,0.800,X.4.1;X.4.2;X.4.3;X.4.4;X.4.5;X.4.6;X.4.7;C.1.13;C.1.14;C.1.15;X.4.8;X.4.9;X.4.10;X.4.11;X.4.12;C.2.19;Y.5.10;Y.5.11;Y.5.12;Y.5.13;Y.5.14;Y.5.15;Y.5.16;C.4.17;X.5.12;X.5.11;X.5.10;X.5.9;X.5.8;C.3.18;Y.4.16;Y.4.15;Y.4.14;Y.4.13;Y.4.12;Y.4.11;Y.4.10;C.1.20;X.4.8;X.4.9;X.4.10;X.4.11;X.4.12;C.2.13;C.2.14;C.2.15;X.4.13;X.4.14;X.4.15;X.4.16;X.4.17;X.4.18;X.4.19
Bulldozer,1744078923.901,16.983,24,0.800,X.5.19;X.5.18;X.5.17;X.5.16;X.5.15;X.5.14;X.5.13;C.4.4;C.4.3;C.4.2;X.5.12;X.5.11;X.5.10;X.5.9;X.5.8;C.3.4;C.3.3;C.3.2;X.5.7;X.5.6;X.5.5;X.5.4;X.5.3;X.5.2;X.5.1
Bulldozer,1744078926.924,15.207,22,0.800,X.4.1;X.4.2;X.4.3;X.4.4;X.4.5;X.4.6;X.4.7;C.1.19;Y.1.10;Y.1.11;Y.1.12;Y.1.13;Y.1.14;Y.1.15;Y.1.16;C.3.17;X.5.7;X.5.6;X.5.5;X.5.4;X.5.3;X.5.2;X.5.1
Ambulance,1744078909.702,33.266,62,1.250,Y.5.1;Y.5.2;Y.5.3;Y.5.4;Y.5.5;Y.5.6;Y.5.7;Y.5.8;Y.5.9;C.2.1;C.2.5;C.2.9;Y.5.10;Y.5.11;Y.5.12;Y.5.13;Y.5.14;Y.5.15;Y.5.16;C.4.17;X.5.12;X.5.11;X.5.10;X.5.9;X.5.8;C.3.18;Y.4.16;Y.4.15;Y.4.14;Y.4.13;Y.4.12;Y.4.11;Y.4.10;C.1.20;X.4.8;X.4.9;X.4.10;X.4.11;X.4.12;C.2.19;Y.5.10;Y.5.11;Y.5.12;Y.5.13;Y.5.14;Y.5.15;Y.5.16;C.4.17;X.5.12;X.5.11;X.5.10;X.5.9;X.5.8;C.3.4;C.3.3;C.3.2;X.5.7;X.5.6;X.5.5;X.5.4;X.5.3;X.5.2;X.5.1
Truck,1744078922.696,21.389,34,1.000,Y.5.1;Y.5.2;Y.5.3;Y.5.4;Y.5.5;Y.5.6;Y.5.7;Y.5.8;Y.5.9;C.2.1;C.2.5;C.2.9;Y.5.10;Y.5.11;Y.5.12;Y.5.13;Y.5.14;Y.5.15;Y.5.16;C.4.17;X.5.12;X.5.11;X.5.10;X.5.9;X.5.8;C.3.4;C.3.3;C.3.2;X.5.7;X.5.6;X.5.5;X.5.4;X.5.3;X.5.2;X.5.1
Semitruck,1744078920.789,23.884,27,0.750,Y.7.26;Y.7.25;Y.7.24;Y.7.23;Y.7.22;Y.7.21;Y.7.20;Y.7.19;Y.7.18;Y.7.17;C.4.7;X.6.12;X.6.11;X.6.10;X.6.9;X.6.8;C.3.6;C.3.9;Y.1.17;Y.1.18;Y.1.19;Y.1.20;Y.1.21;Y.1.22;Y.1.23;Y.1.24;Y.1.25;Y.1.26
Bulldozer,1744078925.227,22.546,27,0.800,Y.7.26;Y.7.25;Y.7.24;Y.7.23;Y.7.22;Y.7.21;Y.7.20;Y.7.19;Y.7.18;Y.7.17;C.4.7;X.6.12;X.6.11;X.6.10;X.6.9;X.6.8;C.3.6;C.3.9;Y.1.17;Y.1.18;Y.1.19;Y.1.20;Y.1.21;Y.1.22;Y.1.23;Y.1.24;Y.1.25;Y.1.26
Car,1744078941.530,8.958,24,1.500,Y.5.1;Y.5.2;Y.5.3;Y.5.4;Y.5.5;Y.5.6;Y.5.7;Y.5.8;Y.5.9;C.2.17;X.1.12;X.1.11;X.1.10;X.1.9;X.1.8;C.1.18;Y.4.9;Y.4.8;Y.4.7;Y.4.6;Y.4.5;Y.4.4;Y.4.3;Y.4.2;Y.4.1
Bulldozer,1744078938.238,12.536,16,0.800,X.3.1;X.3.2;X.3.3;X.3.4;X.3.5;X.3.6;X.3.7;C.1.11;Y.3.9;Y.3.8;Y.3.7;Y.3.6;Y.3.5;Y.3.4;Y.3.3;Y.3.2;Y.3.1
Bulldozer,1744078931.660,21.102,31,0.800,Y.8.26;Y.8.25;Y.8.24;Y.8.23;Y.8.22;Y.8.21;Y.8.20;Y.8.19;Y.8.18;Y.8.17;C.4.16;C.4.12;C.4.8;Y.8.16;Y.8.15;Y.8.14;Y.8.13;Y.8.12;Y.8.11;Y.8.10;C.2.16;C.2.12;C.2.8;Y.8.9;Y.8.8;Y.8.7;Y.8.6;Y.8.5;Y.8.4;Y.8.3;Y.8.2;Y.8.1
Bulldozer,1744078934.686,18.890,23,0.800,X.7.1;X.7.2;X.7.3;X.7.4;X.7.5;X.7.6;X.7.7;C.3.11;Y.3.16;Y.3.15;Y.3.14;Y.3.13;Y.3.12;Y.3.11;Y.3.10;C.1.7;C.1.2;X.1.7;X.1.6;X.1.5;X.1.4;X.1.3;X.1.2;X.1.1
Semitruck,1744078933.231,22.253,28,0.750,X.2.19;X.2.18;X.2.17;X.2.16;X.2.15;X.2.14;X.2.13;C.2.6;C.2.9;Y.5.10;Y.5.11;Y.5.12;Y.5.13;Y.5.14;Y.5.15;Y.5.16;C.4.1;C.4.5;C.4.9;Y.5.17;Y.5.18;Y.5.19;Y.5.20;Y.5.21;Y.5.22;Y.5.23;Y.5.24;Y.5.25;Y.5.26
Bulldozer,1744078940.130,16.764,24,0.800,X.1.19;X.1.18;X.1.17;X.1.16;X.1.15;X.1.14;X.1.13;C.2.4;C.2.3;C.2.2;X.1.12;X.1.11;X.1.10;X.1.9;X.1.8;C.1.18;Y.4.9;Y.4.8;Y.4.7;Y.4.6;Y.4.5;Y.4.4;Y.4.3;Y.4.2;Y.4.1
Bulldozer,1744078944.868,13.118,17,0.800,Y.3.26;Y.3.25;Y.3.24;Y.3.23;Y.3.22;Y.3.21;Y.3.20;Y.3.19;Y.3.18;Y.3.17;C.3.7;X.6.7;X.6.6;X.6.5;X.6.4;X.6.3;X.6.2;X.6.1
Semitruck,1744078930.150,28.323,36,0.750,Y.2.1;Y.2.2;Y.2.3;Y.2.4;Y.2.5;Y.2.6;Y.2.7;Y.2.8;Y.2.9;C.1.10;C.1.15;X.4.8;X.4.9;X.4.10;X.4.11;X.4.12;C.2.19;Y.5.10;Y.5.11;Y.5.12;Y.5.13;Y.5.14;Y.5.15;Y.5.16;C.4.1;C.4.5;C.4.9;Y.5.17;Y.5.18;Y.5.19;Y.5.20;Y.5.21;Y.5.22;Y.5.23;Y.5.24;Y.5.25;Y.5.26
Bulldozer,1744078936.398,22.409,27,0.800,X.7.1;X.7.2;X.7.3;X.7.4;X.7.5;X.7.6;X.7.7;C.3.11;C.3.8;Y.4.16;Y.4.15;Y.4.14;Y.4.13;Y.4.12;Y.4.11;Y.4.10;C.1.16;C.1.12;C.1.8;Y.4.9;Y.4.8;Y.4.7;Y.4.6;Y.4.5;Y.4.4;Y.4.3;Y.4.2;Y.4.1
Bulldozer,1744078947.823,15.082,22,0.800,X.5.19;X.5.18;X.5.17;X.5.16;X.5.15;X.5.14;X.5.13;C.4.18;Y.8.16;Y.8.15;Y.8.14;Y.8.13;Y.8.12;Y.8.11;Y.8.10;C.2.20;X.4.13;X.4.14;X.4.15;X.4.16;X.4.17;X.4.18;X.4.19
Bulldozer,1744078928.301,35.004,49,0.800,X.5.19;X.5.18;X.5.17;X.5.16;X.5.15;X.5.14;X.5.13;C.4.4;C.4.3;C.4.2;X.5.12;X.5.11;X.5.10;X.5.9;X.5.8;C.3.18;Y.4.16;Y.4.15;Y.4.14;Y.4.13;Y.4.12;Y.4.11;Y.4.10;C.1.20;X.4.8;X.4.9;X.4.10;X.4.11;X.4.12;C.2.19;Y.5.10;Y.5.11;Y.5.12;Y.5.13;Y.5.14;Y.5.15;Y.5.16;C.4.1;C.4.5;C.4.9;Y.5.17;Y.5.18;Y.5.19;Y.5.20;Y.5.21;Y.5.22;Y.5.23;Y.5.24;Y.5.25;Y.5.26
Car,1744078956.110,7.213,17,1.500,Y.3.26;Y.3.25;Y.3.24;Y.3.23;Y.3.22;Y.3.21;Y.3.20;Y.3.19;Y.3.18;Y.3.17;C.3.7;X.6.7;X.6.6;X.6.5;X.6.4;X.6.3;X.6.2;X.6.1
Bulldozer,1744078943.131,21.093,31,0.800,Y.8.26;Y.8.25;Y.8.24;Y.8.23;Y.8.22;Y.8.21;Y.8.20;Y.8.19;Y.8.18;Y.8.17;C.4.16;C.4.12;C.4.8;Y.8.16;Y.8.15;Y.8.14;Y.8.13;Y.8.12;Y.8.11;Y.8.10;C.2.16;C.2.12;C.2.8;Y.8.9;Y.8.8;Y.8.7;Y.8.6;Y.8.5;Y.8.4;Y.8.3;Y.8.2;Y.8.1
Bulldozer,1744078950.927,13.565,17,0.800,Y.6.1;Y.6.2;Y.6.3;Y.6.4;Y.6.5;Y.6.6;Y.6.7;Y.6.8;Y.6.9;C.2.10;C.2.15;X.4.13;X.4.14;X.4.15;X.4.16;X.4.17;X.4.18;X.4.19
Motorcycle,1744078960.733,4.972,16,1.750,X.1.19;X.1.18;X.1.17;X.1.16;X.1.15;X.1.14;X.1.13;C.2.18;Y.8.9;Y.8.8;Y.8.7;Y.8.6;Y.8.5;Y.8.4;Y.8.3;Y.8.2;Y.8.1
Semitruck,1744078954.581,14.674,18,0.750,X.6.19;X.6.18;X.6.17;X.6.16;X.6.15;X.6.14;X.6.13;C.4.6;C.4.9;Y.5.17;Y.5.18;Y.5.19;Y.5.20;Y.5.21;Y.5.22;Y.5.23;Y.5.24;Y.5.25;Y.5.26
Semitruck,1744078952.804,18.244,24,0.750,X.4.1;X.4.2;X.4.3;X.4.4;X.4.5;X.4.6;X.4.7;C.1.13;C.1.14;C.1.15;X.4.8;X.4.9;X.4.10;X.4.11;X.4.12;C.2.13;C.2.14;C.2.15;X.4.13;X.4.14;X.4.15;X.4.16;X.4.17;X.4.18;X.4.19
Motorcycle,1744078964.548,9.053,23,1.750,X.2.19;X.2.18;X.2.17;X.2.16;X.2.15;X.2.14;X.2.13;C.2.6;Y.6.10;Y.6.11;Y.6.12;Y.6.13;Y.6.14;Y.6.15;Y.6.16;C.4.10;C.4.15;X.8.13;X.8.14;X.8.15;X.8.16;X.8.17;X.8.18;X.8.19
Semitruck,1744078959.394,14.391,17,0.750,X.6.19;X.6.18;X.6.17;X.6.16;X.6.15;X.6.14;X.6.13;C.4.6;Y.6.17;Y.6.18;Y.6.19;Y.6.20;Y.6.21;Y.6.22;Y.6.23;Y.6.24;Y.6.25;Y.6.26
Bulldozer,1744078957.429,20.024,26,0.800,Y.7.26;Y.7.25;Y.7.24;Y.7.23;Y.7.22;Y.7.21;Y.7.20;Y.7.19;Y.7.18;Y.7.17;C.4.7;C.4.2;X.5.12;X.5.11;X.5.10;X.5.9;X.5.8;C.3.4;C.3.3;C.3.2;X.5.7;X.5.6;X.5.5;X.5.4;X.5.3;X.5.2;X.5.1
Bulldozer,1744078966.445,11.144,17,0.800,Y.8.26;Y.8.25;Y.8.24;Y.8.23;Y.8.22;Y.8.21;Y.8.20;Y.8.19;Y.8.18;Y.8.17;C.4.20;X.8.13;X.8.14;X.8.15;X.8.16;X.8.17;X.8.18;X.8.19
Car,1744078968.272,9.868,18,1.500,Y.3.26;Y.3.25;Y.3.24;Y.3.23;Y.3.22;Y.3.21;Y.3.20;Y.3.19;Y.3.18;Y.3.17;C.3.7;C.3.2;X.5.7;X.5.6;X.5.5;X.5.4;X.5.3;X.5.2;X.5.1
Ambulance,1744078971.404,7.346,17,1.250,Y.8.26;Y.8.25;Y.8.24;Y.8.23;Y.8.22;Y.8.21;Y.8.20;Y.8.19;Y.8.18;Y.8.17;C.4.20;X.8.13;X.8.14;X.8.15;X.8.16;X.8.17;X.8.18;X.8.19
Truck,1744078946.241,33.362,59,1.000,Y.4.26;Y.4.25;Y.4.24;Y.4.23;Y.4.22;Y.4.21;Y.4.20;Y.4.19;Y.4.18;Y.4.17;C.3.16;C.3.12;C.3.8;Y.4.16;Y.4.15;Y.4.14;Y.4.13;Y.4.12;Y.4.11;Y.4.10;C.1.20;X.4.8;X.4.9;X.4.10;X.4.11;X.4.12;C.2.19;Y.5.10;Y.5.11;Y.5.12;Y.5.13;Y.5.14;Y.5.15;Y.5.16;C.4.17;X.5.12;X.5.11;X.5.10;X.5.9;X.5.8;C.3.18;Y.4.16;Y.4.15;Y.4.14;Y.4.13;Y.4.12;Y.4.11;Y.4.10;C.1.16;C.1.12;C.1.8;Y.4.9;Y.4.8;Y.4.7;Y.4.6;Y.4.5;Y.4.4;Y.4.3;Y.4.2;Y.4.1
Bulldozer,1744078962.697,18.036,27,0.800,X.4.1;X.4.2;X.4.3;X.4.4;X.4.5;X.4.6;X.4.7;C.1.19;Y.1.10;Y.1.11;Y.1.12;Y.1.13;Y.1.14;Y.1.15;Y.1.16;C.3.1;C.3.5;C.3.9;Y.1.17;Y.1.18;Y.1.19;Y.1.20;Y.1.21;Y.1.22;Y.1.23;Y.1.24;Y.1.25;Y.1.26
Bulldozer,1744078973.967,10.336,16,0.800,Y.1.1;Y.1.2;Y.1.3;Y.1.4;Y.1.5;Y.1.6;Y.1.7;Y.1.8;Y.1.9;C.1.17;X.1.7;X.1.6;X.1.5;X.1.4;X.1.3;X.1.2;X.1.1
Car,1744078980.058,7.474,18,1.500,X.6.19;X.6.18;X.6.17;X.6.16;X.6.15;X.6.14;X.6.13;C.4.6;C.4.9;Y.5.17;Y.5.18;Y.5.19;Y.5.20;Y.5.21;Y.5.22;Y.5.23;Y.5.24;Y.5.25;Y.5.26
Ambulance,1744078981.783,8.170,16,1.250,X.3.1;X.3.2;X.3.3;X.3.4;X.3.5;X.3.6;X.3.7;C.1.11;Y.3.9;Y.3.8;Y.3.7;Y.3.6;Y.3.5;Y.3.4;Y.3.3;Y.3.2;Y.3.1
Bulldozer,1744078969.665,20.702,24,0.800,Y.2.1;Y.2.2;Y.2.3;Y.2.4;Y.2.5;Y.2.6;Y.2.7;Y.2.8;Y.2.9;C.1.10;X.3.8;X.3.9;X.3.10;X.3.11;X.3.12;C.2.11;Y.7.9;Y.7.8;Y.7.7;Y.7.6;Y.7.5;Y.7.4;Y.7.3;Y.7.2;Y.7.1
Bulldozer,1744078972.696,17.953,24,0.800,X.5.19;X.5.18;X.5.17;X.5.16;X.5.15;X.5.14;X.5.13;C.4.4;C.4.3;C.4.2;X.5.12;X.5.11;X.5.10;X.5.9;X.5.8;C.3.4;C.3.3;C.3.2;X.5.7;X.5.6;X.5.5;X.5.4;X.5.3;X.5.2;X.5.1
Bulldozer,1744078977.473,13.193,17,0.800,Y.3.26;Y.3.25;Y.3.24;Y.3.23;Y.3.22;Y.3.21;Y.3.20;Y.3.19;Y.3.18;Y.3.17;C.3.7;X.6.7;X.6.6;X.6.5;X.6.4;X.6.3;X.6.2;X.6.1
Bulldozer,1744078978.687,12.943,17,0.800,Y.6.1;Y.6.2;Y.6.3;Y.6.4;Y.6.5;Y.6.6;Y.6.7;Y.6.8;Y.6.9;C.2.10;C.2.15;X.4.13;X.4.14;X.4.15;X.4.16;X.4.17;X.4.18;X.4.19
Semitruck,1744078975.589,18.705,26,0.750,Y.1.1;Y.1.2;Y.1.3;Y.1.4;Y.1.5;Y.1.6;Y.1.7;Y.1.8;Y.1.9;C.1.1;C.1.5;C.1.9;Y.1.10;Y.1.11;Y.1.12;Y.1.13;Y.1.14;Y.1.15;Y.1.16;C.3.17;X.5.7;X.5.6;X.5.5;X.5.4;X.5.3;X.5.2;X.5.1
Police_Car,1744078986.244,9.066,24,1.500,Y.5.1;Y.5.2;Y.5.3;Y.5.4;Y.5.5;Y.5.6;Y.5.7;Y.5.8;Y.5.9;C.2.17;X.1.12;X.1.11;X.1.10;X.1.9;X.1.8;C.1.4;C.1.3;C.1.2;X.1.7;X.1.6;X.1.5;X.1.4;X.1.3;X.1.2;X.1.1
Bulldozer,1744078949.628,46.329,64,0.800,Y.7.26;Y.7.25;Y.7.24;Y.7.23;Y.7.22;Y.7.21;Y.7.20;Y.7.19;Y.7.18;Y.7.17;C.4.7;C.4.2;X.5.12;X.5.11;X.5.10;X.5.9;X.5.8;C.3.18;Y.4.16;Y.4.15;Y.4.14;Y.4.13;Y.4.12;Y.4.11;Y.4.10;C.1.20;X.4.8;X.4.9;X.4.10;X.4.11;X.4.12;C.2.19;Y.5.10;Y.5.11;Y.5.12;Y.5.13;Y.5.14;Y.5.15;Y.5.16;C.4.17;X.5.12;X.5.11;X.5.10;X.5.9;X.5.8;C.3.18;Y.4.16;Y.4.15;Y.4.14;Y.4.13;Y.4.12;Y.4.11;Y.4.10;C.1.16;C.1.12;C.1.8;Y.4.9;Y.4.8;Y.4.7;Y.4.6;Y.4.5;Y.4.4;Y.4.3;Y.4.2;Y.4.1
Truck,1744078991.351,9.110,17,1.000,Y.8.26;Y.8.25;Y.8.24;Y.8.23;Y.8.22;Y.8.21;Y.8.20;Y.8.19;Y.8.18;Y.8.17;C.4.20;X.8.13;X.8.14;X.8.15;X.8.16;X.8.17;X.8.18;X.8.19
Bulldozer,1744078983.456,17.124,24,0.800,X.1.19;X.1.18;X.1.17;X.1.16;X.1.15;X.1.14;X.1.13;C.2.4;C.2.3;C.2.2;X.1.12;X.1.11;X.1.10;X.1.9;X.1.8;C.1.18;Y.4.9;Y.4.8;Y.4.7;Y.4.6;Y.4.5;Y.4.4;Y.4.3;Y.4.2;Y.4.1
Bulldozer,1744078987.939,12.775,16,0.800,Y.6.1;Y.6.2;Y.6.3;Y.6.4;Y.6.5;Y.6.6;Y.6.7;Y.6.8;Y.6.9;C.2.10;X.3.13;X.3.14;X.3.15;X.3.16;X.3.17;X.3.18;X.3.19
Semitruck,1744078984.789,18.712,25,0.750,Y.4.26;Y.4.25;Y.4.24;Y.4.23;Y.4.22;Y.4.21;Y.4.20;Y.4.19;Y.4.18;Y.4.17;C.3.20;X.8.8;X.8.9;X.8.10;X.8.11;X.8.12;C.4.13;C.4.14;C.4.15;X.8.13;X.8.14;X.8.15;X.8.16;X.8.17;X.8.18;X.8.19
Ambulance,1744078989.635,14.348,26,1.250,Y.7.26;Y.7.25;Y.7.24;Y.7.23;Y.7.22;Y.7.21;Y.7.20;Y.7.19;Y.7.18;Y.7.17;C.4.7;X.6.12;X.6.11;X.6.10;X.6.9;X.6.8;C.3.6;Y.2.17;Y.2.18;Y.2.19;Y.2.20;Y.2.21;Y.2.22;Y.2.23;Y.2.24;Y.2.25;Y.2.26
Car,1744078995.784,10.183,16,1.500,Y.6.1;Y.6.2;Y.6.3;Y.6.4;Y.6.5;Y.6.6;Y.6.7;Y.6.8;Y.6.9;C.2.10;X.3.13;X.3.14;X.3.15;X.3.16;X.3.17;X.3.18;X.3.19
Bulldozer,1744078994.052,12.938,17,0.800,Y.6.1;Y.6.2;Y.6.3;Y.6.4;Y.6.5;Y.6.6;Y.6.7;Y.6.8;Y.6.9;C.2.10;C.2.15;X.4.13;X.4.14;X.4.15;X.4.16;X.4.17;X.4.18;X.4.19
Bulldozer,1744078997.394,12.527,16,0.800,X.3.1;X.3.2;X.3.3;X.3.4;X.3.5;X.3.6;X.3.7;C.1.11;Y.3.9;Y.3.8;Y.3.7;Y.3.6;Y.3.5;Y.3.4;Y.3.3;Y.3.2;Y.3.1
Semitruck,1744078992.634,17.763,24,0.750,Y.5.1;Y.5.2;Y.5.3;Y.5.4;Y.5.5;Y.5.6;Y.5.7;Y.5.8;Y.5.9;C.2.17;X.1.12;X.1.11;X.1.10;X.1.9;X.1.8;C.1.4;C.1.3;C.1.2;X.1.7;X.1.6;X.1.5;X.1.4;X.1.3;X.1.2;X.1.1
Semitruck,1744078999.133,14.462,17,0.750,X.6.19;X.6.18;X.6.17;X.6.16;X.6.15;X.6.14;X.6.13;C.4.6;Y.6.17;Y.6.18;Y.6.19;Y.6.20;Y.6.21;Y.6.22;Y.6.23;Y.6.24;Y.6.25;Y.6.26
Semitruck,1744079003.826,13.740,17,0.750,X.3.1;X.3.2;X.3.3;X.3.4;X.3.5;X.3.6;X.3.7;C.1.11;C.1.8;Y.4.9;Y.4.8;Y.4.7;Y.4.6;Y.4.5;Y.4.4;Y.4.3;Y.4.2;Y.4.1
Bulldozer,1744079000.789,17.011,24,0.800,X.1.19;X.1.18;X.1.17;X.1.16;X.1.15;X.1.14;X.1.13;C.2.4;C.2.3;C.2.2;X.1.12;X.1.11;X.1.10;X.1.9;X.1.8;C.1.4;C.1.3;C.1.2;X.1.7;X.1.6;X.1.5;X.1.4;X.1.3;X.1.2;X.1.1
Bulldozer,1744079007.542,10.591,16,0.800,X.1.19;X.1.18;X.1.17;X.1.16;X.1.15;X.1.14;X.1.13;C.2.18;Y.8.9;Y.8.8;Y.8.7;Y.8.6;Y.8.5;Y.8.4;Y.8.3;Y.8.2;Y.8.1
Schoolbus,1744079002.388,16.869,28,1.000,X.2.19;X.2.18;X.2.17;X.2.16;X.2.15;X.2.14;X.2.13;C.2.6;C.2.9;Y.5.10;Y.5.11;Y.5.12;Y.5.13;Y.5.14;Y.5.15;Y.5.16;C.4.1;C.4.5;C.4.9;Y.5.17;Y.5.18;Y.5.19;Y.5.20;Y.5.21;Y.5.22;Y.5.23;Y.5.24;Y.5.25;Y.5.26
Truck,1744079010.652,9.122,17,1.000,Y.8.26;Y.8.25;Y.8.24;Y.8.23;Y.8.22;Y.8.21;Y.8.20;Y.8.19;Y.8.18;Y.8.17;C.4.20;X.8.13;X.8.14;X.8.15;X.8.16;X.8.17;X.8.18;X.8.19
Ambulance,1744079011.858,8.719,17,1.250,Y.8.26;Y.8.25;Y.8.24;Y.8.23;Y.8.22;Y.8.21;Y.8.20;Y.8.19;Y.8.18;Y.8.17;C.4.20;X.8.13;X.8.14;X.8.15;X.8.16;X.8.17;X.8.18;X.8.19
Truck,1744079009.215,13.305,24,1.000,Y.5.1;Y.5.2;Y.5.3;Y.5.4;Y.5.5;Y.5.6;Y.5.7;Y.5.8;Y.5.9;C.2.17;X.1.12;X.1.11;X.1.10;X.1.9;X.1.8;C.1.18;Y.4.9;Y.4.8;Y.4.7;Y.4.6;Y.4.5;Y.4.4;Y.4.3;Y.4.2;Y.4.1
Motorcycle,1744079013.059,9.928,31,1.750,Y.1.1;Y.1.2;Y.1.3;Y.1.4;Y.1.5;Y.1.6;Y.1.7;Y.1.8;Y.1.9;C.1.1;C.1.5;C.1.9;Y.1.10;Y.1.11;Y.1.12;Y.1.13;Y.1.14;Y.1.15;Y.1.16;C.3.1;C.3.5;C.3.9;Y.1.17;Y.1.18;Y.1.19;Y.1.20;Y.1.21;Y.1.22;Y.1.23;Y.1.24;Y.1.25;Y.1.26
Ambulance,1744079014.690,8.615,17,1.250,Y.3.26;Y.3.25;Y.3.24;Y.3.23;Y.3.22;Y.3.21;Y.3.20;Y.3.19;Y.3.18;Y.3.17;C.3.7;X.6.7;X.6.6;X.6.5;X.6.4;X.6.3;X.6.2;X.6.1
Bulldozer,1744079005.738,19.583,26,0.800,Y.7.26;Y.7.25;Y.7.24;Y.7.23;Y.7.22;Y.7.21;Y.7.20;Y.7.19;Y.7.18;Y.7.17;C.4.7;C.4.2;X.5.12;X.5.11;X.5.10;X.5.9;X.5.8;C.3.4;C.3.3;C.3.2;X.5.7;X.5.6;X.5.5;X.5.4;X.5.3;X.5.2;X.5.1
Bulldozer,1744079016.370,10.335,16,0.800,Y.1.1;Y.1.2;Y.1.3;Y.1.4;Y.1.5;Y.1.6;Y.1.7;Y.1.8;Y.1.9;C.1.17;X.1.7;X.1.6;X.1.5;X.1.4;X.1.3;X.1.2;X.1.1
Motorcycle,1744079025.120,6.194,17,1.750,Y.3.26;Y.3.25;Y.3.24;Y.3.23;Y.3.22;Y.3.21;Y.3.20;Y.3.19;Y.3.18;Y.3.17;C.3.7;X.6.7;X.6.6;X.6.5;X.6.4;X.6.3;X.6.2;X.6.1
Truck,1744079021.744,14.918,27,1.000,Y.8.26;Y.8.25;Y.8.24;Y.8.23;Y.8.22;Y.8.21;Y.8.20;Y.8.19;Y.8.18;Y.8.17;C.4.16;C.4.12;C.4.8;Y.8.16;Y.8.15;Y.8.14;Y.8.13;Y.8.12;Y.8.11;Y.8.10;C.2.20;X.4.13;X.4.14;X.4.15;X.4.16;X.4.17;X.4.18;X.4.19
Semitruck,1744079018.316,18.482,25,0.750,X.8.1;X.8.2;X.8.3;X.8.4;X.8.5;X.8.6;X.8.7;C.3.13;C.3.14;C.3.15;X.8.8;X.8.9;X.8.10;X.8.11;X.8.12;C.4.19;Y.5.17;Y.5.18;Y.5.19;Y.5.20;Y.5.21;Y.5.22;Y.5.23;Y.5.24;Y.5.25;Y.5.26
Bulldozer,1744079023.167,17.004,24,0.800,X.4.1;X.4.2;X.4.3;X.4.4;X.4.5;X.4.6;X.4.7;C.1.13;C.1.14;C.1.15;X.4.8;X.4.9;X.4.10;X.4.11;X.4.12;C.2.13;C.2.14;C.2.15;X.4.13;X.4.14;X.4.15;X.4.16;X.4.17;X.4.18;X.4.19
Semitruck,1744079020.188,20.366,23,0.750,X.7.1;X.7.2;X.7.3;X.7.4;X.7.5;X.7.6;X.7.7;C.3.11;Y.3.16;Y.3.15;Y.3.14;Y.3.13;Y.3.12;Y.3.11;Y.3.10;C.1.7;C.1.2;X.1.7;X.1.6;X.1.5;X.1.4;X.1.3;X.1.2;X.1.1
Truck,1744079026.484,14.918,27,1.000,Y.8.26;Y.8.25;Y.8.24;Y.8.23;Y.8.22;Y.8.21;Y.8.20;Y.8.19;Y.8.18;Y.8.17;C.4.16;C.4.12;C.4.8;Y.8.16;Y.8.15;Y.8.14;Y.8.13;Y.8.12;Y.8.11;Y.8.10;C.2.20;X.4.13;X.4.14;X.4.15;X.4.16;X.4.17;X.4.18;X.4.19
Bulldozer,1744079032.452,12.821,16,0.800,Y.6.1;Y.6.2;Y.6.3;Y.6.4;Y.6.5;Y.6.6;Y.6.7;Y.6.8;Y.6.9;C.2.10;X.3.13;X.3.14;X.3.15;X.3.16;X.3.17;X.3.18;X.3.19
Semitruck,1744079028.059,17.799,24,0.750,Y.5.1;Y.5.2;Y.5.3;Y.5.4;Y.5.5;Y.5.6;Y.5.7;Y.5.8;Y.5.9;C.2.17;X.1.12;X.1.11;X.1.10;X.1.9;X.1.8;C.1.4;C.1.3;C.1.2;X.1.7;X.1.6;X.1.5;X.1.4;X.1.3;X.1.2;X.1.1
Police_Car,1744079035.654,10.623,23,1.500,X.2.19;X.2.18;X.2.17;X.2.16;X.2.15;X.2.14;X.2.13;C.2.6;Y.6.10;Y.6.11;Y.6.12;Y.6.13;Y.6.14;Y.6.15;Y.6.16;C.4.10;C.4.15;X.8.13;X.8.14;X.8.15;X.8.16;X.8.17;X.8.18;X.8.19
Motorcycle,1744079040.286,6.305,17,1.750,X.6.19;X.6.18;X.6.17;X.6.16;X.6.15;X.6.14;X.6.13;C.4.6;Y.6.17;Y.6.18;Y.6.19;Y.6.20;Y.6.21;Y.6.22;Y.6.23;Y.6.24;Y.6.25;Y.6.26
Schoolbus,1744079036.982,9.893,16,1.000,Y.1.1;Y.1.2;Y.1.3;Y.1.4;Y.1.5;Y.1.6;Y.1.7;Y.1.8;Y.1.9;C.1.17;X.1.7;X.1.6;X.1.5;X.1.4;X.1.3;X.1.2;X.1.1
Police_Car,1744079033.981,13.593,23,1.500,X.7.1;X.7.2;X.7.3;X.7.4;X.7.5;X.7.6;X.7.7;C.3.11;Y.3.16;Y.3.15;Y.3.14;Y.3.13;Y.3.12;Y.3.11;Y.3.10;C.1.7;C.1.2;X.1.7;X.1.6;X.1.5;X.1.4;X.1.3;X.1.2;X.1.1
Bulldozer,1744079030.975,17.164,25,0.800,X.8.1;X.8.2;X.8.3;X.8.4;X.8.5;X.8.6;X.8.7;C.3.13;C.3.14;C.3.15;X.8.8;X.8.9;X.8.10;X.8.11;X.8.12;C.4.19;Y.5.17;Y.5.18;Y.5.19;Y.5.20;Y.5.21;Y.5.22;Y.5.23;Y.5.24;Y.5.25;Y.5.26
Bulldozer,1744079038.872,13.172,17,0.800,Y.3.26;Y.3.25;Y.3.24;Y.3.23;Y.3.22;Y.3.21;Y.3.20;Y.3.19;Y.3.18;Y.3.17;C.3.7;X.6.7;X.6.6;X.6.5;X.6.4;X.6.3;X.6.2;X.6.1
Car,1744079043.790,15.764,38,1.500,X.4.1;X.4.2;X.4.3;X.4.4;X.4.5;X.4.6;X.4.7;C.1.13;C.1.14;C.1.15;X.4.8;X.4.9;X.4.10;X.4.11;X.4.12;C.2.19;Y.5.10;Y.5.11;Y.5.12;Y.5.13;Y.5.14;Y.5.15;Y.5.16;C.4.17;X.5.12;X.5.11;X.5.10;X.5.9;X.5.8;C.3.4;C.3.3;C.3.2;X.5.7;X.5.6;X.5.5;X.5.4;X.5.3;X.5.2;X.5.1
Semitruck,1744079048.482,11.120,16,0.750,Y.1.1;Y.1.2;Y.1.3;Y.1.4;Y.1.5;Y.1.6;Y.1.7;Y.1.8;Y.1.9;C.1.17;X.1.7;X.1.6;X.1.5;X.1.4;X.1.3;X.1.2;X.1.1
Bulldozer,1744079029.517,30.203,40,0.800,Y.7.26;Y.7.25;Y.7.24;Y.7.23;Y.7.22;Y.7.21;Y.7.20;Y.7.19;Y.7.18;Y.7.17;C.4.7;C.4.2;X.5.12;X.5.11;X.5.10;X.5.9;X.5.8;C.3.18;Y.4.16;Y.4.15;Y.4.14;Y.4.13;Y.4.12;Y.4.11;Y.4.10;C.1.20;X.4.8;X.4.9;X.4.10;X.4.11;X.4.12;C.2.13;C.2.14;C.2.15;X.4.13;X.4.14;X.4.15;X.4.16;X.4.17;X.4.18;X.4.19
Bulldozer,1744079047.185,12.535,16,0.800,X.3.1;X.3.2;X.3.3;X.3.4;X.3.5;X.3.6;X.3.7;C.1.11;Y.3.9;Y.3.8;Y.3.7;Y.3.6;Y.3.5;Y.3.4;Y.3.3;Y.3.2;Y.3.1
Police_Car,1744079053.630,7.473,18,1.500,X.6.19;X.6.18;X.6.17;X.6.16;X.6.15;X.6.14;X.6.13;C.4.6;C.4.9;Y.5.17;Y.5.18;Y.5.19;Y.5.20;Y.5.21;Y.5.22;Y.5.23;Y.5.24;Y.5.25;Y.5.26
Semitruck,1744079041.931,19.418,27,0.750,X.4.1;X.4.2;X.4.3;X.4.4;X.4.5;X.4.6;X.4.7;C.1.19;Y.1.10;Y.1.11;Y.1.12;Y.1.13;Y.1.14;Y.1.15;Y.1.16;C.3.1;C.3.5;C.3.9;Y.1.17;Y.1.18;Y.1.19;Y.1.20;Y.1.21;Y.1.22;Y.1.23;Y.1.24;Y.1.25;Y.1.26
Bulldozer,1744079052.029,12.521,16,0.800,X.3.1;X.3.2;X.3.3;X.3.4;X.3.5;X.3.6;X.3.7;C.1.11;Y.3.9;Y.3.8;Y.3.7;Y.3.6;Y.3.5;Y.3.4;Y.3.3;Y.3.2;Y.3.1
Motorcycle,1744079050.295,14.289,44,1.750,Y.5.1;Y.5.2;Y.5.3;Y.5.4;Y.5.5;Y.5.6;Y.5.7;Y.5.8;Y.5.9;C.2.1;C.2.5;C.2.9;Y.5.10;Y.5.11;Y.5.12;Y.5.13;Y.5.14;Y.5.15;Y.5.16;C.4.17;X.5.12;X.5.11;X.5.10;X.5.9;X.5.8;C.3.18;Y.4.16;Y.4.15;Y.4.14;Y.4.13;Y.4.12;Y.4.11;Y.4.10;C.1.16;C.1.12;C.1.8;Y.4.9;Y.4.8;Y.4.7;Y.4.6;Y.4.5;Y.4.4;Y.4.3;Y.4.2;Y.4.1
Semitruck,1744079045.299,20.097,22,0.750,X.7.1;X.7.2;X.7.3;X.7.4;X.7.5;X.7.6;X.7.7;C.3.11;Y.3.16;Y.3.15;Y.3.14;Y.3.13;Y.3.12;Y.3.11;Y.3.10;C.1.7;X.2.7;X.2.6;X.2.5;X.2.4;X.2.3;X.2.2;X.2.1
Car,1744079062.447,7.473,18,1.500,X.6.19;X.6.18;X.6.17;X.6.16;X.6.15;X.6.14;X.6.13;C.4.6;C.4.9;Y.5.17;Y.5.18;Y.5.19;Y.5.20;Y.5.21;Y.5.22;Y.5.23;Y.5.24;Y.5.25;Y.5.26
Bulldozer,1744079059.654,10.316,16,0.800,Y.1.1;Y.1.2;Y.1.3;Y.1.4;Y.1.5;Y.1.6;Y.1.7;Y.1.8;Y.1.9;C.1.17;X.1.7;X.1.6;X.1.5;X.1.4;X.1.3;X.1.2;X.1.1
Bulldozer,1744079055.570,16.968,24,0.800,X.8.1;X.8.2;X.8.3;X.8.4;X.8.5;X.8.6;X.8.7;C.3.13;C.3.14;C.3.15;X.8.8;X.8.9;X.8.10;X.8.11;X.8.12;C.4.13;C.4.14;C.4.15;X.8.13;X.8.14;X.8.15;X.8.16;X.8.17;X.8.18;X.8.19
Car,1744079067.645,8.138,22,1.500,X.5.19;X.5.18;X.5.17;X.5.16;X.5.15;X.5.14;X.5.13;C.4.18;Y.8.16;Y.8.15;Y.8.14;Y.8.13;Y.8.12;Y.8.11;Y.8.10;C.2.20;X.4.13;X.4.14;X.4.15;X.4.16;X.4.17;X.4.18;X.4.19
Ambulance,1744079068.876,8.636,17,1.250,Y.3.26;Y.3.25;Y.3.24;Y.3.23;Y.3.22;Y.3.21;Y.3.20;Y.3.19;Y.3.18;Y.3.17;C.3.7;X.6.7;X.6.6;X.6.5;X.6.4;X.6.3;X.6.2;X.6.1
Semitruck,1744079056.800,22.260,24,0.750,Y.2.1;Y.2.2;Y.2.3;Y.2.4;Y.2.5;Y.2.6;Y.2.7;Y.2.8;Y.2.9;C.1.10;X.3.8;X.3.9;X.3.10;X.3.11;X.3.12;C.2.11;Y.7.9;Y.7.8;Y.7.7;Y.7.6;Y.7.5;Y.7.4;Y.7.3;Y.7.2;Y.7.1
Semitruck,1744079061.001,18.710,25,0.750,Y.4.26;Y.4.25;Y.4.24;Y.4.23;Y.4.22;Y.4.21;Y.4.20;Y.4.19;Y.4.18;Y.4.17;C.3.20;X.8.8;X.8.9;X.8.10;X.8.11;X.8.12;C.4.13;C.4.14;C.4.15;X.8.13;X.8.14;X.8.15;X.8.16;X.8.17;X.8.18;X.8.19
Bulldozer,1744079058.127,26.393,36,0.800,Y.7.26;Y.7.25;Y.7.24;Y.7.23;Y.7.22;Y.7.21;Y.7.20;Y.7.19;Y.7.18;Y.7.17;C.4.7;C.4.2;X.5.12;X.5.11;X.5.10;X.5.9;X.5.8;C.3.18;Y.4.16;Y.4.15;Y.4.14;Y.4.13;Y.4.12;Y.4.11;Y.4.10;C.1.16;C.1.12;C.1.8;Y.4.9;Y.4.8;Y.4.7;Y.4.6;Y.4.5;Y.4.4;Y.4.3;Y.4.2;Y.4.1
Bulldozer,1744079070.500,14.337,22,0.800,X.4.1;X.4.2;X.4.3;X.4.4;X.4.5;X.4.6;X.4.7;C.1.19;Y.1.10;Y.1.11;Y.1.12;Y.1.13;Y.1.14;Y.1.15;Y.1.16;C.3.17;X.5.7;X.5.6;X.5.5;X.5.4;X.5.3;X.5.2;X.5.1
Ambulance,1744079077.002,8.755,17,1.250,X.6.19;X.6.18;X.6.17;X.6.16;X.6.15;X.6.14;X.6.13;C.4.6;Y.6.17;Y.6.18;Y.6.19;Y.6.20;Y.6.21;Y.6.22;Y.6.23;Y.6.24;Y.6.25;Y.6.26
Semitruck,1744079065.684,22.718,31,0.750,Y.4.26;Y.4.25;Y.4.24;Y.4.23;Y.4.22;Y.4.21;Y.4.20;Y.4.19;Y.4.18;Y.4.17;C.3.16;C.3.12;C.3.8;Y.4.16;Y.4.15;Y.4.14;Y.4.13;Y.4.12;Y.4.11;Y.4.10;C.1.16;C.1.12;C.1.8;Y.4.9;Y.4.8;Y.4.7;Y.4.6;Y.4.5;Y.4.4;Y.4.3;Y.4.2;Y.4.1
Police_Car,1744079082.700,7.339,18,1.500,Y.3.26;Y.3.25;Y.3.24;Y.3.23;Y.3.22;Y.3.21;Y.3.20;Y.3.19;Y.3.18;Y.3.17;C.3.7;C.3.2;X.5.7;X.5.6;X.5.5;X.5.4;X.5.3;X.5.2;X.5.1
Bulldozer,1744079078.518,13.670,18,0.800,X.6.19;X.6.18;X.6.17;X.6.16;X.6.15;X.6.14;X.6.13;C.4.6;C.4.9;Y.5.17;Y.5.18;Y.5.19;Y.5.20;Y.5.21;Y.5.22;Y.5.23;Y.5.24;Y.5.25;Y.5.26
Bulldozer,1744079072.008,21.140,31,0.800,Y.8.26;Y.8.25;Y.8.24;Y.8.23;Y.8.22;Y.8.21;Y.8.20;Y.8.19;Y.8.18;Y.8.17;C.4.16;C.4.12;C.4.8;Y.8.16;Y.8.15;Y.8.14;Y.8.13;Y.8.12;Y.8.11;Y.8.10;C.2.16;C.2.12;C.2.8;Y.8.9;Y.8.8;Y.8.7;Y.8.6;Y.8.5;Y.8.4;Y.8.3;Y.8.2;Y.8.1
Bulldozer,1744079073.785,19.429,23,0.800,X.2.19;X.2.18;X.2.17;X.2.16;X.2.15;X.2.14;X.2.13;C.2.6;Y.6.10;Y.6.11;Y.6.12;Y.6.13;Y.6.14;Y.6.15;Y.6.16;C.4.10;C.4.15;X.8.13;X.8.14;X.8.15;X.8.16;X.8.17;X.8.18;X.8.19
Bulldozer,1744079081.185,12.532,16,0.800,X.3.1;X.3.2;X.3.3;X.3.4;X.3.5;X.3.6;X.3.7;C.1.11;Y.3.9;Y.3.8;Y.3.7;Y.3.6;Y.3.5;Y.3.4;Y.3.3;Y.3.2;Y.3.1
Bulldozer,1744079079.737,14.331,22,0.800,X.4.1;X.4.2;X.4.3;X.4.4;X.4.5;X.4.6;X.4.7;C.1.19;Y.1.10;Y.1.11;Y.1.12;Y.1.13;Y.1.14;Y.1.15;Y.1.16;C.3.17;X.5.7;X.5.6;X.5.5;X.5.4;X.5.3;X.5.2;X.5.1
Semitruck,1744079063.883,32.267,41,0.750,X.2.19;X.2.18;X.2.17;X.2.16;X.2.15;X.2.14;X.2.13;C.2.6;C.2.9;Y.5.10;Y.5.11;Y.5.12;Y.5.13;Y.5.14;Y.5.15;Y.5.16;C.4.17;X.5.12;X.5.11;X.5.10;X.5.9;X.5.8;C.3.18;Y.4.16;Y.4.15;Y.4.14;Y.4.13;Y.4.12;Y.4.11;Y.4.10;C.1.16;C.1.12;C.1.8;Y.4.9;Y.4.8;Y.4.7;Y.4.6;Y.4.5;Y.4.4;Y.4.3;Y.4.2;Y.4.1
Ambulance,1744079085.816,12.493,25,1.250,Y.2.1;Y.2.2;Y.2.3;Y.2.4;Y.2.5;Y.2.6;Y.2.7;Y.2.8;Y.2.9;C.1.10;C.1.15;X.4.8;X.4.9;X.4.10;X.4.11;X.4.12;C.2.13;C.2.14;C.2.15;X.4.13;X.4.14;X.4.15;X.4.16;X.4.17;X.4.18;X.4.19
Ambulance,1744079084.382,14.347,26,1.250,Y.7.26;Y.7.25;Y.7.24;Y.7.23;Y.7.22;Y.7.21;Y.7.20;Y.7.19;Y.7.18;Y.7.17;C.4.7;X.6.12;X.6.11;X.6.10;X.6.9;X.6.8;C.3.6;Y.2.17;Y.2.18;Y.2.19;Y.2.20;Y.2.21;Y.2.22;Y.2.23;Y.2.24;Y.2.25;Y.2.26
Police_Car,1744079092.602,6.143,17,1.500,Y.8.26;Y.8.25;Y.8.24;Y.8.23;Y.8.22;Y.8.21;Y.8.20;Y.8.19;Y.8.18;Y.8.17;C.4.20;X.8.13;X.8.14;X.8.15;X.8.16;X.8.17;X.8.18;X.8.19
Bulldozer,1744079075.102,25.762,31,0.800,X.2.19;X.2.18;X.2.17;X.2.16;X.2.15;X.2.14;X.2.13;C.2.6;C.2.9;Y.5.10;Y.5.11;Y.5.12;Y.5.13;Y.5.14;Y.5.15;Y.5.16;C.4.17;X.5.12;X.5.11;X.5.10;X.5.9;X.5.8;C.3.4;C.3.3;C.3.2;X.5.7;X.5.6;X.5.5;X.5.4;X.5.3;X.5.2;X.5.1
Bulldozer,1744079090.640,10.942,17,0.800,X.8.1;X.8.2;X.8.3;X.8.4;X.8.5;X.8.6;X.8.7;C.3.19;Y.1.17;Y.1.18;Y.1.19;Y.1.20;Y.1.21;Y.1.22;Y.1.23;Y.1.24;Y.1.25;Y.1.26
Schoolbus,1744079087.104,17.182,31,1.000,Y.4.26;Y.4.25;Y.4.24;Y.4.23;Y.4.22;Y.4.21;Y.4.20;Y.4.19;Y.4.18;Y.4.17;C.3.16;C.3.12;C.3.8;Y.4.16;Y.4.15;Y.4.14;Y.4.13;Y.4.12;Y.4.11;Y.4.10;C.1.16;C.1.12;C.1.8;Y.4.9;Y.4.8;Y.4.7;Y.4.6;Y.4.5;Y.4.4;Y.4.3;Y.4.2;Y.4.1
Semitruck,1744079097.935,11.131,16,0.750,Y.1.1;Y.1.2;Y.1.3;Y.1.4;Y.1.5;Y.1.6;Y.1.7;Y.1.8;Y.1.9;C.1.17;X.1.7;X.1.6;X.1.5;X.1.4;X.1.3;X.1.2;X.1.1
Semitruck,1744079088.666,22.695,31,0.750,Y.4.26;Y.4.25;Y.4.24;Y.4.23;Y.4.22;Y.4.21;Y.4.20;Y.4.19;Y.4.18;Y.4.17;C.3.16;C.3.12;C.3.8;Y.4.16;Y.4.15;Y.4.14;Y.4.13;Y.4.12;Y.4.11;Y.4.10;C.1.16;C.1.12;C.1.8;Y.4.9;Y.4.8;Y.4.7;Y.4.6;Y.4.5;Y.4.4;Y.4.3;Y.4.2;Y.4.1
Bulldozer,1744079094.422,20.989,25,0.800,Y.2.1;Y.2.2;Y.2.3;Y.2.4;Y.2.5;Y.2.6;Y.2.7;Y.2.8;Y.2.9;C.1.10;X.3.8;X.3.9;X.3.10;X.3.11;X.3.12;C.2.11;C.2.8;Y.8.9;Y.8.8;Y.8.7;Y.8.6;Y.8.5;Y.8.4;Y.8.3;Y.8.2;Y.8.1
Bulldozer,1744079104.891,13.189,17,0.800,Y.3.26;Y.3.25;Y.3.24;Y.3.23;Y.3.22;Y.3.21;Y.3.20;Y.3.19;Y.3.18;Y.3.17;C.3.7;X.6.7;X.6.6;X.6.5;X.6.4;X.6.3;X.6.2;X.6.1
Semitruck,1744079103.292,15.419,22,0.750,X.4.1;X.4.2;X.4.3;X.4.4;X.4.5;X.4.6;X.4.7;C.1.19;Y.1.10;Y.1.11;Y.1.12;Y.1.13;Y.1.14;Y.1.15;Y.1.16;C.3.17;X.5.7;X.5.6;X.5.5;X.5.4;X.5.3;X.5.2;X.5.1
Motorcycle,1744079111.269,9.308,27,1.750,X.7.1;X.7.2;X.7.3;X.7.4;X.7.5;X.7.6;X.7.7;C.3.11;C.3.8;Y.4.16;Y.4.15;Y.4.14;Y.4.13;Y.4.12;Y.4.11;Y.4.10;C.1.16;C.1.12;C.1.8;Y.4.9;Y.4.8;Y.4.7;Y.4.6;Y.4.5;Y.4.4;Y.4.3;Y.4.2;Y.4.1
Bulldozer,1744079101.744,20.728,24,0.800,Y.2.1;Y.2.2;Y.2.3;Y.2.4;Y.2.5;Y.2.6;Y.2.7;Y.2.8;Y.2.9;C.1.10;X.3.8;X.3.9;X.3.10;X.3.11;X.3.12;C.2.11;Y.7.9;Y.7.8;Y.7.7;Y.7.6;Y.7.5;Y.7.4;Y.7.3;Y.7.2;Y.7.1
Bulldozer,1744079099.813,23.264,31,0.800,X.7.1;X.7.2;X.7.3;X.7.4;X.7.5;X.7.6;X.7.7;C.3.11;C.3.8;Y.4.16;Y.4.15;Y.4.14;Y.4.13;Y.4.12;Y.4.11;Y.4.10;C.1.20;X.4.8;X.4.9;X.4.10;X.4.11;X.4.12;C.2.13;C.2.14;C.2.15;X.4.13;X.4.14;X.4.15;X.4.16;X.4.17;X.4.18;X.4.19
Bulldozer,1744079106.683,17.381,26,0.800,Y.1.1;Y.1.2;Y.1.3;Y.1.4;Y.1.5;Y.1.6;Y.1.7;Y.1.8;Y.1.9;C.1.1;C.1.5;C.1.9;Y.1.10;Y.1.11;Y.1.12;Y.1.13;Y.1.14;Y.1.15;Y.1.16;C.3.17;X.5.7;X.5.6;X.5.5;X.5.4;X.5.3;X.5.2;X.5.1
Semitruck,1744079107.892,18.299,24,0.750,X.8.1;X.8.2;X.8.3;X.8.4;X.8.5;X.8.6;X.8.7;C.3.13;C.3.14;C.3.15;X.8.8;X.8.9;X.8.10;X.8.11;X.8.12;C.4.13;C.4.14;C.4.15;X.8.13;X.8.14;X.8.15;X.8.16;X.8.17;X.8.18;X.8.19
Bulldozer,1744079096.036,31.223,39,0.800,Y.2.1;Y.2.2;Y.2.3;Y.2.4;Y.2.5;Y.2.6;Y.2.7;Y.2.8;Y.2.9;C.1.10;C.1.15;X.4.8;X.4.9;X.4.10;X.4.11;X.4.12;C.2.19;Y.5.10;Y.5.11;Y.5.12;Y.5.13;Y.5.14;Y.5.15;Y.5.16;C.4.17;X.5.12;X.5.11;X.5.10;X.5.9;X.5.8;C.3.4;C.3.3;C.3.2;X.5.7;X.5.6;X.5.5;X.5.4;X.5.3;X.5.2;X.5.1
Bulldozer,1744079109.607,18.354,25,0.800,Y.4.26;Y.4.25;Y.4.24;Y.4.23;Y.4.22;Y.4.21;Y.4.20;Y.4.19;Y.4.18;Y.4.17;C.3.20;X.8.8;X.8.9;X.8.10;X.8.11;X.8.12;C.4.13;C.4.14;C.4.15;X.8.13;X.8.14;X.8.15;X.8.16;X.8.17;X.8.18;X.8.19
Ambulance,1744079121.738,6.774,16,1.250,Y.1.1;Y.1.2;Y.1.3;Y.1.4;Y.1.5;Y.1.6;Y.1.7;Y.1.8;Y.1.9;C.1.17;X.1.7;X.1.6;X.1.5;X.1.4;X.1.3;X.1.2;X.1.1
Bulldozer,1744079112.641,21.976,26,0.800,Y.7.26;Y.7.25;Y.7.24;Y.7.23;Y.7.22;Y.7.21;Y.7.20;Y.7.19;Y.7.18;Y.7.17;C.4.7;X.6.12;X.6.11;X.6.10;X.6.9;X.6.8;C.3.6;Y.2.17;Y.2.18;Y.2.19;Y.2.20;Y.2.21;Y.2.22;Y.2.23;Y.2.24;Y.2.25;Y.2.26
Semitruck,1744079114.596,20.638,22,0.750,X.2.19;X.2.18;X.2.17;X.2.16;X.2.15;X.2.14;X.2.13;C.2.6;Y.6.10;Y.6.11;Y.6.12;Y.6.13;Y.6.14;Y.6.15;Y.6.16;C.4.10;X.7.13;X.7.14;X.7.15;X.7.16;X.7.17;X.7.18;X.7.19
Car,1744079128.943,7.486,18,1.500,X.6.19;X.6.18;X.6.17;X.6.16;X.6.15;X.6.14;X.6.13;C.4.6;C.4.9;Y.5.17;Y.5.18;Y.5.19;Y.5.20;Y.5.21;Y.5.22;Y.5.23;Y.5.24;Y.5.25;Y.5.26
Bulldozer,1744079125.376,12.763,16,0.800,Y.6.1;Y.6.2;Y.6.3;Y.6.4;Y.6.5;Y.6.6;Y.6.7;Y.6.8;Y.6.9;C.2.10;X.3.13;X.3.14;X.3.15;X.3.16;X.3.17;X.3.18;X.3.19
Semitruck,1744079120.080,18.275,24,0.750,X.8.1;X.8.2;X.8.3;X.8.4;X.8.5;X.8.6;X.8.7;C.3.13;C.3.14;C.3.15;X.8.8;X.8.9;X.8.10;X.8.11;X.8.12;C.4.13;C.4.14;C.4.15;X.8.13;X.8.14;X.8.15;X.8.16;X.8.17;X.8.18;X.8.19
Bulldozer,1744079115.921,22.739,26,0.800,Y.7.26;Y.7.25;Y.7.24;Y.7.23;Y.7.22;Y.7.21;Y.7.20;Y.7.19;Y.7.18;Y.7.17;C.4.7;X.6.12;X.6.11;X.6.10;X.6.9;X.6.8;C.3.6;Y.2.17;Y.2.18;Y.2.19;Y.2.20;Y.2.21;Y.2.22;Y.2.23;Y.2.24;Y.2.25;Y.2.26
Semitruck,1744079117.149,24.136,26,0.750,Y.7.26;Y.7.25;Y.7.24;Y.7.23;Y.7.22;Y.7.21;Y.7.20;Y.7.19;Y.7.18;Y.7.17;C.4.7;C.4.2;X.5.12;X.5.11;X.5.10;X.5.9;X.5.8;C.3.4;C.3.3;C.3.2;X.5.7;X.5.6;X.5.5;X.5.4;X.5.3;X.5.2;X.5.1
Semitruck,1744079118.713,22.722,31,0.750,Y.5.1;Y.5.2;Y.5.3;Y.5.4;Y.5.5;Y.5.6;Y.5.7;Y.5.8;Y.5.9;C.2.1;C.2.5;C.2.9;Y.5.10;Y.5.11;Y.5.12;Y.5.13;Y.5.14;Y.5.15;Y.5.16;C.4.1;C.4.5;C.4.9;Y.5.17;Y.5.18;Y.5.19;Y.5.20;Y.5.21;Y.5.22;Y.5.23;Y.5.24;Y.5.25;Y.5.26
Ambulance,1744079132.551,10.644,24,1.250,Y.5.1;Y.5.2;Y.5.3;Y.5.4;Y.5.5;Y.5.6;Y.5.7;Y.5.8;Y.5.9;C.2.17;X.1.12;X.1.11;X.1.10;X.1.9;X.1.8;C.1.18;Y.4.9;Y.4.8;Y.4.7;Y.4.6;Y.4.5;Y.4.4;Y.4.3;Y.4.2;Y.4.1
Bulldozer,1744079130.671,13.329,18,0.800,Y.3.26;Y.3.25;Y.3.24;Y.3.23;Y.3.22;Y.3.21;Y.3.20;Y.3.19;Y.3.18;Y.3.17;C.3.7;C.3.2;X.5.7;X.5.6;X.5.5;X.5.4;X.5.3;X.5.2;X.5.1
Bulldozer,1744079134.295,12.761,16,0.800,Y.6.1;Y.6.2;Y.6.3;Y.6.4;Y.6.5;Y.6.6;Y.6.7;Y.6.8;Y.6.9;C.2.10;X.3.13;X.3.14;X.3.15;X.3.16;X.3.17;X.3.18;X.3.19
Schoolbus,1744079135.883,13.823,24,1.000,X.8.1;X.8.2;X.8.3;X.8.4;X.8.5;X.8.6;X.8.7;C.3.13;C.3.14;C.3.15;X.8.8;X.8.9;X.8.10;X.8.11;X.8.12;C.4.13;C.4.14;C.4.15;X.8.13;X.8.14;X.8.15;X.8.16;X.8.17;X.8.18;X.8.19
Car,1744079140.727,11.446,25,1.500,Y.2.1;Y.2.2;Y.2.3;Y.2.4;Y.2.5;Y.2.6;Y.2.7;Y.2.8;Y.2.9;C.1.10;X.3.8;X.3.9;X.3.10;X.3.11;X.3.12;C.2.11;C.2.8;Y.8.9;Y.8.8;Y.8.7;Y.8.6;Y.8.5;Y.8.4;Y.8.3;Y.8.2;Y.8.1
Car,1744079148.490,7.101,17,1.500,Y.6.1;Y.6.2;Y.6.3;Y.6.4;Y.6.5;Y.6.6;Y.6.7;Y.6.8;Y.6.9;C.2.10;C.2.15;X.4.13;X.4.14;X.4.15;X.4.16;X.4.17;X.4.18;X.4.19
Bulldozer,1744079137.744,19.426,23,0.800,X.2.19;X.2.18;X.2.17;X.2.16;X.2.15;X.2.14;X.2.13;C.2.6;Y.6.10;Y.6.11;Y.6.12;Y.6.13;Y.6.14;Y.6.15;Y.6.16;C.4.10;C.4.15;X.8.13;X.8.14;X.8.15;X.8.16;X.8.17;X.8.18;X.8.19
Semitruck,1744079139.484,20.318,23,0.750,X.7.1;X.7.2;X.7.3;X.7.4;X.7.5;X.7.6;X.7.7;C.3.11;Y.3.16;Y.3.15;Y.3.14;Y.3.13;Y.3.12;Y.3.11;Y.3.10;C.1.7;C.1.2;X.1.7;X.1.6;X.1.5;X.1.4;X.1.3;X.1.2;X.1.1
Semitruck,1744079123.510,36.308,48,0.750,Y.5.1;Y.5.2;Y.5.3;Y.5.4;Y.5.5;Y.5.6;Y.5.7;Y.5.8;Y.5.9;C.2.1;C.2.5;C.2.9;Y.5.10;Y.5.11;Y.5.12;Y.5.13;Y.5.14;Y.5.15;Y.5.16;C.4.17;X.5.12;X.5.11;X.5.10;X.5.9;X.5.8;C.3.18;Y.4.16;Y.4.15;Y.4.14;Y.4.13;Y.4.12;Y.4.11;Y.4.10;C.1.20;X.4.8;X.4.9;X.4.10;X.4.11;X.4.12;C.2.13;C.2.14;C.2.15;X.4.13;X.4.14;X.4.15;X.4.16;X.4.17;X.4.18;X.4.19
Ambulance,1744079152.612,8.753,18,1.250,Y.3.26;Y.3.25;Y.3.24;Y.3.23;Y.3.22;Y.3.21;Y.3.20;Y.3.19;Y.3.18;Y.3.17;C.3.7;C.3.2;X.5.7;X.5.6;X.5.5;X.5.4;X.5.3;X.5.2;X.5.1
Bulldozer,1744079145.398,16.314,24,0.800,Y.5.1;Y.5.2;Y.5.3;Y.5.4;Y.5.5;Y.5.6;Y.5.7;Y.5.8;Y.5.9;C.2.17;X.1.12;X.1.11;X.1.10;X.1.9;X.1.8;C.1.18;Y.4.9;Y.4.8;Y.4.7;Y.4.6;Y.4.5;Y.4.4;Y.4.3;Y.4.2;Y.4.1
Truck,1744079144.011,17.835,26,1.000,Y.7.26;Y.7.25;Y.7.24;Y.7.23;Y.7.22;Y.7.21;Y.7.20;Y.7.19;Y.7.18;Y.7.17;C.4.7;X.6.12;X.6.11;X.6.10;X.6.9;X.6.8;C.3.6;Y.2.17;Y.2.18;Y.2.19;Y.2.20;Y.2.21;Y.2.22;Y.2.23;Y.2.24;Y.2.25;Y.2.26
Motorcycle,1744079156.902,8.182,26,1.750,Y.1.1;Y.1.2;Y.1.3;Y.1.4;Y.1.5;Y.1.6;Y.1.7;Y.1.8;Y.1.9;C.1.1;C.1.5;C.1.9;Y.1.10;Y.1.11;Y.1.12;Y.1.13;Y.1.14;Y.1.15;Y.1.16;C.3.17;X.5.7;X.5.6;X.5.5;X.5.4;X.5.3;X.5.2;X.5.1
Bulldozer,1744079142.542,24.523,35,0.800,Y.4.26;Y.4.25;Y.4.24;Y.4.23;Y.4.22;Y.4.21;Y.4.20;Y.4.19;Y.4.18;Y.4.17;C.3.16;C.3.12;C.3.8;Y.4.16;Y.4.15;Y.4.14;Y.4.13;Y.4.12;Y.4.11;Y.4.10;C.1.20;X.4.8;X.4.9;X.4.10;X.4.11;X.4.12;C.2.13;C.2.14;C.2.15;X.4.13;X.4.14;X.4.15;X.4.16;X.4.17;X.4.18;X.4.19
Bulldozer,1744079151.369,17.541,26,0.800,Y.4.26;Y.4.25;Y.4.24;Y.4.23;Y.4.22;Y.4.21;Y.4.20;Y.4.19;Y.4.18;Y.4.17;C.3.20;X.8.8;X.8.9;X.8.10;X.8.11;X.8.12;C.4.19;Y.5.17;Y.5.18;Y.5.19;Y.5.20;Y.5.21;Y.5.22;Y.5.23;Y.5.24;Y.5.25;Y.5.26
Bulldozer,1744079149.804,20.963,25,0.800,Y.2.1;Y.2.2;Y.2.3;Y.2.4;Y.2.5;Y.2.6;Y.2.7;Y.2.8;Y.2.9;C.1.10;X.3.8;X.3.9;X.3.10;X.3.11;X.3.12;C.2.11;C.2.8;Y.8.9;Y.8.8;Y.8.7;Y.8.6;Y.8.5;Y.8.4;Y.8.3;Y.8.2;Y.8.1
Ambulance,1744079158.572,12.510,22,1.250,X.2.19;X.2.18;X.2.17;X.2.16;X.2.15;X.2.14;X.2.13;C.2.6;Y.6.10;Y.6.11;Y.6.12;Y.6.13;Y.6.14;Y.6.15;Y.6.16;C.4.10;X.7.13;X.7.14;X.7.15;X.7.16;X.7.17;X.7.18;X.7.19
Bulldozer,1744079127.237,44.474,63,0.800,Y.4.26;Y.4.25;Y.4.24;Y.4.23;Y.4.22;Y.4.21;Y.4.20;Y.4.19;Y.4.18;Y.4.17;C.3.16;C.3.12;C.3.8;Y.4.16;Y.4.15;Y.4.14;Y.4.13;Y.4.12;Y.4.11;Y.4.10;C.1.20;X.4.8;X.4.9;X.4.10;X.4.11;X.4.12;C.2.19;Y.5.10;Y.5.11;Y.5.12;Y.5.13;Y.5.14;Y.5.15;Y.5.16;C.4.17;X.5.12;X.5.11;X.5.10;X.5.9;X.5.8;C.3.18;Y.4.16;Y.4.15;Y.4.14;Y.4.13;Y.4.12;Y.4.11;Y.4.10;C.1.20;X.4.8;X.4.9;X.4.10;X.4.11;X.4.12;C.2.13;C.2.14;C.2.15;X.4.13;X.4.14;X.4.15;X.4.16;X.4.17;X.4.18;X.4.19
Bulldozer,1744079147.075,27.242,38,0.800,X.5.19;X.5.18;X.5.17;X.5.16;X.5.15;X.5.14;X.5.13;C.4.4;C.4.3;C.4.2;X.5.12;X.5.11;X.5.10;X.5.9;X.5.8;C.3.18;Y.4.16;Y.4.15;Y.4.14;Y.4.13;Y.4.12;Y.4.11;Y.4.10;C.1.20;X.4.8;X.4.9;X.4.10;X.4.11;X.4.12;C.2.13;C.2.14;C.2.15;X.4.13;X.4.14;X.4.15;X.4.16;X.4.17;X.4.18;X.4.19
Semitruck,1744079153.830,21.295,27,0.750,X.7.1;X.7.2;X.7.3;X.7.4;X.7.5;X.7.6;X.7.7;C.3.11;C.3.8;Y.4.16;Y.4.15;Y.4.14;Y.4.13;Y.4.12;Y.4.11;Y.4.10;C.1.16;C.1.12;C.1.8;Y.4.9;Y.4.8;Y.4.7;Y.4.6;Y.4.5;Y.4.4;Y.4.3;Y.4.2;Y.4.1
Bulldozer,1744079155.449,22.208,27,0.800,Y.7.26;Y.7.25;Y.7.24;Y.7.23;Y.7.22;Y.7.21;Y.7.20;Y.7.19;Y.7.18;Y.7.17;C.4.7;X.6.12;X.6.11;X.6.10;X.6.9;X.6.8;C.3.6;C.3.9;Y.1.17;Y.1.18;Y.1.19;Y.1.20;Y.1.21;Y.1.22;Y.1.23;Y.1.24;Y.1.25;Y.1.26
Bulldozer,1744079162.184,16.971,24,0.800,X.1.19;X.1.18;X.1.17;X.1.16;X.1.15;X.1.14;X.1.13;C.2.4;C.2.3;C.2.2;X.1.12;X.1.11;X.1.10;X.1.9;X.1.8;C.1.4;C.1.3;C.1.2;X.1.7;X.1.6;X.1.5;X.1.4;X.1.3;X.1.2;X.1.1
Truck,1744079163.473,16.702,23,1.000,X.7.1;X.7.2;X.7.3;X.7.4;X.7.5;X.7.6;X.7.7;C.3.11;Y.3.16;Y.3.15;Y.3.14;Y.3.13;Y.3.12;Y.3.11;Y.3.10;C.1.7;C.1.2;X.1.7;X.1.6;X.1.5;X.1.4;X.1.3;X.1.2;X.1.1
Motorcycle,1744079176.075,5.995,16,1.750,Y.6.1;Y.6.2;Y.6.3;Y.6.4;Y.6.5;Y.6.6;Y.6.7;Y.6.8;Y.6.9;C.2.10;X.3.13;X.3.14;X.3.15;X.3.16;X.3.17;X.3.18;X.3.19
Semitruck,1744079164.860,18.217,24,0.750,X.1.19;X.1.18;X.1.17;X.1.16;X.1.15;X.1.14;X.1.13;C.2.4;C.2.3;C.2.2;X.1.12;X.1.11;X.1.10;X.1.9;X.1.8;C.1.4;C.1.3;C.1.2;X.1.7;X.1.6;X.1.5;X.1.4;X.1.3;X.1.2;X.1.1
Bulldozer,1744079166.469,18.274,27,0.800,Y.8.26;Y.8.25;Y.8.24;Y.8.23;Y.8.22;Y.8.21;Y.8.20;Y.8.19;Y.8.18;Y.8.17;C.4.16;C.4.12;C.4.8;Y.8.16;Y.8.15;Y.8.14;Y.8.13;Y.8.12;Y.8.11;Y.8.10;C.2.20;X.4.13;X.4.14;X.4.15;X.4.16;X.4.17;X.4.18;X.4.19
Semitruck,1744079160.198,24.860,31,0.750,X.2.19;X.2.18;X.2.17;X.2.16;X.2.15;X.2.14;X.2.13;C.2.6;C.2.9;Y.5.10;Y.5.11;Y.5.12;Y.5.13;Y.5.14;Y.5.15;Y.5.16;C.4.17;X.5.12;X.5.11;X.5.10;X.5.9;X.5.8;C.3.4;C.3.3;C.3.2;X.5.7;X.5.6;X.5.5;X.5.4;X.5.3;X.5.2;X.5.1
Truck,1744079170.907,14.855,24,1.000,X.4.1;X.4.2;X.4.3;X.4.4;X.4.5;X.4.6;X.4.7;C.1.13;C.1.14;C.1.15;X.4.8;X.4.9;X.4.10;X.4.11;X.4.12;C.2.13;C.2.14;C.2.15;X.4.13;X.4.14;X.4.15;X.4.16;X.4.17;X.4.18;X.4.19
Car,1744079169.618,16.845,31,1.500,X.7.1;X.7.2;X.7.3;X.7.4;X.7.5;X.7.6;X.7.7;C.3.11;C.3.8;Y.4.16;Y.4.15;Y.4.14;Y.4.13;Y.4.12;Y.4.11;Y.4.10;C.1.20;X.4.8;X.4.9;X.4.10;X.4.11;X.4.12;C.2.13;C.2.14;C.2.15;X.4.13;X.4.14;X.4.15;X.4.16;X.4.17;X.4.18;X.4.19
Bulldozer,1744079168.266,19.382,23,0.800,X.2.19;X.2.18;X.2.17;X.2.16;X.2.15;X.2.14;X.2.13;C.2.6;Y.6.10;Y.6.11;Y.6.12;Y.6.13;Y.6.14;Y.6.15;Y.6.16;C.4.10;C.4.15;X.8.13;X.8.14;X.8.15;X.8.16;X.8.17;X.8.18;X.8.19
Bulldozer,1744079172.163,17.337,26,0.800,Y.1.1;Y.1.2;Y.1.3;Y.1.4;Y.1.5;Y.1.6;Y.1.7;Y.1.8;Y.1.9;C.1.1;C.1.5;C.1.9;Y.1.10;Y.1.11;Y.1.12;Y.1.13;Y.1.14;Y.1.15;Y.1.16;C.3.17;X.5.7;X.5.6;X.5.5;X.5.4;X.5.3;X.5.2;X.5.1
Motorcycle,1744079185.781,4.983,16,1.750,X.1.19;X.1.18;X.1.17;X.1.16;X.1.15;X.1.14;X.1.13;C.2.18;Y.8.9;Y.8.8;Y.8.7;Y.8.6;Y.8.5;Y.8.4;Y.8.3;Y.8.2;Y.8.1
Truck,1744079181.096,10.380,17,1.000,X.3.1;X.3.2;X.3.3;X.3.4;X.3.5;X.3.6;X.3.7;C.1.11;C.1.8;Y.4.9;Y.4.8;Y.4.7;Y.4.6;Y.4.5;Y.4.4;Y.4.3;Y.4.2;Y.4.1
Bulldozer,1744079174.158,21.093,31,0.800,Y.5.1;Y.5.2;Y.5.3;Y.5.4;Y.5.5;Y.5.6;Y.5.7;Y.5.8;Y.5.9;C.2.1;C.2.5;C.2.9;Y.5.10;Y.5.11;Y.5.12;Y.5.13;Y.5.14;Y.5.15;Y.5.16;C.4.1;C.4.5;C.4.9;Y.5.17;Y.5.18;Y.5.19;Y.5.20;Y.5.21;Y.5.22;Y.5.23;Y.5.24;Y.5.25;Y.5.26
Schoolbus,1744079183.037,14.299,26,1.000,Y.4.26;Y.4.25;Y.4.24;Y.4.23;Y.4.22;Y.4.21;Y.4.20;Y.4.19;Y.4.18;Y.4.17;C.3.20;X.8.8;X.8.9;X.8.10;X.8.11;X.8.12;C.4.19;Y.5.17;Y.5.18;Y.5.19;Y.5.20;Y.5.21;Y.5.22;Y.5.23;Y.5.24;Y.5.25;Y.5.26
Bulldozer,1744079179.192,19.860,27,0.800,X.7.1;X.7.2;X.7.3;X.7.4;X.7.5;X.7.6;X.7.7;C.3.11;C.3.8;Y.4.16;Y.4.15;Y.4.14;Y.4.13;Y.4.12;Y.4.11;Y.4.10;C.1.16;C.1.12;C.1.8;Y.4.9;Y.4.8;Y.4.7;Y.4.6;Y.4.5;Y.4.4;Y.4.3;Y.4.2;Y.4.1
Semitruck,1744079177.419,22.681,31,0.750,Y.8.26;Y.8.25;Y.8.24;Y.8.23;Y.8.22;Y.8.21;Y.8.20;Y.8.19;Y.8.18;Y.8.17;C.4.16;C.4.12;C.4.8;Y.8.16;Y.8.15;Y.8.14;Y.8.13;Y.8.12;Y.8.11;Y.8.10;C.2.16;C.2.12;C.2.8;Y.8.9;Y.8.8;Y.8.7;Y.8.6;Y.8.5;Y.8.4;Y.8.3;Y.8.2;Y.8.1
Police_Car,1744079187.547,12.685,31,1.500,X.2.19;X.2.18;X.2.17;X.2.16;X.2.15;X.2.14;X.2.13;C.2.6;C.2.9;Y.5.10;Y.5.11;Y.5.12;Y.5.13;Y.5.14;Y.5.15;Y.5.16;C.4.17;X.5.12;X.5.11;X.5.10;X.5.9;X.5.8;C.3.4;C.3.3;C.3.2;X.5.7;X.5.6;X.5.5;X.5.4;X.5.3;X.5.2;X.5.1
Car,1744079184.541,16.243,31,1.500,Y.8.26;Y.8.25;Y.8.24;Y.8.23;Y.8.22;Y.8.21;Y.8.20;Y.8.19;Y.8.18;Y.8.17;C.4.16;C.4.12;C.4.8;Y.8.16;Y.8.15;Y.8.14;Y.8.13;Y.8.12;Y.8.11;Y.8.10;C.2.16;C.2.12;C.2.8;Y.8.9;Y.8.8;Y.8.7;Y.8.6;Y.8.5;Y.8.4;Y.8.3;Y.8.2;Y.8.1
Bulldozer,1744079189.128,12.780,16,0.800,Y.6.1;Y.6.2;Y.6.3;Y.6.4;Y.6.5;Y.6.6;Y.6.7;Y.6.8;Y.6.9;C.2.10;X.3.13;X.3.14;X.3.15;X.3.16;X.3.17;X.3.18;X.3.19
Ambulance,1744079194.156,9.348,22,1.250,X.4.1;X.4.2;X.4.3;X.4.4;X.4.5;X.4.6;X.4.7;C.1.19;Y.1.10;Y.1.11;Y.1.12;Y.1.13;Y.1.14;Y.1.15;Y.1.16;C.3.17;X.5.7;X.5.6;X.5.5;X.5.4;X.5.3;X.5.2;X.5.1
Bulldozer,1744079192.381,12.531,16,0.800,X.3.1;X.3.2;X.3.3;X.3.4;X.3.5;X.3.6;X.3.7;C.1.11;Y.3.9;Y.3.8;Y.3.7;Y.3.6;Y.3.5;Y.3.4;Y.3.3;Y.3.2;Y.3.1
Police_Car,1744079200.074,5.677,16,1.500,Y.1.1;Y.1.2;Y.1.3;Y.1.4;Y.1.5;Y.1.6;Y.1.7;Y.1.8;Y.1.9;C.1.17;X.1.7;X.1.6;X.1.5;X.1.4;X.1.3;X.1.2;X.1.1
Police_Car,1744079201.529,7.356,17,1.500,X.6.19;X.6.18;X.6.17;X.6.16;X.6.15;X.6.14;X.6.13;C.4.6;Y.6.17;Y.6.18;Y.6.19;Y.6.20;Y.6.21;Y.6.22;Y.6.23;Y.6.24;Y.6.25;Y.6.26
Bulldozer,1744079198.702,16.993,24,0.800,X.1.19;X.1.18;X.1.17;X.1.16;X.1.15;X.1.14;X.1.13;C.2.4;C.2.3;C.2.2;X.1.12;X.1.11;X.1.10;X.1.9;X.1.8;C.1.4;C.1.3;C.1.2;X.1.7;X.1.6;X.1.5;X.1.4;X.1.3;X.1.2;X.1.1
Semitruck,1744079195.571,21.328,27,0.750,X.7.1;X.7.2;X.7.3;X.7.4;X.7.5;X.7.6;X.7.7;C.3.11;C.3.8;Y.4.16;Y.4.15;Y.4.14;Y.4.13;Y.4.12;Y.4.11;Y.4.10;C.1.16;C.1.12;C.1.8;Y.4.9;Y.4.8;Y.4.7;Y.4.6;Y.4.5;Y.4.4;Y.4.3;Y.4.2;Y.4.1
Bulldozer,1744079203.166,14.348,22,0.800,X.4.1;X.4.2;X.4.3;X.4.4;X.4.5;X.4.6;X.4.7;C.1.19;Y.1.10;Y.1.11;Y.1.12;Y.1.13;Y.1.14;Y.1.15;Y.1.16;C.3.17;X.5.7;X.5.6;X.5.5;X.5.4;X.5.3;X.5.2;X.5.1
Bulldozer,1744079206.986,10.960,17,0.800,X.8.1;X.8.2;X.8.3;X.8.4;X.8.5;X.8.6;X.8.7;C.3.19;Y.1.17;Y.1.18;Y.1.19;Y.1.20;Y.1.21;Y.1.22;Y.1.23;Y.1.24;Y.1.25;Y.1.26
Bulldozer,1744079190.488,28.880,39,0.800,Y.2.1;Y.2.2;Y.2.3;Y.2.4;Y.2.5;Y.2.6;Y.2.7;Y.2.8;Y.2.9;C.1.10;C.1.15;X.4.8;X.4.9;X.4.10;X.4.11;X.4.12;C.2.19;Y.5.10;Y.5.11;Y.5.12;Y.5.13;Y.5.14;Y.5.15;Y.5.16;C.4.17;X.5.12;X.5.11;X.5.10;X.5.9;X.5.8;C.3.4;C.3.3;C.3.2;X.5.7;X.5.6;X.5.5;X.5.4;X.5.3;X.5.2;X.5.1
Semitruck,1744079196.893,23.891,27,0.750,Y.7.26;Y.7.25;Y.7.24;Y.7.23;Y.7.22;Y.7.21;Y.7.20;Y.7.19;Y.7.18;Y.7.17;C.4.7;X.6.12;X.6.11;X.6.10;X.6.9;X.6.8;C.3.6;C.3.9;Y.1.17;Y.1.18;Y.1.19;Y.1.20;Y.1.21;Y.1.22;Y.1.23;Y.1.24;Y.1.25;Y.1.26
Ambulance,1744079208.537,13.695,25,1.250,Y.2.1;Y.2.2;Y.2.3;Y.2.4;Y.2.5;Y.2.6;Y.2.7;Y.2.8;Y.2.9;C.1.10;X.3.8;X.3.9;X.3.10;X.3.11;X.3.12;C.2.11;C.2.8;Y.8.9;Y.8.8;Y.8.7;Y.8.6;Y.8.5;Y.8.4;Y.8.3;Y.8.2;Y.8.1
Ambulance,1744079215.673,7.180,17,1.250,X.8.1;X.8.2;X.8.3;X.8.4;X.8.5;X.8.6;X.8.7;C.3.19;Y.1.17;Y.1.18;Y.1.19;Y.1.20;Y.1.21;Y.1.22;Y.1.23;Y.1.24;Y.1.25;Y.1.26
Police_Car,1744079213.973,9.546,25,1.500,Y.4.26;Y.4.25;Y.4.24;Y.4.23;Y.4.22;Y.4.21;Y.4.20;Y.4.19;Y.4.18;Y.4.17;C.3.20;X.8.8;X.8.9;X.8.10;X.8.11;X.8.12;C.4.13;C.4.14;C.4.15;X.8.13;X.8.14;X.8.15;X.8.16;X.8.17;X.8.18;X.8.19
Bulldozer,1744079205.105,19.247,22,0.800,X.2.19;X.2.18;X.2.17;X.2.16;X.2.15;X.2.14;X.2.13;C.2.6;Y.6.10;Y.6.11;Y.6.12;Y.6.13;Y.6.14;Y.6.15;Y.6.16;C.4.10;X.7.13;X.7.14;X.7.15;X.7.16;X.7.17;X.7.18;X.7.19
Semitruck,1744079211.296,14.701,18,0.750,X.6.19;X.6.18;X.6.17;X.6.16;X.6.15;X.6.14;X.6.13;C.4.6;C.4.9;Y.5.17;Y.5.18;Y.5.19;Y.5.20;Y.5.21;Y.5.22;Y.5.23;Y.5.24;Y.5.25;Y.5.26
Bulldozer,1744079212.675,16.500,24,0.800,Y.5.1;Y.5.2;Y.5.3;Y.5.4;Y.5.5;Y.5.6;Y.5.7;Y.5.8;Y.5.9;C.2.17;X.1.12;X.1.11;X.1.10;X.1.9;X.1.8;C.1.4;C.1.3;C.1.2;X.1.7;X.1.6;X.1.5;X.1.4;X.1.3;X.1.2;X.1.1
Semitruck,1744079218.603,12.120,16,0.750,Y.1.1;Y.1.2;Y.1.3;Y.1.4;Y.1.5;Y.1.6;Y.1.7;Y.1.8;Y.1.9;C.1.17;X.1.7;X.1.6;X.1.5;X.1.4;X.1.3;X.1.2;X.1.1
Motorcycle,1744079217.083,14.721,31,1.750,X.7.1;X.7.2;X.7.3;X.7.4;X.7.5;X.7.6;X.7.7;C.3.11;C.3.8;Y.4.16;Y.4.15;Y.4.14;Y.4.13;Y.4.12;Y.4.11;Y.4.10;C.1.20;X.4.8;X.4.9;X.4.10;X.4.11;X.4.12;C.2.13;C.2.14;C.2.15;X.4.13;X.4.14;X.4.15;X.4.16;X.4.17;X.4.18;X.4.19
Bulldozer,1744079223.410,10.551,16,0.800,X.1.19;X.1.18;X.1.17;X.1.16;X.1.15;X.1.14;X.1.13;C.2.18;Y.8.9;Y.8.8;Y.8.7;Y.8.6;Y.8.5;Y.8.4;Y.8.3;Y.8.2;Y.8.1
Semitruck,1744079220.114,18.249,24,0.750,X.8.1;X.8.2;X.8.3;X.8.4;X.8.5;X.8.6;X.8.7;C.3.13;C.3.14;C.3.15;X.8.8;X.8.9;X.8.10;X.8.11;X.8.12;C.4.13;C.4.14;C.4.15;X.8.13;X.8.14;X.8.15;X.8.16;X.8.17;X.8.18;X.8.19
Ambulance,1744079228.469,10.641,24,1.250,Y.5.1;Y.5.2;Y.5.3;Y.5.4;Y.5.5;Y.5.6;Y.5.7;Y.5.8;Y.5.9;C.2.17;X.1.12;X.1.11;X.1.10;X.1.9;X.1.8;C.1.18;Y.4.9;Y.4.8;Y.4.7;Y.4.6;Y.4.5;Y.4.4;Y.4.3;Y.4.2;Y.4.1
Bulldozer,1744079224.915,18.675,22,0.800,X.7.1;X.7.2;X.7.3;X.7.4;X.7.5;X.7.6;X.7.7;C.3.11;Y.3.16;Y.3.15;Y.3.14;Y.3.13;Y.3.12;Y.3.11;Y.3.10;C.1.7;X.2.7;X.2.6;X.2.5;X.2.4;X.2.3;X.2.2;X.2.1
Bulldozer,1744079221.692,22.178,27,0.800,Y.7.26;Y.7.25;Y.7.24;Y.7.23;Y.7.22;Y.7.21;Y.7.20;Y.7.19;Y.7.18;Y.7.17;C.4.7;X.6.12;X.6.11;X.6.10;X.6.9;X.6.8;C.3.6;C.3.9;Y.1.17;Y.1.18;Y.1.19;Y.1.20;Y.1.21;Y.1.22;Y.1.23;Y.1.24;Y.1.25;Y.1.26
Bulldozer,1744079233.001,12.121,17,0.800,X.8.1;X.8.2;X.8.3;X.8.4;X.8.5;X.8.6;X.8.7;C.3.19;Y.1.17;Y.1.18;Y.1.19;Y.1.20;Y.1.21;Y.1.22;Y.1.23;Y.1.24;Y.1.25;Y.1.26
Bulldozer,1744079226.524,20.916,23,0.800,X.7.1;X.7.2;X.7.3;X.7.4;X.7.5;X.7.6;X.7.7;C.3.11;Y.3.16;Y.3.15;Y.3.14;Y.3.13;Y.3.12;Y.3.11;Y.3.10;C.1.7;C.1.2;X.1.7;X.1.6;X.1.5;X.1.4;X.1.3;X.1.2;X.1.1
Bulldozer,1744079237.022,12.747,17,0.800,X.3.1;X.3.2;X.3.3;X.3.4;X.3.5;X.3.6;X.3.7;C.1.11;C.1.8;Y.4.9;Y.4.8;Y.4.7;Y.4.6;Y.4.5;Y.4.4;Y.4.3;Y.4.2;Y.4.1
Semitruck,1744079231.211,20.614,22,0.750,X.2.19;X.2.18;X.2.17;X.2.16;X.2.15;X.2.14;X.2.13;C.2.6;Y.6.10;Y.6.11;Y.6.12;Y.6.13;Y.6.14;Y.6.15;Y.6.16;C.4.10;X.7.13;X.7.14;X.7.15;X.7.16;X.7.17;X.7.18;X.7.19
Bulldozer,1744079229.915,22.197,27,0.800,Y.7.26;Y.7.25;Y.7.24;Y.7.23;Y.7.22;Y.7.21;Y.7.20;Y.7.19;Y.7.18;Y.7.17;C.4.7;X.6.12;X.6.11;X.6.10;X.6.9;X.6.8;C.3.6;C.3.9;Y.1.17;Y.1.18;Y.1.19;Y.1.20;Y.1.21;Y.1.22;Y.1.23;Y.1.24;Y.1.25;Y.1.26
Police_Car,1744079241.943,11.569,31,1.500,Y.4.26;Y.4.25;Y.4.24;Y.4.23;Y.4.22;Y.4.21;Y.4.20;Y.4.19;Y.4.18;Y.4.17;C.3.16;C.3.12;C.3.8;Y.4.16;Y.4.15;Y.4.14;Y.4.13;Y.4.12;Y.4.11;Y.4.10;C.1.16;C.1.12;C.1.8;Y.4.9;Y.4.8;Y.4.7;Y.4.6;Y.4.5;Y.4.4;Y.4.3;Y.4.2;Y.4.1
Semitruck,1744079235.821,18.257,24,0.750,X.8.1;X.8.2;X.8.3;X.8.4;X.8.5;X.8.6;X.8.7;C.3.13;C.3.14;C.3.15;X.8.8;X.8.9;X.8.10;X.8.11;X.8.12;C.4.13;C.4.14;C.4.15;X.8.13;X.8.14;X.8.15;X.8.16;X.8.17;X.8.18;X.8.19
Truck,1744079245.134,10.181,16,1.000,X.3.1;X.3.2;X.3.3;X.3.4;X.3.5;X.3.6;X.3.7;C.1.11;Y.3.9;Y.3.8;Y.3.7;Y.3.6;Y.3.5;Y.3.4;Y.3.3;Y.3.2;Y.3.1
Semitruck,1744079209.988,46.333,59,0.750,X.7.1;X.7.2;X.7.3;X.7.4;X.7.5;X.7.6;X.7.7;C.3.11;C.3.8;Y.4.16;Y.4.15;Y.4.14;Y.4.13;Y.4.12;Y.4.11;Y.4.10;C.1.20;X.4.8;X.4.9;X.4.10;X.4.11;X.4.12;C.2.19;Y.5.10;Y.5.11;Y.5.12;Y.5.13;Y.5.14;Y.5.15;Y.5.16;C.4.17;X.5.12;X.5.11;X.5.10;X.5.9;X.5.8;C.3.18;Y.4.16;Y.4.15;Y.4.14;Y.4.13;Y.4.12;Y.4.11;Y.4.10;C.1.20;X.4.8;X.4.9;X.4.10;X.4.11;X.4.12;C.2.13;C.2.14;C.2.15;X.4.13;X.4.14;X.4.15;X.4.16;X.4.17;X.4.18;X.4.19
Semitruck,1744079238.653,17.720,24,0.750,Y.5.1;Y.5.2;Y.5.3;Y.5.4;Y.5.5;Y.5.6;Y.5.7;Y.5.8;Y.5.9;C.2.17;X.1.12;X.1.11;X.1.10;X.1.9;X.1.8;C.1.4;C.1.3;C.1.2;X.1.7;X.1.6;X.1.5;X.1.4;X.1.3;X.1.2;X.1.1
Car,1744079250.494,6.857,16,1.500,X.3.1;X.3.2;X.3.3;X.3.4;X.3.5;X.3.6;X.3.7;C.1.11;Y.3.9;Y.3.8;Y.3.7;Y.3.6;Y.3.5;Y.3.4;Y.3.3;Y.3.2;Y.3.1
Bulldozer,1744079234.449,26.375,36,0.800,Y.2.1;Y.2.2;Y.2.3;Y.2.4;Y.2.5;Y.2.6;Y.2.7;Y.2.8;Y.2.9;C.1.10;C.1.15;X.4.8;X.4.9;X.4.10;X.4.11;X.4.12;C.2.19;Y.5.10;Y.5.11;Y.5.12;Y.5.13;Y.5.14;Y.5.15;Y.5.16;C.4.1;C.4.5;C.4.9;Y.5.17;Y.5.18;Y.5.19;Y.5.20;Y.5.21;Y.5.22;Y.5.23;Y.5.24;Y.5.25;Y.5.26
Semitruck,1744079248.494,14.164,17,0.750,Y.3.26;Y.3.25;Y.3.24;Y.3.23;Y.3.22;Y.3.21;Y.3.20;Y.3.19;Y.3.18;Y.3.17;C.3.7;X.6.7;X.6.6;X.6.5;X.6.4;X.6.3;X.6.2;X.6.1
Schoolbus,1744079255.306,8.404,16,1.000,Y.1.1;Y.1.2;Y.1.3;Y.1.4;Y.1.5;Y.1.6;Y.1.7;Y.1.8;Y.1.9;C.1.17;X.1.7;X.1.6;X.1.5;X.1.4;X.1.3;X.1.2;X.1.1
Bulldozer,1744079240.480,25.604,35,0.800,X.4.1;X.4.2;X.4.3;X.4.4;X.4.5;X.4.6;X.4.7;C.1.13;C.1.14;C.1.15;X.4.8;X.4.9;X.4.10;X.4.11;X.4.12;C.2.19;Y.5.10;Y.5.11;Y.5.12;Y.5.13;Y.5.14;Y.5.15;Y.5.16;C.4.1;C.4.5;C.4.9;Y.5.17;Y.5.18;Y.5.19;Y.5.20;Y.5.21;Y.5.22;Y.5.23;Y.5.24;Y.5.25;Y.5.26
Semitruck,1744079251.936,14.614,17,0.750,Y.3.26;Y.3.25;Y.3.24;Y.3.23;Y.3.22;Y.3.21;Y.3.20;Y.3.19;Y.3.18;Y.3.17;C.3.7;X.6.7;X.6.6;X.6.5;X.6.4;X.6.3;X.6.2;X.6.1
Semitruck,1744079246.677,22.246,24,0.750,Y.2.1;Y.2.2;Y.2.3;Y.2.4;Y.2.5;Y.2.6;Y.2.7;Y.2.8;Y.2.9;C.1.10;X.3.8;X.3.9;X.3.10;X.3.11;X.3.12;C.2.11;Y.7.9;Y.7.8;Y.7.7;Y.7.6;Y.7.5;Y.7.4;Y.7.3;Y.7.2;Y.7.1
Ambulance,1744079253.891,15.852,24,1.250,Y.2.1;Y.2.2;Y.2.3;Y.2.4;Y.2.5;Y.2.6;Y.2.7;Y.2.8;Y.2.9;C.1.10;X.3.8;X.3.9;X.3.10;X.3.11;X.3.12;C.2.11;Y.7.9;Y.7.8;Y.7.7;Y.7.6;Y.7.5;Y.7.4;Y.7.3;Y.7.2;Y.7.1
Bulldozer,1744079258.546,11.198,17,0.800,Y.8.26;Y.8.25;Y.8.24;Y.8.23;Y.8.22;Y.8.21;Y.8.20;Y.8.19;Y.8.18;Y.8.17;C.4.20;X.8.13;X.8.14;X.8.15;X.8.16;X.8.17;X.8.18;X.8.19
Car,1744079261.633,10.236,22,1.500,X.7.1;X.7.2;X.7.3;X.7.4;X.7.5;X.7.6;X.7.7;C.3.11;Y.3.16;Y.3.15;Y.3.14;Y.3.13;Y.3.12;Y.3.11;Y.3.10;C.1.7;X.2.7;X.2.6;X.2.5;X.2.4;X.2.3;X.2.2;X.2.1
Bulldozer,1744079243.862,30.051,41,0.800,X.2.19;X.2.18;X.2.17;X.2.16;X.2.15;X.2.14;X.2.13;C.2.6;C.2.9;Y.5.10;Y.5.11;Y.5.12;Y.5.13;Y.5.14;Y.5.15;Y.5.16;C.4.17;X.5.12;X.5.11;X.5.10;X.5.9;X.5.8;C.3.18;Y.4.16;Y.4.15;Y.4.14;Y.4.13;Y.4.12;Y.4.11;Y.4.10;C.1.16;C.1.12;C.1.8;Y.4.9;Y.4.8;Y.4.7;Y.4.6;Y.4.5;Y.4.4;Y.4.3;Y.4.2;Y.4.1
Semitruck,1744079256.959,18.707,24,0.750,X.1.19;X.1.18;X.1.17;X.1.16;X.1.15;X.1.14;X.1.13;C.2.4;C.2.3;C.2.2;X.1.12;X.1.11;X.1.10;X.1.9;X.1.8;C.1.18;Y.4.9;Y.4.8;Y.4.7;Y.4.6;Y.4.5;Y.4.4;Y.4.3;Y.4.2;Y.4.1
Truck,1744079259.909,15.924,26,1.000,Y.7.26;Y.7.25;Y.7.24;Y.7.23;Y.7.22;Y.7.21;Y.7.20;Y.7.19;Y.7.18;Y.7.17;C.4.7;C.4.2;X.5.12;X.5.11;X.5.10;X.5.9;X.5.8;C.3.4;C.3.3;C.3.2;X.5.7;X.5.6;X.5.5;X.5.4;X.5.3;X.5.2;X.5.1
Schoolbus,1744079266.688,10.214,16,1.000,X.3.1;X.3.2;X.3.3;X.3.4;X.3.5;X.3.6;X.3.7;C.1.11;Y.3.9;Y.3.8;Y.3.7;Y.3.6;Y.3.5;Y.3.4;Y.3.3;Y.3.2;Y.3.1
Bulldozer,1744079269.695,12.974,17,0.800,Y.6.1;Y.6.2;Y.6.3;Y.6.4;Y.6.5;Y.6.6;Y.6.7;Y.6.8;Y.6.9;C.2.10;C.2.15;X.4.13;X.4.14;X.4.15;X.4.16;X.4.17;X.4.18;X.4.19
Semitruck,1744079265.217,18.701,26,0.750,Y.1.1;Y.1.2;Y.1.3;Y.1.4;Y.1.5;Y.1.6;Y.1.7;Y.1.8;Y.1.9;C.1.1;C.1.5;C.1.9;Y.1.10;Y.1.11;Y.1.12;Y.1.13;Y.1.14;Y.1.15;Y.1.16;C.3.17;X.5.7;X.5.6;X.5.5;X.5.4;X.5.3;X.5.2;X.5.1
Ambulance,1744079272.530,12.325,23,1.250,X.7.1;X.7.2;X.7.3;X.7.4;X.7.5;X.7.6;X.7.7;C.3.11;Y.3.16;Y.3.15;Y.3.14;Y.3.13;Y.3.12;Y.3.11;Y.3.10;C.1.7;C.1.2;X.1.7;X.1.6;X.1.5;X.1.4;X.1.3;X.1.2;X.1.1
Truck,1744079271.023,14.348,26,1.000,X.5.19;X.5.18;X.5.17;X.5.16;X.5.15;X.5.14;X.5.13;C.4.18;Y.8.16;Y.8.15;Y.8.14;Y.8.13;Y.8.12;Y.8.11;Y.8.10;C.2.16;C.2.12;C.2.8;Y.8.9;Y.8.8;Y.8.7;Y.8.6;Y.8.5;Y.8.4;Y.8.3;Y.8.2;Y.8.1
Ambulance,1744079276.386,12.225,26,1.250,X.5.19;X.5.18;X.5.17;X.5.16;X.5.15;X.5.14;X.5.13;C.4.18;Y.8.16;Y.8.15;Y.8.14;Y.8.13;Y.8.12;Y.8.11;Y.8.10;C.2.16;C.2.12;C.2.8;Y.8.9;Y.8.8;Y.8.7;Y.8.6;Y.8.5;Y.8.4;Y.8.3;Y.8.2;Y.8.1
Bulldozer,1744079268.080,22.011,26,0.800,Y.7.26;Y.7.25;Y.7.24;Y.7.23;Y.7.22;Y.7.21;Y.7.20;Y.7.19;Y.7.18;Y.7.17;C.4.7;X.6.12;X.6.11;X.6.10;X.6.9;X.6.8;C.3.6;Y.2.17;Y.2.18;Y.2.19;Y.2.20;Y.2.21;Y.2.22;Y.2.23;Y.2.24;Y.2.25;Y.2.26
Semitruck,1744079277.730,13.736,16,0.750,Y.6.1;Y.6.2;Y.6.3;Y.6.4;Y.6.5;Y.6.6;Y.6.7;Y.6.8;Y.6.9;C.2.10;X.3.13;X.3.14;X.3.15;X.3.16;X.3.17;X.3.18;X.3.19
Ambulance,1744079278.936,13.796,31,1.250,Y.1.1;Y.1.2;Y.1.3;Y.1.4;Y.1.5;Y.1.6;Y.1.7;Y.1.8;Y.1.9;C.1.1;C.1.5;C.1.9;Y.1.10;Y.1.11;Y.1.12;Y.1.13;Y.1.14;Y.1.15;Y.1.16;C.3.1;C.3.5;C.3.9;Y.1.17;Y.1.18;Y.1.19;Y.1.20;Y.1.21;Y.1.22;Y.1.23;Y.1.24;Y.1.25;Y.1.26
Bulldozer,1744079280.809,14.324,22,0.800,X.4.1;X.4.2;X.4.3;X.4.4;X.4.5;X.4.6;X.4.7;C.1.19;Y.1.10;Y.1.11;Y.1.12;Y.1.13;Y.1.14;Y.1.15;Y.1.16;C.3.17;X.5.7;X.5.6;X.5.5;X.5.4;X.5.3;X.5.2;X.5.1
Bulldozer,1744079263.576,31.806,46,0.800,Y.4.26;Y.4.25;Y.4.24;Y.4.23;Y.4.22;Y.4.21;Y.4.20;Y.4.19;Y.4.18;Y.4.17;C.3.16;C.3.12;C.3.8;Y.4.16;Y.4.15;Y.4.14;Y.4.13;Y.4.12;Y.4.11;Y.4.10;C.1.20;X.4.8;X.4.9;X.4.10;X.4.11;X.4.12;C.2.19;Y.5.10;Y.5.11;Y.5.12;Y.5.13;Y.5.14;Y.5.15;Y.5.16;C.4.1;C.4.5;C.4.9;Y.5.17;Y.5.18;Y.5.19;Y.5.20;Y.5.21;Y.5.22;Y.5.23;Y.5.24;Y.5.25;Y.5.26
Bulldozer,1744079274.514,23.851,34,0.800,X.5.19;X.5.18;X.5.17;X.5.16;X.5.15;X.5.14;X.5.13;C.4.4;C.4.3;C.4.2;X.5.12;X.5.11;X.5.10;X.5.9;X.5.8;C.3.18;Y.4.16;Y.4.15;Y.4.14;Y.4.13;Y.4.12;Y.4.11;Y.4.10;C.1.16;C.1.12;C.1.8;Y.4.9;Y.4.8;Y.4.7;Y.4.6;Y.4.5;Y.4.4;Y.4.3;Y.4.2;Y.4.1
Ambulance,1744079283.994,15.382,34,1.250,Y.5.1;Y.5.2;Y.5.3;Y.5.4;Y.5.5;Y.5.6;Y.5.7;Y.5.8;Y.5.9;C.2.1;C.2.5;C.2.9;Y.5.10;Y.5.11;Y.5.12;Y.5.13;Y.5.14;Y.5.15;Y.5.16;C.4.17;X.5.12;X.5.11;X.5.10;X.5.9;X.5.8;C.3.4;C.3.3;C.3.2;X.5.7;X.5.6;X.5.5;X.5.4;X.5.3;X.5.2;X.5.1
Bulldozer,1744079287.021,13.636,18,0.800,X.6.19;X.6.18;X.6.17;X.6.16;X.6.15;X.6.14;X.6.13;C.4.6;C.4.9;Y.5.17;Y.5.18;Y.5.19;Y.5.20;Y.5.21;Y.5.22;Y.5.23;Y.5.24;Y.5.25;Y.5.26
Bulldozer,1744079288.753,12.914,17,0.800,Y.6.1;Y.6.2;Y.6.3;Y.6.4;Y.6.5;Y.6.6;Y.6.7;Y.6.8;Y.6.9;C.2.10;C.2.15;X.4.13;X.4.14;X.4.15;X.4.16;X.4.17;X.4.18;X.4.19
Bulldozer,1744079282.602,21.078,31,0.800,Y.4.26;Y.4.25;Y.4.24;Y.4.23;Y.4.22;Y.4.21;Y.4.20;Y.4.19;Y.4.18;Y.4.17;C.3.16;C.3.12;C.3.8;Y.4.16;Y.4.15;Y.4.14;Y.4.13;Y.4.12;Y.4.11;Y.4.10;C.1.16;C.1.12;C.1.8;Y.4.9;Y.4.8;Y.4.7;Y.4.6;Y.4.5;Y.4.4;Y.4.3;Y.4.2;Y.4.1
Semitruck,1744079285.602,18.548,24,0.750,X.4.1;X.4.2;X.4.3;X.4.4;X.4.5;X.4.6;X.4.7;C.1.13;C.1.14;C.1.15;X.4.8;X.4.9;X.4.10;X.4.11;X.4.12;C.2.13;C.2.14;C.2.15;X.4.13;X.4.14;X.4.15;X.4.16;X.4.17;X.4.18;X.4.19
Ambulance,1744079293.616,10.882,17,1.250,X.3.1;X.3.2;X.3.3;X.3.4;X.3.5;X.3.6;X.3.7;C.1.11;C.1.8;Y.4.9;Y.4.8;Y.4.7;Y.4.6;Y.4.5;Y.4.4;Y.4.3;Y.4.2;Y.4.1
Semitruck,1744079290.251,14.354,18,0.750,Y.3.26;Y.3.25;Y.3.24;Y.3.23;Y.3.22;Y.3.21;Y.3.20;Y.3.19;Y.3.18;Y.3.17;C.3.7;C.3.2;X.5.7;X.5.6;X.5.5;X.5.4;X.5.3;X.5.2;X.5.1
Bulldozer,1744079292.068,19.537,26,0.800,Y.7.26;Y.7.25;Y.7.24;Y.7.23;Y.7.22;Y.7.21;Y.7.20;Y.7.19;Y.7.18;Y.7.17;C.4.7;C.4.2;X.5.12;X.5.11;X.5.10;X.5.9;X.5.8;C.3.4;C.3.3;C.3.2;X.5.7;X.5.6;X.5.5;X.5.4;X.5.3;X.5.2;X.5.1
Ambulance,1744079298.354,13.803,31,1.250,Y.5.1;Y.5.2;Y.5.3;Y.5.4;Y.5.5;Y.5.6;Y.5.7;Y.5.8;Y.5.9;C.2.1;C.2.5;C.2.9;Y.5.10;Y.5.11;Y.5.12;Y.5.13;Y.5.14;Y.5.15;Y.5.16;C.4.1;C.4.5;C.4.9;Y.5.17;Y.5.18;Y.5.19;Y.5.20;Y.5.21;Y.5.22;Y.5.23;Y.5.24;Y.5.25;Y.5.26
Semitruck,1744079294.900,18.260,24,0.750,X.8.1;X.8.2;X.8.3;X.8.4;X.8.5;X.8.6;X.8.7;C.3.13;C.3.14;C.3.15;X.8.8;X.8.9;X.8.10;X.8.11;X.8.12;C.4.13;C.4.14;C.4.15;X.8.13;X.8.14;X.8.15;X.8.16;X.8.17;X.8.18;X.8.19
Truck,1744079301.372,13.835,24,1.000,X.1.19;X.1.18;X.1.17;X.1.16;X.1.15;X.1.14;X.1.13;C.2.4;C.2.3;C.2.2;X.1.12;X.1.11;X.1.10;X.1.9;X.1.8;C.1.4;C.1.3;C.1.2;X.1.7;X.1.6;X.1.5;X.1.4;X.1.3;X.1.2;X.1.1
Bulldozer,1744079302.751,13.177,17,0.800,Y.3.26;Y.3.25;Y.3.24;Y.3.23;Y.3.22;Y.3.21;Y.3.20;Y.3.19;Y.3.18;Y.3.17;C.3.7;X.6.7;X.6.6;X.6.5;X.6.4;X.6.3;X.6.2;X.6.1
Bulldozer,1744079296.754,19.872,26,0.800,Y.7.26;Y.7.25;Y.7.24;Y.7.23;Y.7.22;Y.7.21;Y.7.20;Y.7.19;Y.7.18;Y.7.17;C.4.7;C.4.2;X.5.12;X.5.11;X.5.10;X.5.9;X.5.8;C.3.4;C.3.3;C.3.2;X.5.7;X.5.6;X.5.5;X.5.4;X.5.3;X.5.2;X.5.1
Motorcycle,1744079308.115,8.544,16,1.750,Y.6.1;Y.6.2;Y.6.3;Y.6.4;Y.6.5;Y.6.6;Y.6.7;Y.6.8;Y.6.9;C.2.10;X.3.13;X.3.14;X.3.15;X.3.16;X.3.17;X.3.18;X.3.19
Semitruck,1744079304.745,13.937,17,0.750,Y.6.1;Y.6.2;Y.6.3;Y.6.4;Y.6.5;Y.6.6;Y.6.7;Y.6.8;Y.6.9;C.2.10;C.2.15;X.4.13;X.4.14;X.4.15;X.4.16;X.4.17;X.4.18;X.4.19
Ambulance,1744079299.833,19.691,38,1.250,X.5.19;X.5.18;X.5.17;X.5.16;X.5.15;X.5.14;X.5.13;C.4.4;C.4.3;C.4.2;X.5.12;X.5.11;X.5.10;X.5.9;X.5.8;C.3.18;Y.4.16;Y.4.15;Y.4.14;Y.4.13;Y.4.12;Y.4.11;Y.4.10;C.1.20;X.4.8;X.4.9;X.4.10;X.4.11;X.4.12;C.2.13;C.2.14;C.2.15;X.4.13;X.4.14;X.4.15;X.4.16;X.4.17;X.4.18;X.4.19
Motorcycle,1744079312.958,9.002,22,1.750,X.2.19;X.2.18;X.2.17;X.2.16;X.2.15;X.2.14;X.2.13;C.2.6;Y.6.10;Y.6.11;Y.6.12;Y.6.13;Y.6.14;Y.6.15;Y.6.16;C.4.10;X.7.13;X.7.14;X.7.15;X.7.16;X.7.17;X.7.18;X.7.19
Bulldozer,1744079306.641,19.571,26,0.800,Y.7.26;Y.7.25;Y.7.24;Y.7.23;Y.7.22;Y.7.21;Y.7.20;Y.7.19;Y.7.18;Y.7.17;C.4.7;C.4.2;X.5.12;X.5.11;X.5.10;X.5.9;X.5.8;C.3.4;C.3.3;C.3.2;X.5.7;X.5.6;X.5.5;X.5.4;X.5.3;X.5.2;X.5.1
Bulldozer,1744079311.697,17.015,24,0.800,X.1.19;X.1.18;X.1.17;X.1.16;X.1.15;X.1.14;X.1.13;C.2.4;C.2.3;C.2.2;X.1.12;X.1.11;X.1.10;X.1.9;X.1.8;C.1.4;C.1.3;C.1.2;X.1.7;X.1.6;X.1.5;X.1.4;X.1.3;X.1.2;X.1.1
Bulldozer,1744079316.437,12.543,16,0.800,X.3.1;X.3.2;X.3.3;X.3.4;X.3.5;X.3.6;X.3.7;C.1.11;Y.3.9;Y.3.8;Y.3.7;Y.3.6;Y.3.5;Y.3.4;Y.3.3;Y.3.2;Y.3.1
Ambulance,1744079321.954,7.341,17,1.250,Y.8.26;Y.8.25;Y.8.24;Y.8.23;Y.8.22;Y.8.21;Y.8.20;Y.8.19;Y.8.18;Y.8.17;C.4.20;X.8.13;X.8.14;X.8.15;X.8.16;X.8.17;X.8.18;X.8.19
Ambulance,1744079320.642,8.756,17,1.250,X.6.19;X.6.18;X.6.17;X.6.16;X.6.15;X.6.14;X.6.13;C.4.6;Y.6.17;Y.6.18;Y.6.19;Y.6.20;Y.6.21;Y.6.22;Y.6.23;Y.6.24;Y.6.25;Y.6.26
Bulldozer,1744079318.980,12.773,16,0.800,Y.6.1;Y.6.2;Y.6.3;Y.6.4;Y.6.5;Y.6.6;Y.6.7;Y.6.8;Y.6.9;C.2.10;X.3.13;X.3.14;X.3.15;X.3.16;X.3.17;X.3.18;X.3.19
Truck,1744079317.654,15.600,22,1.000,X.2.19;X.2.18;X.2.17;X.2.16;X.2.15;X.2.14;X.2.13;C.2.6;Y.6.10;Y.6.11;Y.6.12;Y.6.13;Y.6.14;Y.6.15;Y.6.16;C.4.10;X.7.13;X.7.14;X.7.15;X.7.16;X.7.17;X.7.18;X.7.19
Bulldozer,1744079309.934,25.288,34,0.800,X.5.19;X.5.18;X.5.17;X.5.16;X.5.15;X.5.14;X.5.13;C.4.4;C.4.3;C.4.2;X.5.12;X.5.11;X.5.10;X.5.9;X.5.8;C.3.18;Y.4.16;Y.4.15;Y.4.14;Y.4.13;Y.4.12;Y.4.11;Y.4.10;C.1.16;C.1.12;C.1.8;Y.4.9;Y.4.8;Y.4.7;Y.4.6;Y.4.5;Y.4.4;Y.4.3;Y.4.2;Y.4.1
Truck,1744079323.900,12.340,17,1.000,X.3.1;X.3.2;X.3.3;X.3.4;X.3.5;X.3.6;X.3.7;C.1.11;C.1.8;Y.4.9;Y.4.8;Y.4.7;Y.4.6;Y.4.5;Y.4.4;Y.4.3;Y.4.2;Y.4.1
Police_Car,1744079327.124,9.382,25,1.500,X.8.1;X.8.2;X.8.3;X.8.4;X.8.5;X.8.6;X.8.7;C.3.13;C.3.14;C.3.15;X.8.8;X.8.9;X.8.10;X.8.11;X.8.12;C.4.19;Y.5.17;Y.5.18;Y.5.19;Y.5.20;Y.5.21;Y.5.22;Y.5.23;Y.5.24;Y.5.25;Y.5.26
Semitruck,1744079314.895,26.137,31,0.750,X.7.1;X.7.2;X.7.3;X.7.4;X.7.5;X.7.6;X.7.7;C.3.11;C.3.8;Y.4.16;Y.4.15;Y.4.14;Y.4.13;Y.4.12;Y.4.11;Y.4.10;C.1.20;X.4.8;X.4.9;X.4.10;X.4.11;X.4.12;C.2.13;C.2.14;C.2.15;X.4.13;X.4.14;X.4.15;X.4.16;X.4.17;X.4.18;X.4.19
Ambulance,1744079328.639,13.790,31,1.250,Y.8.26;Y.8.25;Y.8.24;Y.8.23;Y.8.22;Y.8.21;Y.8.20;Y.8.19;Y.8.18;Y.8.17;C.4.16;C.4.12;C.4.8;Y.8.16;Y.8.15;Y.8.14;Y.8.13;Y.8.12;Y.8.11;Y.8.10;C.2.16;C.2.12;C.2.8;Y.8.9;Y.8.8;Y.8.7;Y.8.6;Y.8.5;Y.8.4;Y.8.3;Y.8.2;Y.8.1
Bulldozer,1744079332.023,14.834,22,0.800,X.5.19;X.5.18;X.5.17;X.5.16;X.5.15;X.5.14;X.5.13;C.4.18;Y.8.16;Y.8.15;Y.8.14;Y.8.13;Y.8.12;Y.8.11;Y.8.10;C.2.20;X.4.13;X.4.14;X.4.15;X.4.16;X.4.17;X.4.18;X.4.19
Bulldozer,1744079336.527,10.579,16,0.800,X.1.19;X.1.18;X.1.17;X.1.16;X.1.15;X.1.14;X.1.13;C.2.18;Y.8.9;Y.8.8;Y.8.7;Y.8.6;Y.8.5;Y.8.4;Y.8.3;Y.8.2;Y.8.1
Motorcycle,1744079335.312,12.134,31,1.750,X.7.1;X.7.2;X.7.3;X.7.4;X.7.5;X.7.6;X.7.7;C.3.11;C.3.8;Y.4.16;Y.4.15;Y.4.14;Y.4.13;Y.4.12;Y.4.11;Y.4.10;C.1.20;X.4.8;X.4.9;X.4.10;X.4.11;X.4.12;C.2.13;C.2.14;C.2.15;X.4.13;X.4.14;X.4.15;X.4.16;X.4.17;X.4.18;X.4.19
Semitruck,1744079333.863,14.426,17,0.750,X.6.19;X.6.18;X.6.17;X.6.16;X.6.15;X.6.14;X.6.13;C.4.6;Y.6.17;Y.6.18;Y.6.19;Y.6.20;Y.6.21;Y.6.22;Y.6.23;Y.6.24;Y.6.25;Y.6.26
Semitruck,1744079325.315,26.021,35,0.750,X.4.1;X.4.2;X.4.3;X.4.4;X.4.5;X.4.6;X.4.7;C.1.13;C.1.14;C.1.15;X.4.8;X.4.9;X.4.10;X.4.11;X.4.12;C.2.19;Y.5.10;Y.5.11;Y.5.12;Y.5.13;Y.5.14;Y.5.15;Y.5.16;C.4.1;C.4.5;C.4.9;Y.5.17;Y.5.18;Y.5.19;Y.5.20;Y.5.21;Y.5.22;Y.5.23;Y.5.24;Y.5.25;Y.5.26
Motorcycle,1744079330.538,20.950,49,1.750,Y.2.1;Y.2.2;Y.2.3;Y.2.4;Y.2.5;Y.2.6;Y.2.7;Y.2.8;Y.2.9;C.1.10;C.1.15;X.4.8;X.4.9;X.4.10;X.4.11;X.4.12;C.2.19;Y.5.10;Y.5.11;Y.5.12;Y.5.13;Y.5.14;Y.5.15;Y.5.16;C.4.17;X.5.12;X.5.11;X.5.10;X.5.9;X.5.8;C.3.18;Y.4.16;Y.4.15;Y.4.14;Y.4.13;Y.4.12;Y.4.11;Y.4.10;C.1.16;C.1.12;C.1.8;Y.4.9;Y.4.8;Y.4.7;Y.4.6;Y.4.5;Y.4.4;Y.4.3;Y.4.2;Y.4.1
Ambulance,1744079338.081,15.386,34,1.250,Y.5.1;Y.5.2;Y.5.3;Y.5.4;Y.5.5;Y.5.6;Y.5.7;Y.5.8;Y.5.9;C.2.1;C.2.5;C.2.9;Y.5.10;Y.5.11;Y.5.12;Y.5.13;Y.5.14;Y.5.15;Y.5.16;C.4.17;X.5.12;X.5.11;X.5.10;X.5.9;X.5.8;C.3.4;C.3.3;C.3.2;X.5.7;X.5.6;X.5.5;X.5.4;X.5.3;X.5.2;X.5.1
Motorcycle,1744079347.549,8.986,22,1.750,X.2.19;X.2.18;X.2.17;X.2.16;X.2.15;X.2.14;X.2.13;C.2.6;Y.6.10;Y.6.11;Y.6.12;Y.6.13;Y.6.14;Y.6.15;Y.6.16;C.4.10;X.7.13;X.7.14;X.7.15;X.7.16;X.7.17;X.7.18;X.7.19
Car,1744079349.385,7.850,22,1.500,X.4.1;X.4.2;X.4.3;X.4.4;X.4.5;X.4.6;X.4.7;C.1.19;Y.1.10;Y.1.11;Y.1.12;Y.1.13;Y.1.14;Y.1.15;Y.1.16;C.3.17;X.5.7;X.5.6;X.5.5;X.5.4;X.5.3;X.5.2;X.5.1
Semitruck,1744079339.827,19.670,27,0.750,Y.8.26;Y.8.25;Y.8.24;Y.8.23;Y.8.22;Y.8.21;Y.8.20;Y.8.19;Y.8.18;Y.8.17;C.4.16;C.4.12;C.4.8;Y.8.16;Y.8.15;Y.8.14;Y.8.13;Y.8.12;Y.8.11;Y.8.10;C.2.20;X.4.13;X.4.14;X.4.15;X.4.16;X.4.17;X.4.18;X.4.19
Motorcycle,1744079354.493,6.076,17,1.750,Y.6.1;Y.6.2;Y.6.3;Y.6.4;Y.6.5;Y.6.6;Y.6.7;Y.6.8;Y.6.9;C.2.10;C.2.15;X.4.13;X.4.14;X.4.15;X.4.16;X.4.17;X.4.18;X.4.19
Bulldozer,1744079344.123,16.996,24,0.800,X.1.19;X.1.18;X.1.17;X.1.16;X.1.15;X.1.14;X.1.13;C.2.4;C.2.3;C.2.2;X.1.12;X.1.11;X.1.10;X.1.9;X.1.8;C.1.4;C.1.3;C.1.2;X.1.7;X.1.6;X.1.5;X.1.4;X.1.3;X.1.2;X.1.1
Schoolbus,1744079342.741,19.030,31,1.000,Y.8.26;Y.8.25;Y.8.24;Y.8.23;Y.8.22;Y.8.21;Y.8.20;Y.8.19;Y.8.18;Y.8.17;C.4.16;C.4.12;C.4.8;Y.8.16;Y.8.15;Y.8.14;Y.8.13;Y.8.12;Y.8.11;Y.8.10;C.2.16;C.2.12;C.2.8;Y.8.9;Y.8.8;Y.8.7;Y.8.6;Y.8.5;Y.8.4;Y.8.3;Y.8.2;Y.8.1
Bulldozer,1744079341.152,22.225,27,0.800,Y.7.26;Y.7.25;Y.7.24;Y.7.23;Y.7.22;Y.7.21;Y.7.20;Y.7.19;Y.7.18;Y.7.17;C.4.7;X.6.12;X.6.11;X.6.10;X.6.9;X.6.8;C.3.6;C.3.9;Y.1.17;Y.1.18;Y.1.19;Y.1.20;Y.1.21;Y.1.22;Y.1.23;Y.1.24;Y.1.25;Y.1.26
Semitruck,1744079346.123,18.661,26,0.750,Y.1.1;Y.1.2;Y.1.3;Y.1.4;Y.1.5;Y.1.6;Y.1.7;Y.1.8;Y.1.9;C.1.1;C.1.5;C.1.9;Y.1.10;Y.1.11;Y.1.12;Y.1.13;Y.1.14;Y.1.15;Y.1.16;C.3.17;X.5.7;X.5.6;X.5.5;X.5.4;X.5.3;X.5.2;X.5.1
Ambulance,1744079356.130,8.738,17,1.250,X.6.19;X.6.18;X.6.17;X.6.16;X.6.15;X.6.14;X.6.13;C.4.6;Y.6.17;Y.6.18;Y.6.19;Y.6.20;Y.6.21;Y.6.22;Y.6.23;Y.6.24;Y.6.25;Y.6.26
Bulldozer,1744079353.057,14.802,22,0.800,X.5.19;X.5.18;X.5.17;X.5.16;X.5.15;X.5.14;X.5.13;C.4.18;Y.8.16;Y.8.15;Y.8.14;Y.8.13;Y.8.12;Y.8.11;Y.8.10;C.2.20;X.4.13;X.4.14;X.4.15;X.4.16;X.4.17;X.4.18;X.4.19
Ambulance,1744079359.419,9.672,22,1.250,X.5.19;X.5.18;X.5.17;X.5.16;X.5.15;X.5.14;X.5.13;C.4.18;Y.8.16;Y.8.15;Y.8.14;Y.8.13;Y.8.12;Y.8.11;Y.8.10;C.2.20;X.4.13;X.4.14;X.4.15;X.4.16;X.4.17;X.4.18;X.4.19
Semitruck,1744079357.947,14.310,17,0.750,Y.6.1;Y.6.2;Y.6.3;Y.6.4;Y.6.5;Y.6.6;Y.6.7;Y.6.8;Y.6.9;C.2.10;C.2.15;X.4.13;X.4.14;X.4.15;X.4.16;X.4.17;X.4.18;X.4.19
Bulldozer,1744079351.179,23.814,34,0.800,X.5.19;X.5.18;X.5.17;X.5.16;X.5.15;X.5.14;X.5.13;C.4.4;C.4.3;C.4.2;X.5.12;X.5.11;X.5.10;X.5.9;X.5.8;C.3.18;Y.4.16;Y.4.15;Y.4.14;Y.4.13;Y.4.12;Y.4.11;Y.4.10;C.1.16;C.1.12;C.1.8;Y.4.9;Y.4.8;Y.4.7;Y.4.6;Y.4.5;Y.4.4;Y.4.3;Y.4.2;Y.4.1
Police_Car,1744079364.297,14.370,31,1.500,X.2.19;X.2.18;X.2.17;X.2.16;X.2.15;X.2.14;X.2.13;C.2.6;C.2.9;Y.5.10;Y.5.11;Y.5.12;Y.5.13;Y.5.14;Y.5.15;Y.5.16;C.4.17;X.5.12;X.5.11;X.5.10;X.5.9;X.5.8;C.3.4;C.3.3;C.3.2;X.5.7;X.5.6;X.5.5;X.5.4;X.5.3;X.5.2;X.5.1
Bulldozer,1744079370.621,10.573,16,0.800,X.1.19;X.1.18;X.1.17;X.1.16;X.1.15;X.1.14;X.1.13;C.2.18;Y.8.9;Y.8.8;Y.8.7;Y.8.6;Y.8.5;Y.8.4;Y.8.3;Y.8.2;Y.8.1
Semitruck,1744079362.747,20.114,26,0.750,X.5.19;X.5.18;X.5.17;X.5.16;X.5.15;X.5.14;X.5.13;C.4.18;Y.8.16;Y.8.15;Y.8.14;Y.8.13;Y.8.12;Y.8.11;Y.8.10;C.2.16;C.2.12;C.2.8;Y.8.9;Y.8.8;Y.8.7;Y.8.6;Y.8.5;Y.8.4;Y.8.3;Y.8.2;Y.8.1
Semitruck,1744079367.367,18.284,24,0.750,X.4.1;X.4.2;X.4.3;X.4.4;X.4.5;X.4.6;X.4.7;C.1.13;C.1.14;C.1.15;X.4.8;X.4.9;X.4.10;X.4.11;X.4.12;C.2.13;C.2.14;C.2.15;X.4.13;X.4.14;X.4.15;X.4.16;X.4.17;X.4.18;X.4.19
Semitruck,1744079375.083,11.385,16,0.750,X.1.19;X.1.18;X.1.17;X.1.16;X.1.15;X.1.14;X.1.13;C.2.18;Y.8.9;Y.8.8;Y.8.7;Y.8.6;Y.8.5;Y.8.4;Y.8.3;Y.8.2;Y.8.1
Bulldozer,1744079361.079,26.391,36,0.800,Y.7.26;Y.7.25;Y.7.24;Y.7.23;Y.7.22;Y.7.21;Y.7.20;Y.7.19;Y.7.18;Y.7.17;C.4.7;C.4.2;X.5.12;X.5.11;X.5.10;X.5.9;X.5.8;C.3.18;Y.4.16;Y.4.15;Y.4.14;Y.4.13;Y.4.12;Y.4.11;Y.4.10;C.1.16;C.1.12;C.1.8;Y.4.9;Y.4.8;Y.4.7;Y.4.6;Y.4.5;Y.4.4;Y.4.3;Y.4.2;Y.4.1
Ambulance,1744079378.809,11.380,26,1.250,Y.1.1;Y.1.2;Y.1.3;Y.1.4;Y.1.5;Y.1.6;Y.1.7;Y.1.8;Y.1.9;C.1.1;C.1.5;C.1.9;Y.1.10;Y.1.11;Y.1.12;Y.1.13;Y.1.14;Y.1.15;Y.1.16;C.3.17;X.5.7;X.5.6;X.5.5;X.5.4;X.5.3;X.5.2;X.5.1
Bulldozer,1744079373.291,17.015,24,0.800,X.8.1;X.8.2;X.8.3;X.8.4;X.8.5;X.8.6;X.8.7;C.3.13;C.3.14;C.3.15;X.8.8;X.8.9;X.8.10;X.8.11;X.8.12;C.4.13;C.4.14;C.4.15;X.8.13;X.8.14;X.8.15;X.8.16;X.8.17;X.8.18;X.8.19
Bulldozer,1744079368.799,26.420,36,0.800,Y.2.1;Y.2.2;Y.2.3;Y.2.4;Y.2.5;Y.2.6;Y.2.7;Y.2.8;Y.2.9;C.1.10;C.1.15;X.4.8;X.4.9;X.4.10;X.4.11;X.4.12;C.2.19;Y.5.10;Y.5.11;Y.5.12;Y.5.13;Y.5.14;Y.5.15;Y.5.16;C.4.1;C.4.5;C.4.9;Y.5.17;Y.5.18;Y.5.19;Y.5.20;Y.5.21;Y.5.22;Y.5.23;Y.5.24;Y.5.25;Y.5.26
Bulldozer,1744079365.926,29.810,40,0.800,Y.7.26;Y.7.25;Y.7.24;Y.7.23;Y.7.22;Y.7.21;Y.7.20;Y.7.19;Y.7.18;Y.7.17;C.4.7;C.4.2;X.5.12;X.5.11;X.5.10;X.5.9;X.5.8;C.3.18;Y.4.16;Y.4.15;Y.4.14;Y.4.13;Y.4.12;Y.4.11;Y.4.10;C.1.20;X.4.8;X.4.9;X.4.10;X.4.11;X.4.12;C.2.13;C.2.14;C.2.15;X.4.13;X.4.14;X.4.15;X.4.16;X.4.17;X.4.18;X.4.19
Ambulance,1744079386.729,9.820,17,1.250,Y.6.1;Y.6.2;Y.6.3;Y.6.4;Y.6.5;Y.6.6;Y.6.7;Y.6.8;Y.6.9;C.2.10;C.2.15;X.4.13;X.4.14;X.4.15;X.4.16;X.4.17;X.4.18;X.4.19
Semitruck,1744079376.905,21.318,27,0.750,X.7.1;X.7.2;X.7.3;X.7.4;X.7.5;X.7.6;X.7.7;C.3.11;C.3.8;Y.4.16;Y.4.15;Y.4.14;Y.4.13;Y.4.12;Y.4.11;Y.4.10;C.1.16;C.1.12;C.1.8;Y.4.9;Y.4.8;Y.4.7;Y.4.6;Y.4.5;Y.4.4;Y.4.3;Y.4.2;Y.4.1
Bulldozer,1744079382.219,16.983,24,0.800,X.8.1;X.8.2;X.8.3;X.8.4;X.8.5;X.8.6;X.8.7;C.3.13;C.3.14;C.3.15;X.8.8;X.8.9;X.8.10;X.8.11;X.8.12;C.4.13;C.4.14;C.4.15;X.8.13;X.8.14;X.8.15;X.8.16;X.8.17;X.8.18;X.8.19
Bulldozer,1744079388.467,13.135,17,0.800,Y.3.26;Y.3.25;Y.3.24;Y.3.23;Y.3.22;Y.3.21;Y.3.20;Y.3.19;Y.3.18;Y.3.17;C.3.7;X.6.7;X.6.6;X.6.5;X.6.4;X.6.3;X.6.2;X.6.1
Semitruck,1744079383.547,18.270,24,0.750,X.1.19;X.1.18;X.1.17;X.1.16;X.1.15;X.1.14;X.1.13;C.2.4;C.2.3;C.2.2;X.1.12;X.1.11;X.1.10;X.1.9;X.1.8;C.1.4;C.1.3;C.1.2;X.1.7;X.1.6;X.1.5;X.1.4;X.1.3;X.1.2;X.1.1
Bulldozer,1744079372.017,30.034,41,0.800,X.2.19;X.2.18;X.2.17;X.2.16;X.2.15;X.2.14;X.2.13;C.2.6;C.2.9;Y.5.10;Y.5.11;Y.5.12;Y.5.13;Y.5.14;Y.5.15;Y.5.16;C.4.17;X.5.12;X.5.11;X.5.10;X.5.9;X.5.8;C.3.18;Y.4.16;Y.4.15;Y.4.14;Y.4.13;Y.4.12;Y.4.11;Y.4.10;C.1.16;C.1.12;C.1.8;Y.4.9;Y.4.8;Y.4.7;Y.4.6;Y.4.5;Y.4.4;Y.4.3;Y.4.2;Y.4.1
Bulldozer,1744079384.902,18.316,27,0.800,Y.8.26;Y.8.25;Y.8.24;Y.8.23;Y.8.22;Y.8.21;Y.8.20;Y.8.19;Y.8.18;Y.8.17;C.4.16;C.4.12;C.4.8;Y.8.16;Y.8.15;Y.8.14;Y.8.13;Y.8.12;Y.8.11;Y.8.10;C.2.20;X.4.13;X.4.14;X.4.15;X.4.16;X.4.17;X.4.18;X.4.19
Ambulance,1744079391.912,12.488,26,1.250,X.5.19;X.5.18;X.5.17;X.5.16;X.5.15;X.5.14;X.5.13;C.4.18;Y.8.16;Y.8.15;Y.8.14;Y.8.13;Y.8.12;Y.8.11;Y.8.10;C.2.16;C.2.12;C.2.8;Y.8.9;Y.8.8;Y.8.7;Y.8.6;Y.8.5;Y.8.4;Y.8.3;Y.8.2;Y.8.1
Bulldozer,1744079380.614,23.884,31,0.800,X.7.1;X.7.2;X.7.3;X.7.4;X.7.5;X.7.6;X.7.7;C.3.11;C.3.8;Y.4.16;Y.4.15;Y.4.14;Y.4.13;Y.4.12;Y.4.11;Y.4.10;C.1.20;X.4.8;X.4.9;X.4.10;X.4.11;X.4.12;C.2.13;C.2.14;C.2.15;X.4.13;X.4.14;X.4.15;X.4.16;X.4.17;X.4.18;X.4.19
Bulldozer,1744079390.341,14.308,22,0.800,X.4.1;X.4.2;X.4.3;X.4.4;X.4.5;X.4.6;X.4.7;C.1.19;Y.1.10;Y.1.11;Y.1.12;Y.1.13;Y.1.14;Y.1.15;Y.1.16;C.3.17;X.5.7;X.5.6;X.5.5;X.5.4;X.5.3;X.5.2;X.5.1
Truck,1744079396.456,13.805,24,1.000,X.5.19;X.5.18;X.5.17;X.5.16;X.5.15;X.5.14;X.5.13;C.4.4;C.4.3;C.4.2;X.5.12;X.5.11;X.5.10;X.5.9;X.5.8;C.3.4;C.3.3;C.3.2;X.5.7;X.5.6;X.5.5;X.5.4;X.5.3;X.5.2;X.5.1
Semitruck,1744079394.995,18.268,24,0.750,X.4.1;X.4.2;X.4.3;X.4.4;X.4.5;X.4.6;X.4.7;C.1.13;C.1.14;C.1.15;X.4.8;X.4.9;X.4.10;X.4.11;X.4.12;C.2.13;C.2.14;C.2.15;X.4.13;X.4.14;X.4.15;X.4.16;X.4.17;X.4.18;X.4.19
Schoolbus,1744079399.776,15.588,24,1.000,X.1.19;X.1.18;X.1.17;X.1.16;X.1.15;X.1.14;X.1.13;C.2.4;C.2.3;C.2.2;X.1.12;X.1.11;X.1.10;X.1.9;X.1.8;C.1.4;C.1.3;C.1.2;X.1.7;X.1.6;X.1.5;X.1.4;X.1.3;X.1.2;X.1.1
Semitruck,1744079397.962,17.533,24,0.750,Y.5.1;Y.5.2;Y.5.3;Y.5.4;Y.5.5;Y.5.6;Y.5.7;Y.5.8;Y.5.9;C.2.17;X.1.12;X.1.11;X.1.10;X.1.9;X.1.8;C.1.18;Y.4.9;Y.4.8;Y.4.7;Y.4.6;Y.4.5;Y.4.4;Y.4.3;Y.4.2;Y.4.1
Bulldozer,1744079402.777,13.667,18,0.800,X.6.19;X.6.18;X.6.17;X.6.16;X.6.15;X.6.14;X.6.13;C.4.6;C.4.9;Y.5.17;Y.5.18;Y.5.19;Y.5.20;Y.5.21;Y.5.22;Y.5.23;Y.5.24;Y.5.25;Y.5.26
Bulldozer,1744079404.098,16.797,24,0.800,X.1.19;X.1.18;X.1.17;X.1.16;X.1.15;X.1.14;X.1.13;C.2.4;C.2.3;C.2.2;X.1.12;X.1.11;X.1.10;X.1.9;X.1.8;C.1.18;Y.4.9;Y.4.8;Y.4.7;Y.4.6;Y.4.5;Y.4.4;Y.4.3;Y.4.2;Y.4.1
Semitruck,1744079410.954,11.372,16,0.750,X.1.19;X.1.18;X.1.17;X.1.16;X.1.15;X.1.14;X.1.13;C.2.18;Y.8.9;Y.8.8;Y.8.7;Y.8.6;Y.8.5;Y.8.4;Y.8.3;Y.8.2;Y.8.1
Schoolbus,1744079405.579,17.782,25,1.000,Y.2.1;Y.2.2;Y.2.3;Y.2.4;Y.2.5;Y.2.6;Y.2.7;Y.2.8;Y.2.9;C.1.10;X.3.8;X.3.9;X.3.10;X.3.11;X.3.12;C.2.11;C.2.8;Y.8.9;Y.8.8;Y.8.7;Y.8.6;Y.8.5;Y.8.4;Y.8.3;Y.8.2;Y.8.1
Bulldozer,1744079412.656,11.192,17,0.800,Y.8.26;Y.8.25;Y.8.24;Y.8.23;Y.8.22;Y.8.21;Y.8.20;Y.8.19;Y.8.18;Y.8.17;C.4.20;X.8.13;X.8.14;X.8.15;X.8.16;X.8.17;X.8.18;X.8.19
Bulldozer,1744079393.210,31.776,46,0.800,Y.4.26;Y.4.25;Y.4.24;Y.4.23;Y.4.22;Y.4.21;Y.4.20;Y.4.19;Y.4.18;Y.4.17;C.3.16;C.3.12;C.3.8;Y.4.16;Y.4.15;Y.4.14;Y.4.13;Y.4.12;Y.4.11;Y.4.10;C.1.20;X.4.8;X.4.9;X.4.10;X.4.11;X.4.12;C.2.19;Y.5.10;Y.5.11;Y.5.12;Y.5.13;Y.5.14;Y.5.15;Y.5.16;C.4.1;C.4.5;C.4.9;Y.5.17;Y.5.18;Y.5.19;Y.5.20;Y.5.21;Y.5.22;Y.5.23;Y.5.24;Y.5.25;Y.5.26
Semitruck,1744079401.488,23.896,27,0.750,Y.7.26;Y.7.25;Y.7.24;Y.7.23;Y.7.22;Y.7.21;Y.7.20;Y.7.19;Y.7.18;Y.7.17;C.4.7;X.6.12;X.6.11;X.6.10;X.6.9;X.6.8;C.3.6;C.3.9;Y.1.17;Y.1.18;Y.1.19;Y.1.20;Y.1.21;Y.1.22;Y.1.23;Y.1.24;Y.1.25;Y.1.26
Semitruck,1744079416.551,11.111,16,0.750,Y.1.1;Y.1.2;Y.1.3;Y.1.4;Y.1.5;Y.1.6;Y.1.7;Y.1.8;Y.1.9;C.1.17;X.1.7;X.1.6;X.1.5;X.1.4;X.1.3;X.1.2;X.1.1
Police_Car,1744079420.244,7.468,18,1.500,X.6.19;X.6.18;X.6.17;X.6.16;X.6.15;X.6.14;X.6.13;C.4.6;C.4.9;Y.5.17;Y.5.18;Y.5.19;Y.5.20;Y.5.21;Y.5.22;Y.5.23;Y.5.24;Y.5.25;Y.5.26
Bulldozer,1744079414.597,13.415,17,0.800,X.6.19;X.6.18;X.6.17;X.6.16;X.6.15;X.6.14;X.6.13;C.4.6;Y.6.17;Y.6.18;Y.6.19;Y.6.20;Y.6.21;Y.6.22;Y.6.23;Y.6.24;Y.6.25;Y.6.26
Semitruck,1744079407.257,21.337,27,0.750,X.7.1;X.7.2;X.7.3;X.7.4;X.7.5;X.7.6;X.7.7;C.3.11;C.3.8;Y.4.16;Y.4.15;Y.4.14;Y.4.13;Y.4.12;Y.4.11;Y.4.10;C.1.16;C.1.12;C.1.8;Y.4.9;Y.4.8;Y.4.7;Y.4.6;Y.4.5;Y.4.4;Y.4.3;Y.4.2;Y.4.1
Semitruck,1744079409.235,19.410,27,0.750,X.4.1;X.4.2;X.4.3;X.4.4;X.4.5;X.4.6;X.4.7;C.1.19;Y.1.10;Y.1.11;Y.1.12;Y.1.13;Y.1.14;Y.1.15;Y.1.16;C.3.1;C.3.5;C.3.9;Y.1.17;Y.1.18;Y.1.19;Y.1.20;Y.1.21;Y.1.22;Y.1.23;Y.1.24;Y.1.25;Y.1.26
Bulldozer,1744079418.379,16.510,24,0.800,Y.5.1;Y.5.2;Y.5.3;Y.5.4;Y.5.5;Y.5.6;Y.5.7;Y.5.8;Y.5.9;C.2.17;X.1.12;X.1.11;X.1.10;X.1.9;X.1.8;C.1.4;C.1.3;C.1.2;X.1.7;X.1.6;X.1.5;X.1.4;X.1.3;X.1.2;X.1.1
Bulldozer,1744079421.902,13.399,17,0.800,X.6.19;X.6.18;X.6.17;X.6.16;X.6.15;X.6.14;X.6.13;C.4.6;Y.6.17;Y.6.18;Y.6.19;Y.6.20;Y.6.21;Y.6.22;Y.6.23;Y.6.24;Y.6.25;Y.6.26
Car,1744079428.889,11.557,31,1.500,Y.5.1;Y.5.2;Y.5.3;Y.5.4;Y.5.5;Y.5.6;Y.5.7;Y.5.8;Y.5.9;C.2.1;C.2.5;C.2.9;Y.5.10;Y.5.11;Y.5.12;Y.5.13;Y.5.14;Y.5.15;Y.5.16;C.4.1;C.4.5;C.4.9;Y.5.17;Y.5.18;Y.5.19;Y.5.20;Y.5.21;Y.5.22;Y.5.23;Y.5.24;Y.5.25;Y.5.26
Bulldozer,1744079425.359,16.994,24,0.800,X.1.19;X.1.18;X.1.17;X.1.16;X.1.15;X.1.14;X.1.13;C.2.4;C.2.3;C.2.2;X.1.12;X.1.11;X.1.10;X.1.9;X.1.8;C.1.4;C.1.3;C.1.2;X.1.7;X.1.6;X.1.5;X.1.4;X.1.3;X.1.2;X.1.1
Bulldozer,1744079423.559,19.411,23,0.800,X.2.19;X.2.18;X.2.17;X.2.16;X.2.15;X.2.14;X.2.13;C.2.6;Y.6.10;Y.6.11;Y.6.12;Y.6.13;Y.6.14;Y.6.15;Y.6.16;C.4.10;C.4.15;X.8.13;X.8.14;X.8.15;X.8.16;X.8.17;X.8.18;X.8.19
Ambulance,1744079432.565,11.369,26,1.250,Y.1.1;Y.1.2;Y.1.3;Y.1.4;Y.1.5;Y.1.6;Y.1.7;Y.1.8;Y.1.9;C.1.1;C.1.5;C.1.9;Y.1.10;Y.1.11;Y.1.12;Y.1.13;Y.1.14;Y.1.15;Y.1.16;C.3.17;X.5.7;X.5.6;X.5.5;X.5.4;X.5.3;X.5.2;X.5.1
Motorcycle,1744079438.635,6.217,17,1.750,Y.3.26;Y.3.25;Y.3.24;Y.3.23;Y.3.22;Y.3.21;Y.3.20;Y.3.19;Y.3.18;Y.3.17;C.3.7;X.6.7;X.6.6;X.6.5;X.6.4;X.6.3;X.6.2;X.6.1
Ambulance,1744079430.820,14.367,26,1.250,Y.7.26;Y.7.25;Y.7.24;Y.7.23;Y.7.22;Y.7.21;Y.7.20;Y.7.19;Y.7.18;Y.7.17;C.4.7;X.6.12;X.6.11;X.6.10;X.6.9;X.6.8;C.3.6;Y.2.17;Y.2.18;Y.2.19;Y.2.20;Y.2.21;Y.2.22;Y.2.23;Y.2.24;Y.2.25;Y.2.26
Schoolbus,1744079426.988,19.746,35,1.000,X.4.1;X.4.2;X.4.3;X.4.4;X.4.5;X.4.6;X.4.7;C.1.13;C.1.14;C.1.15;X.4.8;X.4.9;X.4.10;X.4.11;X.4.12;C.2.19;Y.5.10;Y.5.11;Y.5.12;Y.5.13;Y.5.14;Y.5.15;Y.5.16;C.4.1;C.4.5;C.4.9;Y.5.17;Y.5.18;Y.5.19;Y.5.20;Y.5.21;Y.5.22;Y.5.23;Y.5.24;Y.5.25;Y.5.26
Motorcycle,1744079433.959,13.360,28,1.750,X.2.19;X.2.18;X.2.17;X.2.16;X.2.15;X.2.14;X.2.13;C.2.6;C.2.9;Y.5.10;Y.5.11;Y.5.12;Y.5.13;Y.5.14;Y.5.15;Y.5.16;C.4.1;C.4.5;C.4.9;Y.5.17;Y.5.18;Y.5.19;Y.5.20;Y.5.21;Y.5.22;Y.5.23;Y.5.24;Y.5.25;Y.5.26
Police_Car,1744079440.293,10.726,26,1.500,Y.7.26;Y.7.25;Y.7.24;Y.7.23;Y.7.22;Y.7.21;Y.7.20;Y.7.19;Y.7.18;Y.7.17;C.4.7;C.4.2;X.5.12;X.5.11;X.5.10;X.5.9;X.5.8;C.3.4;C.3.3;C.3.2;X.5.7;X.5.6;X.5.5;X.5.4;X.5.3;X.5.2;X.5.1
Truck,1744079437.332,14.306,26,1.000,Y.4.26;Y.4.25;Y.4.24;Y.4.23;Y.4.22;Y.4.21;Y.4.20;Y.4.19;Y.4.18;Y.4.17;C.3.20;X.8.8;X.8.9;X.8.10;X.8.11;X.8.12;C.4.19;Y.5.17;Y.5.18;Y.5.19;Y.5.20;Y.5.21;Y.5.22;Y.5.23;Y.5.24;Y.5.25;Y.5.26
Bulldozer,1744079441.520,13.442,17,0.800,X.6.19;X.6.18;X.6.17;X.6.16;X.6.15;X.6.14;X.6.13;C.4.6;Y.6.17;Y.6.18;Y.6.19;Y.6.20;Y.6.21;Y.6.22;Y.6.23;Y.6.24;Y.6.25;Y.6.26
Motorcycle,1744079447.972,11.529,35,1.750,Y.4.26;Y.4.25;Y.4.24;Y.4.23;Y.4.22;Y.4.21;Y.4.20;Y.4.19;Y.4.18;Y.4.17;C.3.16;C.3.12;C.3.8;Y.4.16;Y.4.15;Y.4.14;Y.4.13;Y.4.12;Y.4.11;Y.4.10;C.1.20;X.4.8;X.4.9;X.4.10;X.4.11;X.4.12;C.2.13;C.2.14;C.2.15;X.4.13;X.4.14;X.4.15;X.4.16;X.4.17;X.4.18;X.4.19
Schoolbus,1744079435.939,25.899,46,1.000,Y.4.26;Y.4.25;Y.4.24;Y.4.23;Y.4.22;Y.4.21;Y.4.20;Y.4.19;Y.4.18;Y.4.17;C.3.16;C.3.12;C.3.8;Y.4.16;Y.4.15;Y.4.14;Y.4.13;Y.4.12;Y.4.11;Y.4.10;C.1.20;X.4.8;X.4.9;X.4.10;X.4.11;X.4.12;C.2.19;Y.5.10;Y.5.11;Y.5.12;Y.5.13;Y.5.14;Y.5.15;Y.5.16;C.4.1;C.4.5;C.4.9;Y.5.17;Y.5.18;Y.5.19;Y.5.20;Y.5.21;Y.5.22;Y.5.23;Y.5.24;Y.5.25;Y.5.26
Bulldozer,1744079443.203,18.903,27,0.800,Y.8.26;Y.8.25;Y.8.24;Y.8.23;Y.8.22;Y.8.21;Y.8.20;Y.8.19;Y.8.18;Y.8.17;C.4.16;C.4.12;C.4.8;Y.8.16;Y.8.15;Y.8.14;Y.8.13;Y.8.12;Y.8.11;Y.8.10;C.2.20;X.4.13;X.4.14;X.4.15;X.4.16;X.4.17;X.4.18;X.4.19
Car,1744079450.682,11.837,31,1.500,Y.5.1;Y.5.2;Y.5.3;Y.5.4;Y.5.5;Y.5.6;Y.5.7;Y.5.8;Y.5.9;C.2.1;C.2.5;C.2.9;Y.5.10;Y.5.11;Y.5.12;Y.5.13;Y.5.14;Y.5.15;Y.5.16;C.4.1;C.4.5;C.4.9;Y.5.17;Y.5.18;Y.5.19;Y.5.20;Y.5.21;Y.5.22;Y.5.23;Y.5.24;Y.5.25;Y.5.26
Bulldozer,1744079444.925,19.244,22,0.800,X.2.19;X.2.18;X.2.17;X.2.16;X.2.15;X.2.14;X.2.13;C.2.6;Y.6.10;Y.6.11;Y.6.12;Y.6.13;Y.6.14;Y.6.15;Y.6.16;C.4.10;X.7.13;X.7.14;X.7.15;X.7.16;X.7.17;X.7.18;X.7.19
Bulldozer,1744079446.356,18.079,27,0.800,X.4.1;X.4.2;X.4.3;X.4.4;X.4.5;X.4.6;X.4.7;C.1.19;Y.1.10;Y.1.11;Y.1.12;Y.1.13;Y.1.14;Y.1.15;Y.1.16;C.3.1;C.3.5;C.3.9;Y.1.17;Y.1.18;Y.1.19;Y.1.20;Y.1.21;Y.1.22;Y.1.23;Y.1.24;Y.1.25;Y.1.26
Bulldozer,1744079453.883,12.778,17,0.800,X.3.1;X.3.2;X.3.3;X.3.4;X.3.5;X.3.6;X.3.7;C.1.11;C.1.8;Y.4.9;Y.4.8;Y.4.7;Y.4.6;Y.4.5;Y.4.4;Y.4.3;Y.4.2;Y.4.1
Bulldozer,1744079455.611,13.338,16,0.800,X.3.1;X.3.2;X.3.3;X.3.4;X.3.5;X.3.6;X.3.7;C.1.11;Y.3.9;Y.3.8;Y.3.7;Y.3.6;Y.3.5;Y.3.4;Y.3.3;Y.3.2;Y.3.1
Schoolbus,1744079460.660,8.407,16,1.000,Y.1.1;Y.1.2;Y.1.3;Y.1.4;Y.1.5;Y.1.6;Y.1.7;Y.1.8;Y.1.9;C.1.17;X.1.7;X.1.6;X.1.5;X.1.4;X.1.3;X.1.2;X.1.1
Bulldozer,1744079449.251,21.128,31,0.800,Y.8.26;Y.8.25;Y.8.24;Y.8.23;Y.8.22;Y.8.21;Y.8.20;Y.8.19;Y.8.18;Y.8.17;C.4.16;C.4.12;C.4.8;Y.8.16;Y.8.15;Y.8.14;Y.8.13;Y.8.12;Y.8.11;Y.8.10;C.2.16;C.2.12;C.2.8;Y.8.9;Y.8.8;Y.8.7;Y.8.6;Y.8.5;Y.8.4;Y.8.3;Y.8.2;Y.8.1
Semitruck,1744079457.126,17.516,24,0.750,Y.5.1;Y.5.2;Y.5.3;Y.5.4;Y.5.5;Y.5.6;Y.5.7;Y.5.8;Y.5.9;C.2.17;X.1.12;X.1.11;X.1.10;X.1.9;X.1.8;C.1.18;Y.4.9;Y.4.8;Y.4.7;Y.4.6;Y.4.5;Y.4.4;Y.4.3;Y.4.2;Y.4.1
Semitruck,1744079463.608,18.265,24,0.750,X.5.19;X.5.18;X.5.17;X.5.16;X.5.15;X.5.14;X.5.13;C.4.4;C.4.3;C.4.2;X.5.12;X.5.11;X.5.10;X.5.9;X.5.8;C.3.4;C.3.3;C.3.2;X.5.7;X.5.6;X.5.5;X.5.4;X.5.3;X.5.2;X.5.1
Bulldozer,1744079451.889,30.405,44,0.800,Y.5.1;Y.5.2;Y.5.3;Y.5.4;Y.5.5;Y.5.6;Y.5.7;Y.5.8;Y.5.9;C.2.1;C.2.5;C.2.9;Y.5.10;Y.5.11;Y.5.12;Y.5.13;Y.5.14;Y.5.15;Y.5.16;C.4.17;X.5.12;X.5.11;X.5.10;X.5.9;X.5.8;C.3.18;Y.4.16;Y.4.15;Y.4.14;Y.4.13;Y.4.12;Y.4.11;Y.4.10;C.1.16;C.1.12;C.1.8;Y.4.9;Y.4.8;Y.4.7;Y.4.6;Y.4.5;Y.4.4;Y.4.3;Y.4.2;Y.4.1
Bulldozer,1744079471.997,10.347,16,0.800,Y.1.1;Y.1.2;Y.1.3;Y.1.4;Y.1.5;Y.1.6;Y.1.7;Y.1.8;Y.1.9;C.1.17;X.1.7;X.1.6;X.1.5;X.1.4;X.1.3;X.1.2;X.1.1
Ambulance,1744079470.331,12.780,24,1.250,Y.5.1;Y.5.2;Y.5.3;Y.5.4;Y.5.5;Y.5.6;Y.5.7;Y.5.8;Y.5.9;C.2.17;X.1.12;X.1.11;X.1.10;X.1.9;X.1.8;C.1.18;Y.4.9;Y.4.8;Y.4.7;Y.4.6;Y.4.5;Y.4.4;Y.4.3;Y.4.2;Y.4.1
Motorcycle,1744079475.716,8.865,23,1.750,X.7.1;X.7.2;X.7.3;X.7.4;X.7.5;X.7.6;X.7.7;C.3.11;Y.3.16;Y.3.15;Y.3.14;Y.3.13;Y.3.12;Y.3.11;Y.3.10;C.1.7;C.1.2;X.1.7;X.1.6;X.1.5;X.1.4;X.1.3;X.1.2;X.1.1
Semitruck,1744079462.240,22.698,31,0.750,Y.5.1;Y.5.2;Y.5.3;Y.5.4;Y.5.5;Y.5.6;Y.5.7;Y.5.8;Y.5.9;C.2.1;C.2.5;C.2.9;Y.5.10;Y.5.11;Y.5.12;Y.5.13;Y.5.14;Y.5.15;Y.5.16;C.4.1;C.4.5;C.4.9;Y.5.17;Y.5.18;Y.5.19;Y.5.20;Y.5.21;Y.5.22;Y.5.23;Y.5.24;Y.5.25;Y.5.26
Bulldozer,1744079466.978,19.155,25,0.800,Y.2.1;Y.2.2;Y.2.3;Y.2.4;Y.2.5;Y.2.6;Y.2.7;Y.2.8;Y.2.9;C.1.10;C.1.15;X.4.8;X.4.9;X.4.10;X.4.11;X.4.12;C.2.13;C.2.14;C.2.15;X.4.13;X.4.14;X.4.15;X.4.16;X.4.17;X.4.18;X.4.19
Ambulance,1744079465.089,21.884,35,1.250,Y.4.26;Y.4.25;Y.4.24;Y.4.23;Y.4.22;Y.4.21;Y.4.20;Y.4.19;Y.4.18;Y.4.17;C.3.16;C.3.12;C.3.8;Y.4.16;Y.4.15;Y.4.14;Y.4.13;Y.4.12;Y.4.11;Y.4.10;C.1.20;X.4.8;X.4.9;X.4.10;X.4.11;X.4.12;C.2.13;C.2.14;C.2.15;X.4.13;X.4.14;X.4.15;X.4.16;X.4.17;X.4.18;X.4.19
Motorcycle,1744079479.050,8.526,27,1.750,X.4.1;X.4.2;X.4.3;X.4.4;X.4.5;X.4.6;X.4.7;C.1.19;Y.1.10;Y.1.11;Y.1.12;Y.1.13;Y.1.14;Y.1.15;Y.1.16;C.3.1;C.3.5;C.3.9;Y.1.17;Y.1.18;Y.1.19;Y.1.20;Y.1.21;Y.1.22;Y.1.23;Y.1.24;Y.1.25;Y.1.26
Bulldozer,1744079458.849,30.530,42,0.800,X.7.1;X.7.2;X.7.3;X.7.4;X.7.5;X.7.6;X.7.7;C.3.11;C.3.8;Y.4.16;Y.4.15;Y.4.14;Y.4.13;Y.4.12;Y.4.11;Y.4.10;C.1.20;X.4.8;X.4.9;X.4.10;X.4.11;X.4.12;C.2.19;Y.5.10;Y.5.11;Y.5.12;Y.5.13;Y.5.14;Y.5.15;Y.5.16;C.4.1;C.4.5;C.4.9;Y.5.17;Y.5.18;Y.5.19;Y.5.20;Y.5.21;Y.5.22;Y.5.23;Y.5.24;Y.5.25;Y.5.26
Motorcycle,1744079482.366,7.700,24,1.750,Y.5.1;Y.5.2;Y.5.3;Y.5.4;Y.5.5;Y.5.6;Y.5.7;Y.5.8;Y.5.9;C.2.17;X.1.12;X.1.11;X.1.10;X.1.9;X.1.8;C.1.18;Y.4.9;Y.4.8;Y.4.7;Y.4.6;Y.4.5;Y.4.4;Y.4.3;Y.4.2;Y.4.1
Bulldozer,1744079473.821,17.007,24,0.800,X.8.1;X.8.2;X.8.3;X.8.4;X.8.5;X.8.6;X.8.7;C.3.13;C.3.14;C.3.15;X.8.8;X.8.9;X.8.10;X.8.11;X.8.12;C.4.13;C.4.14;C.4.15;X.8.13;X.8.14;X.8.15;X.8.16;X.8.17;X.8.18;X.8.19
Car,1744079484.133,9.336,24,1.500,X.4.1;X.4.2;X.4.3;X.4.4;X.4.5;X.4.6;X.4.7;C.1.13;C.1.14;C.1.15;X.4.8;X.4.9;X.4.10;X.4.11;X.4.12;C.2.13;C.2.14;C.2.15;X.4.13;X.4.14;X.4.15;X.4.16;X.4.17;X.4.18;X.4.19
Schoolbus,1744079477.199,17.222,31,1.000,Y.8.26;Y.8.25;Y.8.24;Y.8.23;Y.8.22;Y.8.21;Y.8.20;Y.8.19;Y.8.18;Y.8.17;C.4.16;C.4.12;C.4.8;Y.8.16;Y.8.15;Y.8.14;Y.8.13;Y.8.12;Y.8.11;Y.8.10;C.2.16;C.2.12;C.2.8;Y.8.9;Y.8.8;Y.8.7;Y.8.6;Y.8.5;Y.8.4;Y.8.3;Y.8.2;Y.8.1
Bulldozer,1744079468.423,26.429,36,0.800,Y.7.26;Y.7.25;Y.7.24;Y.7.23;Y.7.22;Y.7.21;Y.7.20;Y.7.19;Y.7.18;Y.7.17;C.4.7;C.4.2;X.5.12;X.5.11;X.5.10;X.5.9;X.5.8;C.3.18;Y.4.16;Y.4.15;Y.4.14;Y.4.13;Y.4.12;Y.4.11;Y.4.10;C.1.16;C.1.12;C.1.8;Y.4.9;Y.4.8;Y.4.7;Y.4.6;Y.4.5;Y.4.4;Y.4.3;Y.4.2;Y.4.1
Ambulance,1744079486.954,8.198,16,1.250,X.3.1;X.3.2;X.3.3;X.3.4;X.3.5;X.3.6;X.3.7;C.1.11;Y.3.9;Y.3.8;Y.3.7;Y.3.6;Y.3.5;Y.3.4;Y.3.3;Y.3.2;Y.3.1
Bulldozer,1744079480.573,15.299,22,0.800,X.5.19;X.5.18;X.5.17;X.5.16;X.5.15;X.5.14;X.5.13;C.4.18;Y.8.16;Y.8.15;Y.8.14;Y.8.13;Y.8.12;Y.8.11;Y.8.10;C.2.20;X.4.13;X.4.14;X.4.15;X.4.16;X.4.17;X.4.18;X.4.19
Semitruck,1744079488.204,14.438,17,0.750,X.6.19;X.6.18;X.6.17;X.6.16;X.6.15;X.6.14;X.6.13;C.4.6;Y.6.17;Y.6.18;Y.6.19;Y.6.20;Y.6.21;Y.6.22;Y.6.23;Y.6.24;Y.6.25;Y.6.26
Bulldozer,1744079489.780,13.343,18,0.800,Y.3.26;Y.3.25;Y.3.24;Y.3.23;Y.3.22;Y.3.21;Y.3.20;Y.3.19;Y.3.18;Y.3.17;C.3.7;C.3.2;X.5.7;X.5.6;X.5.5;X.5.4;X.5.3;X.5.2;X.5.1
Semitruck,1744079485.373,18.300,24,0.750,X.8.1;X.8.2;X.8.3;X.8.4;X.8.5;X.8.6;X.8.7;C.3.13;C.3.14;C.3.15;X.8.8;X.8.9;X.8.10;X.8.11;X.8.12;C.4.13;C.4.14;C.4.15;X.8.13;X.8.14;X.8.15;X.8.16;X.8.17;X.8.18;X.8.19
Bulldozer,1744079495.946,12.957,17,0.800,Y.6.1;Y.6.2;Y.6.3;Y.6.4;Y.6.5;Y.6.6;Y.6.7;Y.6.8;Y.6.9;C.2.10;C.2.15;X.4.13;X.4.14;X.4.15;X.4.16;X.4.17;X.4.18;X.4.19
Bulldozer,1744079492.750,17.003,24,0.800,X.5.19;X.5.18;X.5.17;X.5.16;X.5.15;X.5.14;X.5.13;C.4.4;C.4.3;C.4.2;X.5.12;X.5.11;X.5.10;X.5.9;X.5.8;C.3.4;C.3.3;C.3.2;X.5.7;X.5.6;X.5.5;X.5.4;X.5.3;X.5.2;X.5.1
Bulldozer,1744079494.316,17.411,25,0.800,Y.4.26;Y.4.25;Y.4.24;Y.4.23;Y.4.22;Y.4.21;Y.4.20;Y.4.19;Y.4.18;Y.4.17;C.3.20;X.8.8;X.8.9;X.8.10;X.8.11;X.8.12;C.4.13;C.4.14;C.4.15;X.8.13;X.8.14;X.8.15;X.8.16;X.8.17;X.8.18;X.8.19
Bulldozer,1744079491.286,21.127,31,0.800,Y.1.1;Y.1.2;Y.1.3;Y.1.4;Y.1.5;Y.1.6;Y.1.7;Y.1.8;Y.1.9;C.1.1;C.1.5;C.1.9;Y.1.10;Y.1.11;Y.1.12;Y.1.13;Y.1.14;Y.1.15;Y.1.16;C.3.1;C.3.5;C.3.9;Y.1.17;Y.1.18;Y.1.19;Y.1.20;Y.1.21;Y.1.22;Y.1.23;Y.1.24;Y.1.25;Y.1.26
Bulldozer,1744079497.499,17.411,25,0.800,Y.4.26;Y.4.25;Y.4.24;Y.4.23;Y.4.22;Y.4.21;Y.4.20;Y.4.19;Y.4.18;Y.4.17;C.3.20;X.8.8;X.8.9;X.8.10;X.8.11;X.8.12;C.4.13;C.4.14;C.4.15;X.8.13;X.8.14;X.8.15;X.8.16;X.8.17;X.8.18;X.8.19
Bulldozer,1744079499.179,16.514,24,0.800,Y.5.1;Y.5.2;Y.5.3;Y.5.4;Y.5.5;Y.5.6;Y.5.7;Y.5.8;Y.5.9;C.2.17;X.1.12;X.1.11;X.1.10;X.1.9;X.1.8;C.1.4;C.1.3;C.1.2;X.1.7;X.1.6;X.1.5;X.1.4;X.1.3;X.1.2;X.1.1
Bulldozer,1744079502.862,13.182,17,0.800,Y.3.26;Y.3.25;Y.3.24;Y.3.23;Y.3.22;Y.3.21;Y.3.20;Y.3.19;Y.3.18;Y.3.17;C.3.7;X.6.7;X.6.6;X.6.5;X.6.4;X.6.3;X.6.2;X.6.1
Police_Car,1744079504.809,11.579,31,1.500,Y.4.26;Y.4.25;Y.4.24;Y.4.23;Y.4.22;Y.4.21;Y.4.20;Y.4.19;Y.4.18;Y.4.17;C.3.16;C.3.12;C.3.8;Y.4.16;Y.4.15;Y.4.14;Y.4.13;Y.4.12;Y.4.11;Y.4.10;C.1.16;C.1.12;C.1.8;Y.4.9;Y.4.8;Y.4.7;Y.4.6;Y.4.5;Y.4.4;Y.4.3;Y.4.2;Y.4.1
Bulldozer,1744079506.213,10.594,16,0.800,X.1.19;X.1.18;X.1.17;X.1.16;X.1.15;X.1.14;X.1.13;C.2.18;Y.8.9;Y.8.8;Y.8.7;Y.8.6;Y.8.5;Y.8.4;Y.8.3;Y.8.2;Y.8.1
Motorcycle,1744079510.665,6.306,17,1.750,X.6.19;X.6.18;X.6.17;X.6.16;X.6.15;X.6.14;X.6.13;C.4.6;Y.6.17;Y.6.18;Y.6.19;Y.6.20;Y.6.21;Y.6.22;Y.6.23;Y.6.24;Y.6.25;Y.6.26
Bulldozer,1744079501.033,17.391,26,0.800,Y.1.1;Y.1.2;Y.1.3;Y.1.4;Y.1.5;Y.1.6;Y.1.7;Y.1.8;Y.1.9;C.1.1;C.1.5;C.1.9;Y.1.10;Y.1.11;Y.1.12;Y.1.13;Y.1.14;Y.1.15;Y.1.16;C.3.17;X.5.7;X.5.6;X.5.5;X.5.4;X.5.3;X.5.2;X.5.1
Semitruck,1744079507.574,12.050,17,0.750,Y.8.26;Y.8.25;Y.8.24;Y.8.23;Y.8.22;Y.8.21;Y.8.20;Y.8.19;Y.8.18;Y.8.17;C.4.20;X.8.13;X.8.14;X.8.15;X.8.16;X.8.17;X.8.18;X.8.19
Ambulance,1744079508.787,11.122,24,1.250,X.5.19;X.5.18;X.5.17;X.5.16;X.5.15;X.5.14;X.5.13;C.4.4;C.4.3;C.4.2;X.5.12;X.5.11;X.5.10;X.5.9;X.5.8;C.3.4;C.3.3;C.3.2;X.5.7;X.5.6;X.5.5;X.5.4;X.5.3;X.5.2;X.5.1
Bulldozer,1744079512.223,11.207,17,0.800,Y.8.26;Y.8.25;Y.8.24;Y.8.23;Y.8.22;Y.8.21;Y.8.20;Y.8.19;Y.8.18;Y.8.17;C.4.20;X.8.13;X.8.14;X.8.15;X.8.16;X.8.17;X.8.18;X.8.19
Bulldozer,1744079514.735,13.171,17,0.800,Y.3.26;Y.3.25;Y.3.24;Y.3.23;Y.3.22;Y.3.21;Y.3.20;Y.3.19;Y.3.18;Y.3.17;C.3.7;X.6.7;X.6.6;X.6.5;X.6.4;X.6.3;X.6.2;X.6.1
Schoolbus,1744079517.802,10.173,16,1.000,X.3.1;X.3.2;X.3.3;X.3.4;X.3.5;X.3.6;X.3.7;C.1.11;Y.3.9;Y.3.8;Y.3.7;Y.3.6;Y.3.5;Y.3.4;Y.3.3;Y.3.2;Y.3.1
Bulldozer,1744079516.558,12.948,17,0.800,Y.6.1;Y.6.2;Y.6.3;Y.6.4;Y.6.5;Y.6.6;Y.6.7;Y.6.8;Y.6.9;C.2.10;C.2.15;X.4.13;X.4.14;X.4.15;X.4.16;X.4.17;X.4.18;X.4.19
Bulldozer,1744079513.479,17.131,25,0.800,X.8.1;X.8.2;X.8.3;X.8.4;X.8.5;X.8.6;X.8.7;C.3.13;C.3.14;C.3.15;X.8.8;X.8.9;X.8.10;X.8.11;X.8.12;C.4.19;Y.5.17;Y.5.18;Y.5.19;Y.5.20;Y.5.21;Y.5.22;Y.5.23;Y.5.24;Y.5.25;Y.5.26
Bulldozer,1744079521.185,12.528,16,0.800,X.3.1;X.3.2;X.3.3;X.3.4;X.3.5;X.3.6;X.3.7;C.1.11;Y.3.9;Y.3.8;Y.3.7;Y.3.6;Y.3.5;Y.3.4;Y.3.3;Y.3.2;Y.3.1
Ambulance,1744079524.025,10.656,24,1.250,Y.5.1;Y.5.2;Y.5.3;Y.5.4;Y.5.5;Y.5.6;Y.5.7;Y.5.8;Y.5.9;C.2.17;X.1.12;X.1.11;X.1.10;X.1.9;X.1.8;C.1.18;Y.4.9;Y.4.8;Y.4.7;Y.4.6;Y.4.5;Y.4.4;Y.4.3;Y.4.2;Y.4.1
Truck,1744079526.848,10.386,17,1.000,X.3.1;X.3.2;X.3.3;X.3.4;X.3.5;X.3.6;X.3.7;C.1.11;C.1.8;Y.4.9;Y.4.8;Y.4.7;Y.4.6;Y.4.5;Y.4.4;Y.4.3;Y.4.2;Y.4.1
Ambulance,1744079530.608,7.176,17,1.250,X.8.1;X.8.2;X.8.3;X.8.4;X.8.5;X.8.6;X.8.7;C.3.19;Y.1.17;Y.1.18;Y.1.19;Y.1.20;Y.1.21;Y.1.22;Y.1.23;Y.1.24;Y.1.25;Y.1.26
Semitruck,1744079522.753,18.442,25,0.750,X.8.1;X.8.2;X.8.3;X.8.4;X.8.5;X.8.6;X.8.7;C.3.13;C.3.14;C.3.15;X.8.8;X.8.9;X.8.10;X.8.11;X.8.12;C.4.19;Y.5.17;Y.5.18;Y.5.19;Y.5.20;Y.5.21;Y.5.22;Y.5.23;Y.5.24;Y.5.25;Y.5.26
Bulldozer,1744079519.690,23.260,31,0.800,X.7.1;X.7.2;X.7.3;X.7.4;X.7.5;X.7.6;X.7.7;C.3.11;C.3.8;Y.4.16;Y.4.15;Y.4.14;Y.4.13;Y.4.12;Y.4.11;Y.4.10;C.1.20;X.4.8;X.4.9;X.4.10;X.4.11;X.4.12;C.2.13;C.2.14;C.2.15;X.4.13;X.4.14;X.4.15;X.4.16;X.4.17;X.4.18;X.4.19
Motorcycle,1744079538.679,6.096,17,1.750,Y.6.1;Y.6.2;Y.6.3;Y.6.4;Y.6.5;Y.6.6;Y.6.7;Y.6.8;Y.6.9;C.2.10;C.2.15;X.4.13;X.4.14;X.4.15;X.4.16;X.4.17;X.4.18;X.4.19
Truck,1744079528.763,17.208,31,1.000,Y.1.1;Y.1.2;Y.1.3;Y.1.4;Y.1.5;Y.1.6;Y.1.7;Y.1.8;Y.1.9;C.1.1;C.1.5;C.1.9;Y.1.10;Y.1.11;Y.1.12;Y.1.13;Y.1.14;Y.1.15;Y.1.16;C.3.1;C.3.5;C.3.9;Y.1.17;Y.1.18;Y.1.19;Y.1.20;Y.1.21;Y.1.22;Y.1.23;Y.1.24;Y.1.25;Y.1.26
Bulldozer,1744079525.417,22.008,26,0.800,Y.7.26;Y.7.25;Y.7.24;Y.7.23;Y.7.22;Y.7.21;Y.7.20;Y.7.19;Y.7.18;Y.7.17;C.4.7;X.6.12;X.6.11;X.6.10;X.6.9;X.6.8;C.3.6;Y.2.17;Y.2.18;Y.2.19;Y.2.20;Y.2.21;Y.2.22;Y.2.23;Y.2.24;Y.2.25;Y.2.26
Ambulance,1744079536.864,16.260,28,1.250,X.2.19;X.2.18;X.2.17;X.2.16;X.2.15;X.2.14;X.2.13;C.2.6;C.2.9;Y.5.10;Y.5.11;Y.5.12;Y.5.13;Y.5.14;Y.5.15;Y.5.16;C.4.1;C.4.5;C.4.9;Y.5.17;Y.5.18;Y.5.19;Y.5.20;Y.5.21;Y.5.22;Y.5.23;Y.5.24;Y.5.25;Y.5.26
Bulldozer,1744079539.952,13.355,18,0.800,Y.3.26;Y.3.25;Y.3.24;Y.3.23;Y.3.22;Y.3.21;Y.3.20;Y.3.19;Y.3.18;Y.3.17;C.3.7;C.3.2;X.5.7;X.5.6;X.5.5;X.5.4;X.5.3;X.5.2;X.5.1
Bulldozer,1744079541.905,14.936,18,0.800,X.6.19;X.6.18;X.6.17;X.6.16;X.6.15;X.6.14;X.6.13;C.4.6;C.4.9;Y.5.17;Y.5.18;Y.5.19;Y.5.20;Y.5.21;Y.5.22;Y.5.23;Y.5.24;Y.5.25;Y.5.26
Bulldozer,1744079533.855,23.564,34,0.800,Y.5.1;Y.5.2;Y.5.3;Y.5.4;Y.5.5;Y.5.6;Y.5.7;Y.5.8;Y.5.9;C.2.1;C.2.5;C.2.9;Y.5.10;Y.5.11;Y.5.12;Y.5.13;Y.5.14;Y.5.15;Y.5.16;C.4.17;X.5.12;X.5.11;X.5.10;X.5.9;X.5.8;C.3.4;C.3.3;C.3.2;X.5.7;X.5.6;X.5.5;X.5.4;X.5.3;X.5.2;X.5.1
Bulldozer,1744079545.199,13.152,17,0.800,Y.3.26;Y.3.25;Y.3.24;Y.3.23;Y.3.22;Y.3.21;Y.3.20;Y.3.19;Y.3.18;Y.3.17;C.3.7;X.6.7;X.6.6;X.6.5;X.6.4;X.6.3;X.6.2;X.6.1
Ambulance,1744079546.756,12.632,23,1.250,X.2.19;X.2.18;X.2.17;X.2.16;X.2.15;X.2.14;X.2.13;C.2.6;Y.6.10;Y.6.11;Y.6.12;Y.6.13;Y.6.14;Y.6.15;Y.6.16;C.4.10;C.4.15;X.8.13;X.8.14;X.8.15;X.8.16;X.8.17;X.8.18;X.8.19
Ambulance,1744079549.832,10.659,24,1.250,Y.5.1;Y.5.2;Y.5.3;Y.5.4;Y.5.5;Y.5.6;Y.5.7;Y.5.8;Y.5.9;C.2.17;X.1.12;X.1.11;X.1.10;X.1.9;X.1.8;C.1.18;Y.4.9;Y.4.8;Y.4.7;Y.4.6;Y.4.5;Y.4.4;Y.4.3;Y.4.2;Y.4.1
Semitruck,1744079543.695,18.921,24,0.750,X.4.1;X.4.2;X.4.3;X.4.4;X.4.5;X.4.6;X.4.7;C.1.13;C.1.14;C.1.15;X.4.8;X.4.9;X.4.10;X.4.11;X.4.12;C.2.13;C.2.14;C.2.15;X.4.13;X.4.14;X.4.15;X.4.16;X.4.17;X.4.18;X.4.19
Bulldozer,1744079552.413,10.594,16,0.800,X.1.19;X.1.18;X.1.17;X.1.16;X.1.15;X.1.14;X.1.13;C.2.18;Y.8.9;Y.8.8;Y.8.7;Y.8.6;Y.8.5;Y.8.4;Y.8.3;Y.8.2;Y.8.1
Motorcycle,1744079557.802,6.006,16,1.750,Y.6.1;Y.6.2;Y.6.3;Y.6.4;Y.6.5;Y.6.6;Y.6.7;Y.6.8;Y.6.9;C.2.10;X.3.13;X.3.14;X.3.15;X.3.16;X.3.17;X.3.18;X.3.19