VehicleType,SpawnTime,ElapsedTime,NodesPassedCount,Speed,NodesSequence
Car,1744079624.865,8.525,16,1.000,X.1.19;X.1.18;X.1.17;X.1.16;X.1.15;X.1.14;X.1.13;C.2.18;Y.8.9;Y.8.8;Y.8.7;Y.8.6;Y.8.5;Y.8.4;Y.8.3;Y.8.2;Y.8.1
Motorcycle,1744079626.804,10.612,24,1.250,Y.5.1;Y.5.2;Y.5.3;Y.5.4;Y.5.5;Y.5.6;Y.5.7;Y.5.8;Y.5.9;C.2.17;X.1.12;X.1.11;X.1.10;X.1.9;X.1.8;C.1.18;Y.4.9;Y.4.8;Y.4.7;Y.4.6;Y.4.5;Y.4.4;Y.4.3;Y.4.2;Y.4.1
Motorcycle,1744079628.018,9.666,22,1.250,X.5.19;X.5.18;X.5.17;X.5.16;X.5.15;X.5.14;X.5.13;C.4.18;Y.8.16;Y.8.15;Y.8.14;Y.8.13;Y.8.12;Y.8.11;Y.8.10;C.2.20;X.4.13;X.4.14;X.4.15;X.4.16;X.4.17;X.4.18;X.4.19
Motorcycle,1744079630.725,8.917,18,1.250,X.6.19;X.6.18;X.6.17;X.6.16;X.6.15;X.6.14;X.6.13;C.4.6;C.4.9;Y.5.17;Y.5.18;Y.5.19;Y.5.20;Y.5.21;Y.5.22;Y.5.23;Y.5.24;Y.5.25;Y.5.26
Motorcycle,1744079629.427,14.458,27,1.250,Y.7.26;Y.7.25;Y.7.24;Y.7.23;Y.7.22;Y.7.21;Y.7.20;Y.7.19;Y.7.18;Y.7.17;C.4.7;X.6.12;X.6.11;X.6.10;X.6.9;X.6.8;C.3.6;C.3.9;Y.1.17;Y.1.18;Y.1.19;Y.1.20;Y.1.21;Y.1.22;Y.1.23;Y.1.24;Y.1.25;Y.1.26
Motorcycle,1744079632.219,12.181,22,1.250,X.7.1;X.7.2;X.7.3;X.7.4;X.7.5;X.7.6;X.7.7;C.3.11;Y.3.16;Y.3.15;Y.3.14;Y.3.13;Y.3.12;Y.3.11;Y.3.10;C.1.7;X.2.7;X.2.6;X.2.5;X.2.4;X.2.3;X.2.2;X.2.1
Motorcycle,1744079638.942,8.304,16,1.250,Y.6.1;Y.6.2;Y.6.3;Y.6.4;Y.6.5;Y.6.6;Y.6.7;Y.6.8;Y.6.9;C.2.10;X.3.13;X.3.14;X.3.15;X.3.16;X.3.17;X.3.18;X.3.19
Car,1744079633.838,13.792,24,1.000,X.8.1;X.8.2;X.8.3;X.8.4;X.8.5;X.8.6;X.8.7;C.3.13;C.3.14;C.3.15;X.8.8;X.8.9;X.8.10;X.8.11;X.8.12;C.4.13;C.4.14;C.4.15;X.8.13;X.8.14;X.8.15;X.8.16;X.8.17;X.8.18;X.8.19
Motorcycle,1744079637.205,11.324,25,1.250,Y.4.26;Y.4.25;Y.4.24;Y.4.23;Y.4.22;Y.4.21;Y.4.20;Y.4.19;Y.4.18;Y.4.17;C.3.20;X.8.8;X.8.9;X.8.10;X.8.11;X.8.12;C.4.13;C.4.14;C.4.15;X.8.13;X.8.14;X.8.15;X.8.16;X.8.17;X.8.18;X.8.19
Motorcycle,1744079640.787,11.917,27,1.250,Y.8.26;Y.8.25;Y.8.24;Y.8.23;Y.8.22;Y.8.21;Y.8.20;Y.8.19;Y.8.18;Y.8.17;C.4.16;C.4.12;C.4.8;Y.8.16;Y.8.15;Y.8.14;Y.8.13;Y.8.12;Y.8.11;Y.8.10;C.2.20;X.4.13;X.4.14;X.4.15;X.4.16;X.4.17;X.4.18;X.4.19
Car,1744079635.778,17.968,27,1.000,Y.7.26;Y.7.25;Y.7.24;Y.7.23;Y.7.22;Y.7.21;Y.7.20;Y.7.19;Y.7.18;Y.7.17;C.4.7;X.6.12;X.6.11;X.6.10;X.6.9;X.6.8;C.3.6;C.3.9;Y.1.17;Y.1.18;Y.1.19;Y.1.20;Y.1.21;Y.1.22;Y.1.23;Y.1.24;Y.1.25;Y.1.26
Car,1744079645.157,10.809,18,1.000,Y.3.26;Y.3.25;Y.3.24;Y.3.23;Y.3.22;Y.3.21;Y.3.20;Y.3.19;Y.3.18;Y.3.17;C.3.7;C.3.2;X.5.7;X.5.6;X.5.5;X.5.4;X.5.3;X.5.2;X.5.1
Motorcycle,1744079643.802,12.575,23,1.250,X.2.19;X.2.18;X.2.17;X.2.16;X.2.15;X.2.14;X.2.13;C.2.6;Y.6.10;Y.6.11;Y.6.12;Y.6.13;Y.6.14;Y.6.15;Y.6.16;C.4.10;C.4.15;X.8.13;X.8.14;X.8.15;X.8.16;X.8.17;X.8.18;X.8.19
Motorcycle,1744079646.387,11.031,24,1.250,X.4.1;X.4.2;X.4.3;X.4.4;X.4.5;X.4.6;X.4.7;C.1.13;C.1.14;C.1.15;X.4.8;X.4.9;X.4.10;X.4.11;X.4.12;C.2.13;C.2.14;C.2.15;X.4.13;X.4.14;X.4.15;X.4.16;X.4.17;X.4.18;X.4.19
Ambulance,1744079642.172,18.782,31,1.000,X.7.1;X.7.2;X.7.3;X.7.4;X.7.5;X.7.6;X.7.7;C.3.11;C.3.8;Y.4.16;Y.4.15;Y.4.14;Y.4.13;Y.4.12;Y.4.11;Y.4.10;C.1.20;X.4.8;X.4.9;X.4.10;X.4.11;X.4.12;C.2.13;C.2.14;C.2.15;X.4.13;X.4.14;X.4.15;X.4.16;X.4.17;X.4.18;X.4.19
Car,1744079649.608,13.732,24,1.000,X.1.19;X.1.18;X.1.17;X.1.16;X.1.15;X.1.14;X.1.13;C.2.4;C.2.3;C.2.2;X.1.12;X.1.11;X.1.10;X.1.9;X.1.8;C.1.4;C.1.3;C.1.2;X.1.7;X.1.6;X.1.5;X.1.4;X.1.3;X.1.2;X.1.1
Truck,1744079651.387,14.111,16,0.700,X.3.1;X.3.2;X.3.3;X.3.4;X.3.5;X.3.6;X.3.7;C.1.11;Y.3.9;Y.3.8;Y.3.7;Y.3.6;Y.3.5;Y.3.4;Y.3.3;Y.3.2;Y.3.1
Truck,1744079647.801,19.634,24,0.700,Y.5.1;Y.5.2;Y.5.3;Y.5.4;Y.5.5;Y.5.6;Y.5.7;Y.5.8;Y.5.9;C.2.17;X.1.12;X.1.11;X.1.10;X.1.9;X.1.8;C.1.4;C.1.3;C.1.2;X.1.7;X.1.6;X.1.5;X.1.4;X.1.3;X.1.2;X.1.1
Car,1744079659.078,9.076,17,1.000,Y.8.26;Y.8.25;Y.8.24;Y.8.23;Y.8.22;Y.8.21;Y.8.20;Y.8.19;Y.8.18;Y.8.17;C.4.20;X.8.13;X.8.14;X.8.15;X.8.16;X.8.17;X.8.18;X.8.19
Motorcycle,1744079654.566,13.738,31,1.250,Y.1.1;Y.1.2;Y.1.3;Y.1.4;Y.1.5;Y.1.6;Y.1.7;Y.1.8;Y.1.9;C.1.1;C.1.5;C.1.9;Y.1.10;Y.1.11;Y.1.12;Y.1.13;Y.1.14;Y.1.15;Y.1.16;C.3.1;C.3.5;C.3.9;Y.1.17;Y.1.18;Y.1.19;Y.1.20;Y.1.21;Y.1.22;Y.1.23;Y.1.24;Y.1.25;Y.1.26
Car,1744079655.882,15.802,26,1.000,Y.7.26;Y.7.25;Y.7.24;Y.7.23;Y.7.22;Y.7.21;Y.7.20;Y.7.19;Y.7.18;Y.7.17;C.4.7;C.4.2;X.5.12;X.5.11;X.5.10;X.5.9;X.5.8;C.3.4;C.3.3;C.3.2;X.5.7;X.5.6;X.5.5;X.5.4;X.5.3;X.5.2;X.5.1
Motorcycle,1744079664.354,8.179,16,1.250,X.3.1;X.3.2;X.3.3;X.3.4;X.3.5;X.3.6;X.3.7;C.1.11;Y.3.9;Y.3.8;Y.3.7;Y.3.6;Y.3.5;Y.3.4;Y.3.3;Y.3.2;Y.3.1
Motorcycle,1744079652.839,19.792,42,1.250,X.7.1;X.7.2;X.7.3;X.7.4;X.7.5;X.7.6;X.7.7;C.3.11;C.3.8;Y.4.16;Y.4.15;Y.4.14;Y.4.13;Y.4.12;Y.4.11;Y.4.10;C.1.20;X.4.8;X.4.9;X.4.10;X.4.11;X.4.12;C.2.19;Y.5.10;Y.5.11;Y.5.12;Y.5.13;Y.5.14;Y.5.15;Y.5.16;C.4.1;C.4.5;C.4.9;Y.5.17;Y.5.18;Y.5.19;Y.5.20;Y.5.21;Y.5.22;Y.5.23;Y.5.24;Y.5.25;Y.5.26
Motorcycle,1744079657.560,15.798,27,1.250,Y.7.26;Y.7.25;Y.7.24;Y.7.23;Y.7.22;Y.7.21;Y.7.20;Y.7.19;Y.7.18;Y.7.17;C.4.7;X.6.12;X.6.11;X.6.10;X.6.9;X.6.8;C.3.6;C.3.9;Y.1.17;Y.1.18;Y.1.19;Y.1.20;Y.1.21;Y.1.22;Y.1.23;Y.1.24;Y.1.25;Y.1.26
Truck,1744079661.051,14.866,17,0.700,Y.3.26;Y.3.25;Y.3.24;Y.3.23;Y.3.22;Y.3.21;Y.3.20;Y.3.19;Y.3.18;Y.3.17;C.3.7;X.6.7;X.6.6;X.6.5;X.6.4;X.6.3;X.6.2;X.6.1
Truck,1744079667.465,12.597,17,0.700,Y.8.26;Y.8.25;Y.8.24;Y.8.23;Y.8.22;Y.8.21;Y.8.20;Y.8.19;Y.8.18;Y.8.17;C.4.20;X.8.13;X.8.14;X.8.15;X.8.16;X.8.17;X.8.18;X.8.19
Truck,1744079662.383,20.336,27,0.700,X.4.1;X.4.2;X.4.3;X.4.4;X.4.5;X.4.6;X.4.7;C.1.19;Y.1.10;Y.1.11;Y.1.12;Y.1.13;Y.1.14;Y.1.15;Y.1.16;C.3.1;C.3.5;C.3.9;Y.1.17;Y.1.18;Y.1.19;Y.1.20;Y.1.21;Y.1.22;Y.1.23;Y.1.24;Y.1.25;Y.1.26
Car,1744079674.007,10.637,17,1.000,Y.3.26;Y.3.25;Y.3.24;Y.3.23;Y.3.22;Y.3.21;Y.3.20;Y.3.19;Y.3.18;Y.3.17;C.3.7;X.6.7;X.6.6;X.6.5;X.6.4;X.6.3;X.6.2;X.6.1
Motorcycle,1744079671.349,16.864,35,1.250,X.4.1;X.4.2;X.4.3;X.4.4;X.4.5;X.4.6;X.4.7;C.1.13;C.1.14;C.1.15;X.4.8;X.4.9;X.4.10;X.4.11;X.4.12;C.2.19;Y.5.10;Y.5.11;Y.5.12;Y.5.13;Y.5.14;Y.5.15;Y.5.16;C.4.1;C.4.5;C.4.9;Y.5.17;Y.5.18;Y.5.19;Y.5.20;Y.5.21;Y.5.22;Y.5.23;Y.5.24;Y.5.25;Y.5.26
Car,1744079680.529,8.381,16,1.000,Y.1.1;Y.1.2;Y.1.3;Y.1.4;Y.1.5;Y.1.6;Y.1.7;Y.1.8;Y.1.9;C.1.17;X.1.7;X.1.6;X.1.5;X.1.4;X.1.3;X.1.2;X.1.1
Car,1744079675.674,14.814,27,1.000,Y.8.26;Y.8.25;Y.8.24;Y.8.23;Y.8.22;Y.8.21;Y.8.20;Y.8.19;Y.8.18;Y.8.17;C.4.16;C.4.12;C.4.8;Y.8.16;Y.8.15;Y.8.14;Y.8.13;Y.8.12;Y.8.11;Y.8.10;C.2.20;X.4.13;X.4.14;X.4.15;X.4.16;X.4.17;X.4.18;X.4.19
Car,1744079678.795,13.386,24,1.000,Y.5.1;Y.5.2;Y.5.3;Y.5.4;Y.5.5;Y.5.6;Y.5.7;Y.5.8;Y.5.9;C.2.17;X.1.12;X.1.11;X.1.10;X.1.9;X.1.8;C.1.4;C.1.3;C.1.2;X.1.7;X.1.6;X.1.5;X.1.4;X.1.3;X.1.2;X.1.1
Truck,1744079666.040,26.223,31,0.700,X.2.19;X.2.18;X.2.17;X.2.16;X.2.15;X.2.14;X.2.13;C.2.6;C.2.9;Y.5.10;Y.5.11;Y.5.12;Y.5.13;Y.5.14;Y.5.15;Y.5.16;C.4.17;X.5.12;X.5.11;X.5.10;X.5.9;X.5.8;C.3.4;C.3.3;C.3.2;X.5.7;X.5.6;X.5.5;X.5.4;X.5.3;X.5.2;X.5.1
Car,1744079683.991,9.204,16,1.000,Y.1.1;Y.1.2;Y.1.3;Y.1.4;Y.1.5;Y.1.6;Y.1.7;Y.1.8;Y.1.9;C.1.17;X.1.7;X.1.6;X.1.5;X.1.4;X.1.3;X.1.2;X.1.1
Truck,1744079677.088,16.591,22,0.700,X.4.1;X.4.2;X.4.3;X.4.4;X.4.5;X.4.6;X.4.7;C.1.19;Y.1.10;Y.1.11;Y.1.12;Y.1.13;Y.1.14;Y.1.15;Y.1.16;C.3.17;X.5.7;X.5.6;X.5.5;X.5.4;X.5.3;X.5.2;X.5.1
Motorcycle,1744079682.524,11.964,22,1.250,X.4.1;X.4.2;X.4.3;X.4.4;X.4.5;X.4.6;X.4.7;C.1.19;Y.1.10;Y.1.11;Y.1.12;Y.1.13;Y.1.14;Y.1.15;Y.1.16;C.3.17;X.5.7;X.5.6;X.5.5;X.5.4;X.5.3;X.5.2;X.5.1
Motorcycle,1744079669.370,25.403,41,1.250,X.2.19;X.2.18;X.2.17;X.2.16;X.2.15;X.2.14;X.2.13;C.2.6;C.2.9;Y.5.10;Y.5.11;Y.5.12;Y.5.13;Y.5.14;Y.5.15;Y.5.16;C.4.17;X.5.12;X.5.11;X.5.10;X.5.9;X.5.8;C.3.18;Y.4.16;Y.4.15;Y.4.14;Y.4.13;Y.4.12;Y.4.11;Y.4.10;C.1.16;C.1.12;C.1.8;Y.4.9;Y.4.8;Y.4.7;Y.4.6;Y.4.5;Y.4.4;Y.4.3;Y.4.2;Y.4.1
Motorcycle,1744079686.654,11.190,25,1.250,X.8.1;X.8.2;X.8.3;X.8.4;X.8.5;X.8.6;X.8.7;C.3.13;C.3.14;C.3.15;X.8.8;X.8.9;X.8.10;X.8.11;X.8.12;C.4.19;Y.5.17;Y.5.18;Y.5.19;Y.5.20;Y.5.21;Y.5.22;Y.5.23;Y.5.24;Y.5.25;Y.5.26
Car,1744079692.245,10.840,17,1.000,X.6.19;X.6.18;X.6.17;X.6.16;X.6.15;X.6.14;X.6.13;C.4.6;Y.6.17;Y.6.18;Y.6.19;Y.6.20;Y.6.21;Y.6.22;Y.6.23;Y.6.24;Y.6.25;Y.6.26
Truck,1744079685.414,18.399,24,0.700,Y.5.1;Y.5.2;Y.5.3;Y.5.4;Y.5.5;Y.5.6;Y.5.7;Y.5.8;Y.5.9;C.2.17;X.1.12;X.1.11;X.1.10;X.1.9;X.1.8;C.1.18;Y.4.9;Y.4.8;Y.4.7;Y.4.6;Y.4.5;Y.4.4;Y.4.3;Y.4.2;Y.4.1
Car,1744079688.188,16.640,27,1.000,X.7.1;X.7.2;X.7.3;X.7.4;X.7.5;X.7.6;X.7.7;C.3.11;C.3.8;Y.4.16;Y.4.15;Y.4.14;Y.4.13;Y.4.12;Y.4.11;Y.4.10;C.1.16;C.1.12;C.1.8;Y.4.9;Y.4.8;Y.4.7;Y.4.6;Y.4.5;Y.4.4;Y.4.3;Y.4.2;Y.4.1
Motorcycle,1744079693.613,12.717,26,1.250,Y.7.26;Y.7.25;Y.7.24;Y.7.23;Y.7.22;Y.7.21;Y.7.20;Y.7.19;Y.7.18;Y.7.17;C.4.7;C.4.2;X.5.12;X.5.11;X.5.10;X.5.9;X.5.8;C.3.4;C.3.3;C.3.2;X.5.7;X.5.6;X.5.5;X.5.4;X.5.3;X.5.2;X.5.1
Truck,1744079672.693,35.806,46,0.700,Y.4.26;Y.4.25;Y.4.24;Y.4.23;Y.4.22;Y.4.21;Y.4.20;Y.4.19;Y.4.18;Y.4.17;C.3.16;C.3.12;C.3.8;Y.4.16;Y.4.15;Y.4.14;Y.4.13;Y.4.12;Y.4.11;Y.4.10;C.1.20;X.4.8;X.4.9;X.4.10;X.4.11;X.4.12;C.2.19;Y.5.10;Y.5.11;Y.5.12;Y.5.13;Y.5.14;Y.5.15;Y.5.16;C.4.1;C.4.5;C.4.9;Y.5.17;Y.5.18;Y.5.19;Y.5.20;Y.5.21;Y.5.22;Y.5.23;Y.5.24;Y.5.25;Y.5.26
Car,1744079699.636,9.046,17,1.000,Y.8.26;Y.8.25;Y.8.24;Y.8.23;Y.8.22;Y.8.21;Y.8.20;Y.8.19;Y.8.18;Y.8.17;C.4.20;X.8.13;X.8.14;X.8.15;X.8.16;X.8.17;X.8.18;X.8.19
Schoolbus,1744079696.848,13.258,18,0.800,Y.3.26;Y.3.25;Y.3.24;Y.3.23;Y.3.22;Y.3.21;Y.3.20;Y.3.19;Y.3.18;Y.3.17;C.3.7;C.3.2;X.5.7;X.5.6;X.5.5;X.5.4;X.5.3;X.5.2;X.5.1
Motorcycle,1744079702.935,8.546,17,1.250,Y.3.26;Y.3.25;Y.3.24;Y.3.23;Y.3.22;Y.3.21;Y.3.20;Y.3.19;Y.3.18;Y.3.17;C.3.7;X.6.7;X.6.6;X.6.5;X.6.4;X.6.3;X.6.2;X.6.1
Motorcycle,1744079698.060,16.204,25,1.250,X.8.1;X.8.2;X.8.3;X.8.4;X.8.5;X.8.6;X.8.7;C.3.13;C.3.14;C.3.15;X.8.8;X.8.9;X.8.10;X.8.11;X.8.12;C.4.19;Y.5.17;Y.5.18;Y.5.19;Y.5.20;Y.5.21;Y.5.22;Y.5.23;Y.5.24;Y.5.25;Y.5.26
Semitruck,1744079694.979,22.532,24,0.600,X.8.1;X.8.2;X.8.3;X.8.4;X.8.5;X.8.6;X.8.7;C.3.13;C.3.14;C.3.15;X.8.8;X.8.9;X.8.10;X.8.11;X.8.12;C.4.13;C.4.14;C.4.15;X.8.13;X.8.14;X.8.15;X.8.16;X.8.17;X.8.18;X.8.19
Semitruck,1744079701.067,21.719,24,0.600,Y.5.1;Y.5.2;Y.5.3;Y.5.4;Y.5.5;Y.5.6;Y.5.7;Y.5.8;Y.5.9;C.2.17;X.1.12;X.1.11;X.1.10;X.1.9;X.1.8;C.1.18;Y.4.9;Y.4.8;Y.4.7;Y.4.6;Y.4.5;Y.4.4;Y.4.3;Y.4.2;Y.4.1
Motorcycle,1744079713.772,9.326,22,1.250,X.4.1;X.4.2;X.4.3;X.4.4;X.4.5;X.4.6;X.4.7;C.1.19;Y.1.10;Y.1.11;Y.1.12;Y.1.13;Y.1.14;Y.1.15;Y.1.16;C.3.17;X.5.7;X.5.6;X.5.5;X.5.4;X.5.3;X.5.2;X.5.1
Car,1744079708.114,16.723,24,1.000,Y.2.1;Y.2.2;Y.2.3;Y.2.4;Y.2.5;Y.2.6;Y.2.7;Y.2.8;Y.2.9;C.1.10;X.3.8;X.3.9;X.3.10;X.3.11;X.3.12;C.2.11;Y.7.9;Y.7.8;Y.7.7;Y.7.6;Y.7.5;Y.7.4;Y.7.3;Y.7.2;Y.7.1
Semitruck,1744079690.894,34.873,36,0.600,Y.2.1;Y.2.2;Y.2.3;Y.2.4;Y.2.5;Y.2.6;Y.2.7;Y.2.8;Y.2.9;C.1.10;C.1.15;X.4.8;X.4.9;X.4.10;X.4.11;X.4.12;C.2.19;Y.5.10;Y.5.11;Y.5.12;Y.5.13;Y.5.14;Y.5.15;Y.5.16;C.4.1;C.4.5;C.4.9;Y.5.17;Y.5.18;Y.5.19;Y.5.20;Y.5.21;Y.5.22;Y.5.23;Y.5.24;Y.5.25;Y.5.26
Police_Car,1744079717.267,10.335,17,1.000,X.3.1;X.3.2;X.3.3;X.3.4;X.3.5;X.3.6;X.3.7;C.1.11;C.1.8;Y.4.9;Y.4.8;Y.4.7;Y.4.6;Y.4.5;Y.4.4;Y.4.3;Y.4.2;Y.4.1
Car,1744079712.319,16.738,24,1.000,Y.2.1;Y.2.2;Y.2.3;Y.2.4;Y.2.5;Y.2.6;Y.2.7;Y.2.8;Y.2.9;C.1.10;X.3.8;X.3.9;X.3.10;X.3.11;X.3.12;C.2.11;Y.7.9;Y.7.8;Y.7.7;Y.7.6;Y.7.5;Y.7.4;Y.7.3;Y.7.2;Y.7.1
Car,1744079704.715,27.071,39,1.000,Y.2.1;Y.2.2;Y.2.3;Y.2.4;Y.2.5;Y.2.6;Y.2.7;Y.2.8;Y.2.9;C.1.10;C.1.15;X.4.8;X.4.9;X.4.10;X.4.11;X.4.12;C.2.19;Y.5.10;Y.5.11;Y.5.12;Y.5.13;Y.5.14;Y.5.15;Y.5.16;C.4.17;X.5.12;X.5.11;X.5.10;X.5.9;X.5.8;C.3.4;C.3.3;C.3.2;X.5.7;X.5.6;X.5.5;X.5.4;X.5.3;X.5.2;X.5.1
Motorcycle,1744079723.921,8.299,16,1.250,Y.6.1;Y.6.2;Y.6.3;Y.6.4;Y.6.5;Y.6.6;Y.6.7;Y.6.8;Y.6.9;C.2.10;X.3.13;X.3.14;X.3.15;X.3.16;X.3.17;X.3.18;X.3.19
Motorcycle,1744079709.492,23.108,31,1.250,X.2.19;X.2.18;X.2.17;X.2.16;X.2.15;X.2.14;X.2.13;C.2.6;C.2.9;Y.5.10;Y.5.11;Y.5.12;Y.5.13;Y.5.14;Y.5.15;Y.5.16;C.4.17;X.5.12;X.5.11;X.5.10;X.5.9;X.5.8;C.3.4;C.3.3;C.3.2;X.5.7;X.5.6;X.5.5;X.5.4;X.5.3;X.5.2;X.5.1
Car,1744079715.384,21.596,31,1.000,X.2.19;X.2.18;X.2.17;X.2.16;X.2.15;X.2.14;X.2.13;C.2.6;C.2.9;Y.5.10;Y.5.11;Y.5.12;Y.5.13;Y.5.14;Y.5.15;Y.5.16;C.4.17;X.5.12;X.5.11;X.5.10;X.5.9;X.5.8;C.3.4;C.3.3;C.3.2;X.5.7;X.5.6;X.5.5;X.5.4;X.5.3;X.5.2;X.5.1
Truck,1744079718.984,23.777,31,0.700,Y.5.1;Y.5.2;Y.5.3;Y.5.4;Y.5.5;Y.5.6;Y.5.7;Y.5.8;Y.5.9;C.2.1;C.2.5;C.2.9;Y.5.10;Y.5.11;Y.5.12;Y.5.13;Y.5.14;Y.5.15;Y.5.16;C.4.1;C.4.5;C.4.9;Y.5.17;Y.5.18;Y.5.19;Y.5.20;Y.5.21;Y.5.22;Y.5.23;Y.5.24;Y.5.25;Y.5.26
Truck,1744079706.277,37.748,45,0.700,X.2.19;X.2.18;X.2.17;X.2.16;X.2.15;X.2.14;X.2.13;C.2.6;C.2.9;Y.5.10;Y.5.11;Y.5.12;Y.5.13;Y.5.14;Y.5.15;Y.5.16;C.4.17;X.5.12;X.5.11;X.5.10;X.5.9;X.5.8;C.3.18;Y.4.16;Y.4.15;Y.4.14;Y.4.13;Y.4.12;Y.4.11;Y.4.10;C.1.20;X.4.8;X.4.9;X.4.10;X.4.11;X.4.12;C.2.13;C.2.14;C.2.15;X.4.13;X.4.14;X.4.15;X.4.16;X.4.17;X.4.18;X.4.19
Truck,1744079711.089,34.299,44,0.700,Y.5.1;Y.5.2;Y.5.3;Y.5.4;Y.5.5;Y.5.6;Y.5.7;Y.5.8;Y.5.9;C.2.1;C.2.5;C.2.9;Y.5.10;Y.5.11;Y.5.12;Y.5.13;Y.5.14;Y.5.15;Y.5.16;C.4.17;X.5.12;X.5.11;X.5.10;X.5.9;X.5.8;C.3.18;Y.4.16;Y.4.15;Y.4.14;Y.4.13;Y.4.12;Y.4.11;Y.4.10;C.1.16;C.1.12;C.1.8;Y.4.9;Y.4.8;Y.4.7;Y.4.6;Y.4.5;Y.4.4;Y.4.3;Y.4.2;Y.4.1
Truck,1744079730.918,15.052,18,0.700,Y.3.26;Y.3.25;Y.3.24;Y.3.23;Y.3.22;Y.3.21;Y.3.20;Y.3.19;Y.3.18;Y.3.17;C.3.7;C.3.2;X.5.7;X.5.6;X.5.5;X.5.4;X.5.3;X.5.2;X.5.1
Semitruck,1744079722.020,25.458,22,0.600,X.2.19;X.2.18;X.2.17;X.2.16;X.2.15;X.2.14;X.2.13;C.2.6;Y.6.10;Y.6.11;Y.6.12;Y.6.13;Y.6.14;Y.6.15;Y.6.16;C.4.10;X.7.13;X.7.14;X.7.15;X.7.16;X.7.17;X.7.18;X.7.19
Truck,1744079729.102,20.437,24,0.700,X.5.19;X.5.18;X.5.17;X.5.16;X.5.15;X.5.14;X.5.13;C.4.4;C.4.3;C.4.2;X.5.12;X.5.11;X.5.10;X.5.9;X.5.8;C.3.4;C.3.3;C.3.2;X.5.7;X.5.6;X.5.5;X.5.4;X.5.3;X.5.2;X.5.1
Police_Car,1744079742.207,8.582,16,1.000,X.1.19;X.1.18;X.1.17;X.1.16;X.1.15;X.1.14;X.1.13;C.2.18;Y.8.9;Y.8.8;Y.8.7;Y.8.6;Y.8.5;Y.8.4;Y.8.3;Y.8.2;Y.8.1
Truck,1744079725.761,25.592,23,0.700,X.2.19;X.2.18;X.2.17;X.2.16;X.2.15;X.2.14;X.2.13;C.2.6;Y.6.10;Y.6.11;Y.6.12;Y.6.13;Y.6.14;Y.6.15;Y.6.16;C.4.10;C.4.15;X.8.13;X.8.14;X.8.15;X.8.16;X.8.17;X.8.18;X.8.19
Car,1744079735.959,16.407,25,1.000,Y.4.26;Y.4.25;Y.4.24;Y.4.23;Y.4.22;Y.4.21;Y.4.20;Y.4.19;Y.4.18;Y.4.17;C.3.20;X.8.8;X.8.9;X.8.10;X.8.11;X.8.12;C.4.13;C.4.14;C.4.15;X.8.13;X.8.14;X.8.15;X.8.16;X.8.17;X.8.18;X.8.19
Truck,1744079689.489,64.242,80,0.700,X.4.1;X.4.2;X.4.3;X.4.4;X.4.5;X.4.6;X.4.7;C.1.13;C.1.14;C.1.15;X.4.8;X.4.9;X.4.10;X.4.11;X.4.12;C.2.19;Y.5.10;Y.5.11;Y.5.12;Y.5.13;Y.5.14;Y.5.15;Y.5.16;C.4.17;X.5.12;X.5.11;X.5.10;X.5.9;X.5.8;C.3.18;Y.4.16;Y.4.15;Y.4.14;Y.4.13;Y.4.12;Y.4.11;Y.4.10;C.1.20;X.4.8;X.4.9;X.4.10;X.4.11;X.4.12;C.2.19;Y.5.10;Y.5.11;Y.5.12;Y.5.13;Y.5.14;Y.5.15;Y.5.16;C.4.17;X.5.12;X.5.11;X.5.10;X.5.9;X.5.8;C.3.18;Y.4.16;Y.4.15;Y.4.14;Y.4.13;Y.4.12;Y.4.11;Y.4.10;C.1.20;X.4.8;X.4.9;X.4.10;X.4.11;X.4.12;C.2.13;C.2.14;C.2.15;X.4.13;X.4.14;X.4.15;X.4.16;X.4.17;X.4.18;X.4.19
Truck,1744079727.205,27.011,22,0.700,X.2.19;X.2.18;X.2.17;X.2.16;X.2.15;X.2.14;X.2.13;C.2.6;Y.6.10;Y.6.11;Y.6.12;Y.6.13;Y.6.14;Y.6.15;Y.6.16;C.4.10;X.7.13;X.7.14;X.7.15;X.7.16;X.7.17;X.7.18;X.7.19
Schoolbus,1744079740.746,14.588,17,0.800,Y.6.1;Y.6.2;Y.6.3;Y.6.4;Y.6.5;Y.6.6;Y.6.7;Y.6.8;Y.6.9;C.2.10;C.2.15;X.4.13;X.4.14;X.4.15;X.4.16;X.4.17;X.4.18;X.4.19
Truck,1744079720.599,34.917,44,0.700,Y.5.1;Y.5.2;Y.5.3;Y.5.4;Y.5.5;Y.5.6;Y.5.7;Y.5.8;Y.5.9;C.2.1;C.2.5;C.2.9;Y.5.10;Y.5.11;Y.5.12;Y.5.13;Y.5.14;Y.5.15;Y.5.16;C.4.17;X.5.12;X.5.11;X.5.10;X.5.9;X.5.8;C.3.18;Y.4.16;Y.4.15;Y.4.14;Y.4.13;Y.4.12;Y.4.11;Y.4.10;C.1.16;C.1.12;C.1.8;Y.4.9;Y.4.8;Y.4.7;Y.4.6;Y.4.5;Y.4.4;Y.4.3;Y.4.2;Y.4.1
Ambulance,1744079737.709,17.874,24,1.000,Y.2.1;Y.2.2;Y.2.3;Y.2.4;Y.2.5;Y.2.6;Y.2.7;Y.2.8;Y.2.9;C.1.10;X.3.8;X.3.9;X.3.10;X.3.11;X.3.12;C.2.11;Y.7.9;Y.7.8;Y.7.7;Y.7.6;Y.7.5;Y.7.4;Y.7.3;Y.7.2;Y.7.1
Truck,1744079732.372,24.813,26,0.700,Y.7.26;Y.7.25;Y.7.24;Y.7.23;Y.7.22;Y.7.21;Y.7.20;Y.7.19;Y.7.18;Y.7.17;C.4.7;X.6.12;X.6.11;X.6.10;X.6.9;X.6.8;C.3.6;Y.2.17;Y.2.18;Y.2.19;Y.2.20;Y.2.21;Y.2.22;Y.2.23;Y.2.24;Y.2.25;Y.2.26
Motorcycle,1744079739.275,18.253,25,1.250,Y.2.1;Y.2.2;Y.2.3;Y.2.4;Y.2.5;Y.2.6;Y.2.7;Y.2.8;Y.2.9;C.1.10;X.3.8;X.3.9;X.3.10;X.3.11;X.3.12;C.2.11;C.2.8;Y.8.9;Y.8.8;Y.8.7;Y.8.6;Y.8.5;Y.8.4;Y.8.3;Y.8.2;Y.8.1
Truck,1744079734.223,23.819,25,0.700,Y.2.1;Y.2.2;Y.2.3;Y.2.4;Y.2.5;Y.2.6;Y.2.7;Y.2.8;Y.2.9;C.1.10;C.1.15;X.4.8;X.4.9;X.4.10;X.4.11;X.4.12;C.2.13;C.2.14;C.2.15;X.4.13;X.4.14;X.4.15;X.4.16;X.4.17;X.4.18;X.4.19
Ambulance,1744079744.145,15.550,22,1.000,X.2.19;X.2.18;X.2.17;X.2.16;X.2.15;X.2.14;X.2.13;C.2.6;Y.6.10;Y.6.11;Y.6.12;Y.6.13;Y.6.14;Y.6.15;Y.6.16;C.4.10;X.7.13;X.7.14;X.7.15;X.7.16;X.7.17;X.7.18;X.7.19
Car,1744079751.013,10.143,16,1.000,X.3.1;X.3.2;X.3.3;X.3.4;X.3.5;X.3.6;X.3.7;C.1.11;Y.3.9;Y.3.8;Y.3.7;Y.3.6;Y.3.5;Y.3.4;Y.3.3;Y.3.2;Y.3.1
Schoolbus,1744079745.616,16.248,24,0.800,Y.5.1;Y.5.2;Y.5.3;Y.5.4;Y.5.5;Y.5.6;Y.5.7;Y.5.8;Y.5.9;C.2.17;X.1.12;X.1.11;X.1.10;X.1.9;X.1.8;C.1.18;Y.4.9;Y.4.8;Y.4.7;Y.4.6;Y.4.5;Y.4.4;Y.4.3;Y.4.2;Y.4.1
Car,1744079749.223,13.658,24,1.000,X.1.19;X.1.18;X.1.17;X.1.16;X.1.15;X.1.14;X.1.13;C.2.4;C.2.3;C.2.2;X.1.12;X.1.11;X.1.10;X.1.9;X.1.8;C.1.18;Y.4.9;Y.4.8;Y.4.7;Y.4.6;Y.4.5;Y.4.4;Y.4.3;Y.4.2;Y.4.1
Motorcycle,1744079755.865,8.574,17,1.250,Y.3.26;Y.3.25;Y.3.24;Y.3.23;Y.3.22;Y.3.21;Y.3.20;Y.3.19;Y.3.18;Y.3.17;C.3.7;X.6.7;X.6.6;X.6.5;X.6.4;X.6.3;X.6.2;X.6.1
Motorcycle,1744079753.872,10.745,24,1.250,Y.5.1;Y.5.2;Y.5.3;Y.5.4;Y.5.5;Y.5.6;Y.5.7;Y.5.8;Y.5.9;C.2.17;X.1.12;X.1.11;X.1.10;X.1.9;X.1.8;C.1.4;C.1.3;C.1.2;X.1.7;X.1.6;X.1.5;X.1.4;X.1.3;X.1.2;X.1.1
Motorcycle,1744079758.812,11.057,24,1.250,X.8.1;X.8.2;X.8.3;X.8.4;X.8.5;X.8.6;X.8.7;C.3.13;C.3.14;C.3.15;X.8.8;X.8.9;X.8.10;X.8.11;X.8.12;C.4.13;C.4.14;C.4.15;X.8.13;X.8.14;X.8.15;X.8.16;X.8.17;X.8.18;X.8.19
Truck,1744079747.432,23.830,31,0.700,Y.5.1;Y.5.2;Y.5.3;Y.5.4;Y.5.5;Y.5.6;Y.5.7;Y.5.8;Y.5.9;C.2.1;C.2.5;C.2.9;Y.5.10;Y.5.11;Y.5.12;Y.5.13;Y.5.14;Y.5.15;Y.5.16;C.4.1;C.4.5;C.4.9;Y.5.17;Y.5.18;Y.5.19;Y.5.20;Y.5.21;Y.5.22;Y.5.23;Y.5.24;Y.5.25;Y.5.26
Car,1744079757.387,14.286,26,1.000,X.5.19;X.5.18;X.5.17;X.5.16;X.5.15;X.5.14;X.5.13;C.4.18;Y.8.16;Y.8.15;Y.8.14;Y.8.13;Y.8.12;Y.8.11;Y.8.10;C.2.16;C.2.12;C.2.8;Y.8.9;Y.8.8;Y.8.7;Y.8.6;Y.8.5;Y.8.4;Y.8.3;Y.8.2;Y.8.1
Truck,1744079752.604,22.088,26,0.700,Y.7.26;Y.7.25;Y.7.24;Y.7.23;Y.7.22;Y.7.21;Y.7.20;Y.7.19;Y.7.18;Y.7.17;C.4.7;C.4.2;X.5.12;X.5.11;X.5.10;X.5.9;X.5.8;C.3.4;C.3.3;C.3.2;X.5.7;X.5.6;X.5.5;X.5.4;X.5.3;X.5.2;X.5.1
Car,1744079764.877,11.040,18,1.000,X.6.19;X.6.18;X.6.17;X.6.16;X.6.15;X.6.14;X.6.13;C.4.6;C.4.9;Y.5.17;Y.5.18;Y.5.19;Y.5.20;Y.5.21;Y.5.22;Y.5.23;Y.5.24;Y.5.25;Y.5.26
Ambulance,1744079767.929,10.463,17,1.000,Y.6.1;Y.6.2;Y.6.3;Y.6.4;Y.6.5;Y.6.6;Y.6.7;Y.6.8;Y.6.9;C.2.10;C.2.15;X.4.13;X.4.14;X.4.15;X.4.16;X.4.17;X.4.18;X.4.19
Motorcycle,1744079770.623,8.715,17,1.250,X.6.19;X.6.18;X.6.17;X.6.16;X.6.15;X.6.14;X.6.13;C.4.6;Y.6.17;Y.6.18;Y.6.19;Y.6.20;Y.6.21;Y.6.22;Y.6.23;Y.6.24;Y.6.25;Y.6.26
Schoolbus,1744079766.195,13.830,18,0.800,X.6.19;X.6.18;X.6.17;X.6.16;X.6.15;X.6.14;X.6.13;C.4.6;C.4.9;Y.5.17;Y.5.18;Y.5.19;Y.5.20;Y.5.21;Y.5.22;Y.5.23;Y.5.24;Y.5.25;Y.5.26
Motorcycle,1744079769.342,13.454,24,1.250,Y.2.1;Y.2.2;Y.2.3;Y.2.4;Y.2.5;Y.2.6;Y.2.7;Y.2.8;Y.2.9;C.1.10;X.3.8;X.3.9;X.3.10;X.3.11;X.3.12;C.2.11;Y.7.9;Y.7.8;Y.7.7;Y.7.6;Y.7.5;Y.7.4;Y.7.3;Y.7.2;Y.7.1
Motorcycle,1744079772.066,10.928,24,1.250,X.1.19;X.1.18;X.1.17;X.1.16;X.1.15;X.1.14;X.1.13;C.2.4;C.2.3;C.2.2;X.1.12;X.1.11;X.1.10;X.1.9;X.1.8;C.1.18;Y.4.9;Y.4.8;Y.4.7;Y.4.6;Y.4.5;Y.4.4;Y.4.3;Y.4.2;Y.4.1
Semitruck,1744079760.209,24.089,27,0.600,Y.8.26;Y.8.25;Y.8.24;Y.8.23;Y.8.22;Y.8.21;Y.8.20;Y.8.19;Y.8.18;Y.8.17;C.4.16;C.4.12;C.4.8;Y.8.16;Y.8.15;Y.8.14;Y.8.13;Y.8.12;Y.8.11;Y.8.10;C.2.20;X.4.13;X.4.14;X.4.15;X.4.16;X.4.17;X.4.18;X.4.19
Semitruck,1744079761.826,22.901,26,0.600,Y.1.1;Y.1.2;Y.1.3;Y.1.4;Y.1.5;Y.1.6;Y.1.7;Y.1.8;Y.1.9;C.1.1;C.1.5;C.1.9;Y.1.10;Y.1.11;Y.1.12;Y.1.13;Y.1.14;Y.1.15;Y.1.16;C.3.17;X.5.7;X.5.6;X.5.5;X.5.4;X.5.3;X.5.2;X.5.1
Motorcycle,1744079773.418,12.121,22,1.250,X.4.1;X.4.2;X.4.3;X.4.4;X.4.5;X.4.6;X.4.7;C.1.19;Y.1.10;Y.1.11;Y.1.12;Y.1.13;Y.1.14;Y.1.15;Y.1.16;C.3.17;X.5.7;X.5.6;X.5.5;X.5.4;X.5.3;X.5.2;X.5.1
Truck,1744079763.113,26.682,31,0.700,Y.1.1;Y.1.2;Y.1.3;Y.1.4;Y.1.5;Y.1.6;Y.1.7;Y.1.8;Y.1.9;C.1.1;C.1.5;C.1.9;Y.1.10;Y.1.11;Y.1.12;Y.1.13;Y.1.14;Y.1.15;Y.1.16;C.3.1;C.3.5;C.3.9;Y.1.17;Y.1.18;Y.1.19;Y.1.20;Y.1.21;Y.1.22;Y.1.23;Y.1.24;Y.1.25;Y.1.26
Car,1744079779.609,10.320,16,1.000,Y.6.1;Y.6.2;Y.6.3;Y.6.4;Y.6.5;Y.6.6;Y.6.7;Y.6.8;Y.6.9;C.2.10;X.3.13;X.3.14;X.3.15;X.3.16;X.3.17;X.3.18;X.3.19
Motorcycle,1744079776.689,14.413,27,1.250,Y.7.26;Y.7.25;Y.7.24;Y.7.23;Y.7.22;Y.7.21;Y.7.20;Y.7.19;Y.7.18;Y.7.17;C.4.7;X.6.12;X.6.11;X.6.10;X.6.9;X.6.8;C.3.6;C.3.9;Y.1.17;Y.1.18;Y.1.19;Y.1.20;Y.1.21;Y.1.22;Y.1.23;Y.1.24;Y.1.25;Y.1.26
Motorcycle,1744079784.589,8.290,16,1.250,Y.6.1;Y.6.2;Y.6.3;Y.6.4;Y.6.5;Y.6.6;Y.6.7;Y.6.8;Y.6.9;C.2.10;X.3.13;X.3.14;X.3.15;X.3.16;X.3.17;X.3.18;X.3.19
Ambulance,1744079783.103,10.106,16,1.000,X.3.1;X.3.2;X.3.3;X.3.4;X.3.5;X.3.6;X.3.7;C.1.11;Y.3.9;Y.3.8;Y.3.7;Y.3.6;Y.3.5;Y.3.4;Y.3.3;Y.3.2;Y.3.1
Motorcycle,1744079781.331,13.710,31,1.250,Y.8.26;Y.8.25;Y.8.24;Y.8.23;Y.8.22;Y.8.21;Y.8.20;Y.8.19;Y.8.18;Y.8.17;C.4.16;C.4.12;C.4.8;Y.8.16;Y.8.15;Y.8.14;Y.8.13;Y.8.12;Y.8.11;Y.8.10;C.2.16;C.2.12;C.2.8;Y.8.9;Y.8.8;Y.8.7;Y.8.6;Y.8.5;Y.8.4;Y.8.3;Y.8.2;Y.8.1
Car,1744079786.366,10.113,16,1.000,X.3.1;X.3.2;X.3.3;X.3.4;X.3.5;X.3.6;X.3.7;C.1.11;Y.3.9;Y.3.8;Y.3.7;Y.3.6;Y.3.5;Y.3.4;Y.3.3;Y.3.2;Y.3.1
Bulldozer,1744079774.711,27.106,24,0.500,X.5.19;X.5.18;X.5.17;X.5.16;X.5.15;X.5.14;X.5.13;C.4.4;C.4.3;C.4.2;X.5.12;X.5.11;X.5.10;X.5.9;X.5.8;C.3.4;C.3.3;C.3.2;X.5.7;X.5.6;X.5.5;X.5.4;X.5.3;X.5.2;X.5.1
Truck,1744079778.350,25.052,27,0.700,Y.7.26;Y.7.25;Y.7.24;Y.7.23;Y.7.22;Y.7.21;Y.7.20;Y.7.19;Y.7.18;Y.7.17;C.4.7;X.6.12;X.6.11;X.6.10;X.6.9;X.6.8;C.3.6;C.3.9;Y.1.17;Y.1.18;Y.1.19;Y.1.20;Y.1.21;Y.1.22;Y.1.23;Y.1.24;Y.1.25;Y.1.26
Motorcycle,1744079789.426,14.787,31,1.250,Y.1.1;Y.1.2;Y.1.3;Y.1.4;Y.1.5;Y.1.6;Y.1.7;Y.1.8;Y.1.9;C.1.1;C.1.5;C.1.9;Y.1.10;Y.1.11;Y.1.12;Y.1.13;Y.1.14;Y.1.15;Y.1.16;C.3.1;C.3.5;C.3.9;Y.1.17;Y.1.18;Y.1.19;Y.1.20;Y.1.21;Y.1.22;Y.1.23;Y.1.24;Y.1.25;Y.1.26
Motorcycle,1744079791.103,13.590,25,1.250,Y.2.1;Y.2.2;Y.2.3;Y.2.4;Y.2.5;Y.2.6;Y.2.7;Y.2.8;Y.2.9;C.1.10;X.3.8;X.3.9;X.3.10;X.3.11;X.3.12;C.2.11;C.2.8;Y.8.9;Y.8.8;Y.8.7;Y.8.6;Y.8.5;Y.8.4;Y.8.3;Y.8.2;Y.8.1
Truck,1744079792.512,18.904,24,0.700,X.1.19;X.1.18;X.1.17;X.1.16;X.1.15;X.1.14;X.1.13;C.2.4;C.2.3;C.2.2;X.1.12;X.1.11;X.1.10;X.1.9;X.1.8;C.1.18;Y.4.9;Y.4.8;Y.4.7;Y.4.6;Y.4.5;Y.4.4;Y.4.3;Y.4.2;Y.4.1
Car,1744079801.325,10.442,17,1.000,Y.6.1;Y.6.2;Y.6.3;Y.6.4;Y.6.5;Y.6.6;Y.6.7;Y.6.8;Y.6.9;C.2.10;C.2.15;X.4.13;X.4.14;X.4.15;X.4.16;X.4.17;X.4.18;X.4.19
Truck,1744079788.074,23.759,31,0.700,Y.8.26;Y.8.25;Y.8.24;Y.8.23;Y.8.22;Y.8.21;Y.8.20;Y.8.19;Y.8.18;Y.8.17;C.4.16;C.4.12;C.4.8;Y.8.16;Y.8.15;Y.8.14;Y.8.13;Y.8.12;Y.8.11;Y.8.10;C.2.16;C.2.12;C.2.8;Y.8.9;Y.8.8;Y.8.7;Y.8.6;Y.8.5;Y.8.4;Y.8.3;Y.8.2;Y.8.1
Truck,1744079794.501,20.304,27,0.700,X.4.1;X.4.2;X.4.3;X.4.4;X.4.5;X.4.6;X.4.7;C.1.19;Y.1.10;Y.1.11;Y.1.12;Y.1.13;Y.1.14;Y.1.15;Y.1.16;C.3.1;C.3.5;C.3.9;Y.1.17;Y.1.18;Y.1.19;Y.1.20;Y.1.21;Y.1.22;Y.1.23;Y.1.24;Y.1.25;Y.1.26
Truck,1744079798.304,16.686,22,0.700,X.5.19;X.5.18;X.5.17;X.5.16;X.5.15;X.5.14;X.5.13;C.4.18;Y.8.16;Y.8.15;Y.8.14;Y.8.13;Y.8.12;Y.8.11;Y.8.10;C.2.20;X.4.13;X.4.14;X.4.15;X.4.16;X.4.17;X.4.18;X.4.19
Car,1744079806.174,10.626,17,1.000,Y.3.26;Y.3.25;Y.3.24;Y.3.23;Y.3.22;Y.3.21;Y.3.20;Y.3.19;Y.3.18;Y.3.17;C.3.7;X.6.7;X.6.6;X.6.5;X.6.4;X.6.3;X.6.2;X.6.1
Car,1744079799.935,17.082,31,1.000,Y.8.26;Y.8.25;Y.8.24;Y.8.23;Y.8.22;Y.8.21;Y.8.20;Y.8.19;Y.8.18;Y.8.17;C.4.16;C.4.12;C.4.8;Y.8.16;Y.8.15;Y.8.14;Y.8.13;Y.8.12;Y.8.11;Y.8.10;C.2.16;C.2.12;C.2.8;Y.8.9;Y.8.8;Y.8.7;Y.8.6;Y.8.5;Y.8.4;Y.8.3;Y.8.2;Y.8.1
Car,1744079808.068,10.125,16,1.000,X.3.1;X.3.2;X.3.3;X.3.4;X.3.5;X.3.6;X.3.7;C.1.11;Y.3.9;Y.3.8;Y.3.7;Y.3.6;Y.3.5;Y.3.4;Y.3.3;Y.3.2;Y.3.1
Motorcycle,1744079804.530,18.810,36,1.250,Y.2.1;Y.2.2;Y.2.3;Y.2.4;Y.2.5;Y.2.6;Y.2.7;Y.2.8;Y.2.9;C.1.10;C.1.15;X.4.8;X.4.9;X.4.10;X.4.11;X.4.12;C.2.19;Y.5.10;Y.5.11;Y.5.12;Y.5.13;Y.5.14;Y.5.15;Y.5.16;C.4.1;C.4.5;C.4.9;Y.5.17;Y.5.18;Y.5.19;Y.5.20;Y.5.21;Y.5.22;Y.5.23;Y.5.24;Y.5.25;Y.5.26
Car,1744079815.311,8.872,17,1.000,X.8.1;X.8.2;X.8.3;X.8.4;X.8.5;X.8.6;X.8.7;C.3.19;Y.1.17;Y.1.18;Y.1.19;Y.1.20;Y.1.21;Y.1.22;Y.1.23;Y.1.24;Y.1.25;Y.1.26
Truck,1744079802.910,24.303,31,0.700,Y.1.1;Y.1.2;Y.1.3;Y.1.4;Y.1.5;Y.1.6;Y.1.7;Y.1.8;Y.1.9;C.1.1;C.1.5;C.1.9;Y.1.10;Y.1.11;Y.1.12;Y.1.13;Y.1.14;Y.1.15;Y.1.16;C.3.1;C.3.5;C.3.9;Y.1.17;Y.1.18;Y.1.19;Y.1.20;Y.1.21;Y.1.22;Y.1.23;Y.1.24;Y.1.25;Y.1.26
Motorcycle,1744079820.039,8.319,16,1.250,Y.6.1;Y.6.2;Y.6.3;Y.6.4;Y.6.5;Y.6.6;Y.6.7;Y.6.8;Y.6.9;C.2.10;X.3.13;X.3.14;X.3.15;X.3.16;X.3.17;X.3.18;X.3.19
Truck,1744079796.471,32.584,39,0.700,Y.2.1;Y.2.2;Y.2.3;Y.2.4;Y.2.5;Y.2.6;Y.2.7;Y.2.8;Y.2.9;C.1.10;C.1.15;X.4.8;X.4.9;X.4.10;X.4.11;X.4.12;C.2.19;Y.5.10;Y.5.11;Y.5.12;Y.5.13;Y.5.14;Y.5.15;Y.5.16;C.4.17;X.5.12;X.5.11;X.5.10;X.5.9;X.5.8;C.3.4;C.3.3;C.3.2;X.5.7;X.5.6;X.5.5;X.5.4;X.5.3;X.5.2;X.5.1
Truck,1744079809.985,19.328,25,0.700,X.8.1;X.8.2;X.8.3;X.8.4;X.8.5;X.8.6;X.8.7;C.3.13;C.3.14;C.3.15;X.8.8;X.8.9;X.8.10;X.8.11;X.8.12;C.4.19;Y.5.17;Y.5.18;Y.5.19;Y.5.20;Y.5.21;Y.5.22;Y.5.23;Y.5.24;Y.5.25;Y.5.26
Police_Car,1744079818.514,11.541,18,1.000,Y.3.26;Y.3.25;Y.3.24;Y.3.23;Y.3.22;Y.3.21;Y.3.20;Y.3.19;Y.3.18;Y.3.17;C.3.7;C.3.2;X.5.7;X.5.6;X.5.5;X.5.4;X.5.3;X.5.2;X.5.1
Car,1744079813.355,17.743,26,1.000,Y.7.26;Y.7.25;Y.7.24;Y.7.23;Y.7.22;Y.7.21;Y.7.20;Y.7.19;Y.7.18;Y.7.17;C.4.7;X.6.12;X.6.11;X.6.10;X.6.9;X.6.8;C.3.6;Y.2.17;Y.2.18;Y.2.19;Y.2.20;Y.2.21;Y.2.22;Y.2.23;Y.2.24;Y.2.25;Y.2.26
Truck,1744079816.936,18.946,24,0.700,X.1.19;X.1.18;X.1.17;X.1.16;X.1.15;X.1.14;X.1.13;C.2.4;C.2.3;C.2.2;X.1.12;X.1.11;X.1.10;X.1.9;X.1.8;C.1.18;Y.4.9;Y.4.8;Y.4.7;Y.4.6;Y.4.5;Y.4.4;Y.4.3;Y.4.2;Y.4.1
Motorcycle,1744079824.510,12.153,22,1.250,X.7.1;X.7.2;X.7.3;X.7.4;X.7.5;X.7.6;X.7.7;C.3.11;Y.3.16;Y.3.15;Y.3.14;Y.3.13;Y.3.12;Y.3.11;Y.3.10;C.1.7;X.2.7;X.2.6;X.2.5;X.2.4;X.2.3;X.2.2;X.2.1
Car,1744079821.286,15.610,24,1.000,Y.5.1;Y.5.2;Y.5.3;Y.5.4;Y.5.5;Y.5.6;Y.5.7;Y.5.8;Y.5.9;C.2.17;X.1.12;X.1.11;X.1.10;X.1.9;X.1.8;C.1.18;Y.4.9;Y.4.8;Y.4.7;Y.4.6;Y.4.5;Y.4.4;Y.4.3;Y.4.2;Y.4.1
Ambulance,1744079830.331,8.579,16,1.000,X.1.19;X.1.18;X.1.17;X.1.16;X.1.15;X.1.14;X.1.13;C.2.18;Y.8.9;Y.8.8;Y.8.7;Y.8.6;Y.8.5;Y.8.4;Y.8.3;Y.8.2;Y.8.1
Ambulance,1744079828.792,10.336,16,1.000,Y.6.1;Y.6.2;Y.6.3;Y.6.4;Y.6.5;Y.6.6;Y.6.7;Y.6.8;Y.6.9;C.2.10;X.3.13;X.3.14;X.3.15;X.3.16;X.3.17;X.3.18;X.3.19
Car,1744079823.219,17.755,26,1.000,Y.7.26;Y.7.25;Y.7.24;Y.7.23;Y.7.22;Y.7.21;Y.7.20;Y.7.19;Y.7.18;Y.7.17;C.4.7;X.6.12;X.6.11;X.6.10;X.6.9;X.6.8;C.3.6;Y.2.17;Y.2.18;Y.2.19;Y.2.20;Y.2.21;Y.2.22;Y.2.23;Y.2.24;Y.2.25;Y.2.26
Motorcycle,1744079832.831,8.588,17,1.250,Y.3.26;Y.3.25;Y.3.24;Y.3.23;Y.3.22;Y.3.21;Y.3.20;Y.3.19;Y.3.18;Y.3.17;C.3.7;X.6.7;X.6.6;X.6.5;X.6.4;X.6.3;X.6.2;X.6.1
Ambulance,1744079825.919,18.773,31,1.000,X.2.19;X.2.18;X.2.17;X.2.16;X.2.15;X.2.14;X.2.13;C.2.6;C.2.9;Y.5.10;Y.5.11;Y.5.12;Y.5.13;Y.5.14;Y.5.15;Y.5.16;C.4.17;X.5.12;X.5.11;X.5.10;X.5.9;X.5.8;C.3.4;C.3.3;C.3.2;X.5.7;X.5.6;X.5.5;X.5.4;X.5.3;X.5.2;X.5.1
Police_Car,1744079831.600,14.519,24,1.000,X.5.19;X.5.18;X.5.17;X.5.16;X.5.15;X.5.14;X.5.13;C.4.4;C.4.3;C.4.2;X.5.12;X.5.11;X.5.10;X.5.9;X.5.8;C.3.4;C.3.3;C.3.2;X.5.7;X.5.6;X.5.5;X.5.4;X.5.3;X.5.2;X.5.1
Truck,1744079811.900,34.318,44,0.700,Y.5.1;Y.5.2;Y.5.3;Y.5.4;Y.5.5;Y.5.6;Y.5.7;Y.5.8;Y.5.9;C.2.1;C.2.5;C.2.9;Y.5.10;Y.5.11;Y.5.12;Y.5.13;Y.5.14;Y.5.15;Y.5.16;C.4.17;X.5.12;X.5.11;X.5.10;X.5.9;X.5.8;C.3.18;Y.4.16;Y.4.15;Y.4.14;Y.4.13;Y.4.12;Y.4.11;Y.4.10;C.1.16;C.1.12;C.1.8;Y.4.9;Y.4.8;Y.4.7;Y.4.6;Y.4.5;Y.4.4;Y.4.3;Y.4.2;Y.4.1
Truck,1744079834.617,12.635,17,0.700,Y.8.26;Y.8.25;Y.8.24;Y.8.23;Y.8.22;Y.8.21;Y.8.20;Y.8.19;Y.8.18;Y.8.17;C.4.20;X.8.13;X.8.14;X.8.15;X.8.16;X.8.17;X.8.18;X.8.19
Motorcycle,1744079837.855,12.883,27,1.250,X.7.1;X.7.2;X.7.3;X.7.4;X.7.5;X.7.6;X.7.7;C.3.11;C.3.8;Y.4.16;Y.4.15;Y.4.14;Y.4.13;Y.4.12;Y.4.11;Y.4.10;C.1.16;C.1.12;C.1.8;Y.4.9;Y.4.8;Y.4.7;Y.4.6;Y.4.5;Y.4.4;Y.4.3;Y.4.2;Y.4.1
Motorcycle,1744079842.888,8.578,17,1.250,Y.3.26;Y.3.25;Y.3.24;Y.3.23;Y.3.22;Y.3.21;Y.3.20;Y.3.19;Y.3.18;Y.3.17;C.3.7;X.6.7;X.6.6;X.6.5;X.6.4;X.6.3;X.6.2;X.6.1
Bulldozer,1744079827.546,27.805,25,0.500,Y.4.26;Y.4.25;Y.4.24;Y.4.23;Y.4.22;Y.4.21;Y.4.20;Y.4.19;Y.4.18;Y.4.17;C.3.20;X.8.8;X.8.9;X.8.10;X.8.11;X.8.12;C.4.13;C.4.14;C.4.15;X.8.13;X.8.14;X.8.15;X.8.16;X.8.17;X.8.18;X.8.19
Police_Car,1744079839.775,16.087,22,1.000,X.2.19;X.2.18;X.2.17;X.2.16;X.2.15;X.2.14;X.2.13;C.2.6;Y.6.10;Y.6.11;Y.6.12;Y.6.13;Y.6.14;Y.6.15;Y.6.16;C.4.10;X.7.13;X.7.14;X.7.15;X.7.16;X.7.17;X.7.18;X.7.19
Ambulance,1744079847.524,8.388,16,1.000,Y.1.1;Y.1.2;Y.1.3;Y.1.4;Y.1.5;Y.1.6;Y.1.7;Y.1.8;Y.1.9;C.1.17;X.1.7;X.1.6;X.1.5;X.1.4;X.1.3;X.1.2;X.1.1
Car,1744079835.904,20.452,23,1.000,X.2.19;X.2.18;X.2.17;X.2.16;X.2.15;X.2.14;X.2.13;C.2.6;Y.6.10;Y.6.11;Y.6.12;Y.6.13;Y.6.14;Y.6.15;Y.6.16;C.4.10;C.4.15;X.8.13;X.8.14;X.8.15;X.8.16;X.8.17;X.8.18;X.8.19
Ambulance,1744079841.026,16.923,25,1.000,Y.2.1;Y.2.2;Y.2.3;Y.2.4;Y.2.5;Y.2.6;Y.2.7;Y.2.8;Y.2.9;C.1.10;X.3.8;X.3.9;X.3.10;X.3.11;X.3.12;C.2.11;C.2.8;Y.8.9;Y.8.8;Y.8.7;Y.8.6;Y.8.5;Y.8.4;Y.8.3;Y.8.2;Y.8.1
Truck,1744079844.377,15.413,18,0.700,X.6.19;X.6.18;X.6.17;X.6.16;X.6.15;X.6.14;X.6.13;C.4.6;C.4.9;Y.5.17;Y.5.18;Y.5.19;Y.5.20;Y.5.21;Y.5.22;Y.5.23;Y.5.24;Y.5.25;Y.5.26
Police_Car,1744079846.196,14.092,25,1.000,Y.4.26;Y.4.25;Y.4.24;Y.4.23;Y.4.22;Y.4.21;Y.4.20;Y.4.19;Y.4.18;Y.4.17;C.3.20;X.8.8;X.8.9;X.8.10;X.8.11;X.8.12;C.4.13;C.4.14;C.4.15;X.8.13;X.8.14;X.8.15;X.8.16;X.8.17;X.8.18;X.8.19
Truck,1744079850.678,14.128,16,0.700,X.3.1;X.3.2;X.3.3;X.3.4;X.3.5;X.3.6;X.3.7;C.1.11;Y.3.9;Y.3.8;Y.3.7;Y.3.6;Y.3.5;Y.3.4;Y.3.3;Y.3.2;Y.3.1
Car,1744079856.823,8.545,16,1.000,X.1.19;X.1.18;X.1.17;X.1.16;X.1.15;X.1.14;X.1.13;C.2.18;Y.8.9;Y.8.8;Y.8.7;Y.8.6;Y.8.5;Y.8.4;Y.8.3;Y.8.2;Y.8.1
Truck,1744079848.990,19.136,24,0.700,X.4.1;X.4.2;X.4.3;X.4.4;X.4.5;X.4.6;X.4.7;C.1.13;C.1.14;C.1.15;X.4.8;X.4.9;X.4.10;X.4.11;X.4.12;C.2.13;C.2.14;C.2.15;X.4.13;X.4.14;X.4.15;X.4.16;X.4.17;X.4.18;X.4.19
Motorcycle,1744079858.174,10.566,24,1.250,Y.5.1;Y.5.2;Y.5.3;Y.5.4;Y.5.5;Y.5.6;Y.5.7;Y.5.8;Y.5.9;C.2.17;X.1.12;X.1.11;X.1.10;X.1.9;X.1.8;C.1.18;Y.4.9;Y.4.8;Y.4.7;Y.4.6;Y.4.5;Y.4.4;Y.4.3;Y.4.2;Y.4.1
Police_Car,1744079859.384,13.360,24,1.000,Y.5.1;Y.5.2;Y.5.3;Y.5.4;Y.5.5;Y.5.6;Y.5.7;Y.5.8;Y.5.9;C.2.17;X.1.12;X.1.11;X.1.10;X.1.9;X.1.8;C.1.4;C.1.3;C.1.2;X.1.7;X.1.6;X.1.5;X.1.4;X.1.3;X.1.2;X.1.1
Truck,1744079852.478,23.768,31,0.700,Y.4.26;Y.4.25;Y.4.24;Y.4.23;Y.4.22;Y.4.21;Y.4.20;Y.4.19;Y.4.18;Y.4.17;C.3.16;C.3.12;C.3.8;Y.4.16;Y.4.15;Y.4.14;Y.4.13;Y.4.12;Y.4.11;Y.4.10;C.1.16;C.1.12;C.1.8;Y.4.9;Y.4.8;Y.4.7;Y.4.6;Y.4.5;Y.4.4;Y.4.3;Y.4.2;Y.4.1
Truck,1744079854.215,22.048,26,0.700,Y.7.26;Y.7.25;Y.7.24;Y.7.23;Y.7.22;Y.7.21;Y.7.20;Y.7.19;Y.7.18;Y.7.17;C.4.7;C.4.2;X.5.12;X.5.11;X.5.10;X.5.9;X.5.8;C.3.4;C.3.3;C.3.2;X.5.7;X.5.6;X.5.5;X.5.4;X.5.3;X.5.2;X.5.1
Truck,1744079863.030,14.146,16,0.700,X.3.1;X.3.2;X.3.3;X.3.4;X.3.5;X.3.6;X.3.7;C.1.11;Y.3.9;Y.3.8;Y.3.7;Y.3.6;Y.3.5;Y.3.4;Y.3.3;Y.3.2;Y.3.1
Car,1744079864.316,14.291,26,1.000,X.5.19;X.5.18;X.5.17;X.5.16;X.5.15;X.5.14;X.5.13;C.4.18;Y.8.16;Y.8.15;Y.8.14;Y.8.13;Y.8.12;Y.8.11;Y.8.10;C.2.16;C.2.12;C.2.8;Y.8.9;Y.8.8;Y.8.7;Y.8.6;Y.8.5;Y.8.4;Y.8.3;Y.8.2;Y.8.1
Motorcycle,1744079872.796,6.927,16,1.250,X.1.19;X.1.18;X.1.17;X.1.16;X.1.15;X.1.14;X.1.13;C.2.18;Y.8.9;Y.8.8;Y.8.7;Y.8.6;Y.8.5;Y.8.4;Y.8.3;Y.8.2;Y.8.1
Car,1744079871.153,10.473,17,1.000,Y.6.1;Y.6.2;Y.6.3;Y.6.4;Y.6.5;Y.6.6;Y.6.7;Y.6.8;Y.6.9;C.2.10;C.2.15;X.4.13;X.4.14;X.4.15;X.4.16;X.4.17;X.4.18;X.4.19
Truck,1744079855.549,26.525,26,0.700,Y.7.26;Y.7.25;Y.7.24;Y.7.23;Y.7.22;Y.7.21;Y.7.20;Y.7.19;Y.7.18;Y.7.17;C.4.7;X.6.12;X.6.11;X.6.10;X.6.9;X.6.8;C.3.6;Y.2.17;Y.2.18;Y.2.19;Y.2.20;Y.2.21;Y.2.22;Y.2.23;Y.2.24;Y.2.25;Y.2.26
Motorcycle,1744079869.697,12.624,23,1.250,X.2.19;X.2.18;X.2.17;X.2.16;X.2.15;X.2.14;X.2.13;C.2.6;Y.6.10;Y.6.11;Y.6.12;Y.6.13;Y.6.14;Y.6.15;Y.6.16;C.4.10;C.4.15;X.8.13;X.8.14;X.8.15;X.8.16;X.8.17;X.8.18;X.8.19
Semitruck,1744079865.962,18.828,22,0.600,X.4.1;X.4.2;X.4.3;X.4.4;X.4.5;X.4.6;X.4.7;C.1.19;Y.1.10;Y.1.11;Y.1.12;Y.1.13;Y.1.14;Y.1.15;Y.1.16;C.3.17;X.5.7;X.5.6;X.5.5;X.5.4;X.5.3;X.5.2;X.5.1
Semitruck,1744079861.204,24.666,22,0.600,X.7.1;X.7.2;X.7.3;X.7.4;X.7.5;X.7.6;X.7.7;C.3.11;Y.3.16;Y.3.15;Y.3.14;Y.3.13;Y.3.12;Y.3.11;Y.3.10;C.1.7;X.2.7;X.2.6;X.2.5;X.2.4;X.2.3;X.2.2;X.2.1
Motorcycle,1744079876.456,12.609,23,1.250,X.2.19;X.2.18;X.2.17;X.2.16;X.2.15;X.2.14;X.2.13;C.2.6;Y.6.10;Y.6.11;Y.6.12;Y.6.13;Y.6.14;Y.6.15;Y.6.16;C.4.10;C.4.15;X.8.13;X.8.14;X.8.15;X.8.16;X.8.17;X.8.18;X.8.19
Semitruck,1744079867.887,21.756,24,0.600,Y.5.1;Y.5.2;Y.5.3;Y.5.4;Y.5.5;Y.5.6;Y.5.7;Y.5.8;Y.5.9;C.2.17;X.1.12;X.1.11;X.1.10;X.1.9;X.1.8;C.1.18;Y.4.9;Y.4.8;Y.4.7;Y.4.6;Y.4.5;Y.4.4;Y.4.3;Y.4.2;Y.4.1
Car,1744079874.661,15.992,24,1.000,X.1.19;X.1.18;X.1.17;X.1.16;X.1.15;X.1.14;X.1.13;C.2.4;C.2.3;C.2.2;X.1.12;X.1.11;X.1.10;X.1.9;X.1.8;C.1.18;Y.4.9;Y.4.8;Y.4.7;Y.4.6;Y.4.5;Y.4.4;Y.4.3;Y.4.2;Y.4.1
Car,1744079881.414,9.320,17,1.000,Y.8.26;Y.8.25;Y.8.24;Y.8.23;Y.8.22;Y.8.21;Y.8.20;Y.8.19;Y.8.18;Y.8.17;C.4.20;X.8.13;X.8.14;X.8.15;X.8.16;X.8.17;X.8.18;X.8.19
Car,1744079880.055,11.058,18,1.000,X.6.19;X.6.18;X.6.17;X.6.16;X.6.15;X.6.14;X.6.13;C.4.6;C.4.9;Y.5.17;Y.5.18;Y.5.19;Y.5.20;Y.5.21;Y.5.22;Y.5.23;Y.5.24;Y.5.25;Y.5.26
Motorcycle,1744079878.379,13.762,31,1.250,Y.8.26;Y.8.25;Y.8.24;Y.8.23;Y.8.22;Y.8.21;Y.8.20;Y.8.19;Y.8.18;Y.8.17;C.4.16;C.4.12;C.4.8;Y.8.16;Y.8.15;Y.8.14;Y.8.13;Y.8.12;Y.8.11;Y.8.10;C.2.16;C.2.12;C.2.8;Y.8.9;Y.8.8;Y.8.7;Y.8.6;Y.8.5;Y.8.4;Y.8.3;Y.8.2;Y.8.1
Truck,1744079886.474,11.584,16,0.700,Y.1.1;Y.1.2;Y.1.3;Y.1.4;Y.1.5;Y.1.6;Y.1.7;Y.1.8;Y.1.9;C.1.17;X.1.7;X.1.6;X.1.5;X.1.4;X.1.3;X.1.2;X.1.1
Car,1744079884.812,13.559,24,1.000,X.1.19;X.1.18;X.1.17;X.1.16;X.1.15;X.1.14;X.1.13;C.2.4;C.2.3;C.2.2;X.1.12;X.1.11;X.1.10;X.1.9;X.1.8;C.1.18;Y.4.9;Y.4.8;Y.4.7;Y.4.6;Y.4.5;Y.4.4;Y.4.3;Y.4.2;Y.4.1
Truck,1744079882.938,16.096,22,0.700,X.4.1;X.4.2;X.4.3;X.4.4;X.4.5;X.4.6;X.4.7;C.1.19;Y.1.10;Y.1.11;Y.1.12;Y.1.13;Y.1.14;Y.1.15;Y.1.16;C.3.17;X.5.7;X.5.6;X.5.5;X.5.4;X.5.3;X.5.2;X.5.1
Car,1744079887.966,17.055,31,1.000,Y.8.26;Y.8.25;Y.8.24;Y.8.23;Y.8.22;Y.8.21;Y.8.20;Y.8.19;Y.8.18;Y.8.17;C.4.16;C.4.12;C.4.8;Y.8.16;Y.8.15;Y.8.14;Y.8.13;Y.8.12;Y.8.11;Y.8.10;C.2.16;C.2.12;C.2.8;Y.8.9;Y.8.8;Y.8.7;Y.8.6;Y.8.5;Y.8.4;Y.8.3;Y.8.2;Y.8.1
Schoolbus,1744079894.568,11.117,17,0.800,Y.8.26;Y.8.25;Y.8.24;Y.8.23;Y.8.22;Y.8.21;Y.8.20;Y.8.19;Y.8.18;Y.8.17;C.4.20;X.8.13;X.8.14;X.8.15;X.8.16;X.8.17;X.8.18;X.8.19
Semitruck,1744079889.543,17.246,17,0.600,Y.3.26;Y.3.25;Y.3.24;Y.3.23;Y.3.22;Y.3.21;Y.3.20;Y.3.19;Y.3.18;Y.3.17;C.3.7;X.6.7;X.6.6;X.6.5;X.6.4;X.6.3;X.6.2;X.6.1
Car,1744079891.296,16.894,25,1.000,Y.2.1;Y.2.2;Y.2.3;Y.2.4;Y.2.5;Y.2.6;Y.2.7;Y.2.8;Y.2.9;C.1.10;X.3.8;X.3.9;X.3.10;X.3.11;X.3.12;C.2.11;C.2.8;Y.8.9;Y.8.8;Y.8.7;Y.8.6;Y.8.5;Y.8.4;Y.8.3;Y.8.2;Y.8.1
Motorcycle,1744079899.334,8.889,18,1.250,X.6.19;X.6.18;X.6.17;X.6.16;X.6.15;X.6.14;X.6.13;C.4.6;C.4.9;Y.5.17;Y.5.18;Y.5.19;Y.5.20;Y.5.21;Y.5.22;Y.5.23;Y.5.24;Y.5.25;Y.5.26
Motorcycle,1744079895.985,12.570,23,1.250,X.2.19;X.2.18;X.2.17;X.2.16;X.2.15;X.2.14;X.2.13;C.2.6;Y.6.10;Y.6.11;Y.6.12;Y.6.13;Y.6.14;Y.6.15;Y.6.16;C.4.10;C.4.15;X.8.13;X.8.14;X.8.15;X.8.16;X.8.17;X.8.18;X.8.19
Motorcycle,1744079897.390,11.797,26,1.250,Y.4.26;Y.4.25;Y.4.24;Y.4.23;Y.4.22;Y.4.21;Y.4.20;Y.4.19;Y.4.18;Y.4.17;C.3.20;X.8.8;X.8.9;X.8.10;X.8.11;X.8.12;C.4.19;Y.5.17;Y.5.18;Y.5.19;Y.5.20;Y.5.21;Y.5.22;Y.5.23;Y.5.24;Y.5.25;Y.5.26
Schoolbus,1744079893.067,16.352,18,0.800,Y.3.26;Y.3.25;Y.3.24;Y.3.23;Y.3.22;Y.3.21;Y.3.20;Y.3.19;Y.3.18;Y.3.17;C.3.7;C.3.2;X.5.7;X.5.6;X.5.5;X.5.4;X.5.3;X.5.2;X.5.1
Motorcycle,1744079902.338,10.937,24,1.250,X.1.19;X.1.18;X.1.17;X.1.16;X.1.15;X.1.14;X.1.13;C.2.4;C.2.3;C.2.2;X.1.12;X.1.11;X.1.10;X.1.9;X.1.8;C.1.18;Y.4.9;Y.4.8;Y.4.7;Y.4.6;Y.4.5;Y.4.4;Y.4.3;Y.4.2;Y.4.1
Car,1744079906.827,10.464,17,1.000,Y.6.1;Y.6.2;Y.6.3;Y.6.4;Y.6.5;Y.6.6;Y.6.7;Y.6.8;Y.6.9;C.2.10;C.2.15;X.4.13;X.4.14;X.4.15;X.4.16;X.4.17;X.4.18;X.4.19
Truck,1744079903.827,14.393,17,0.700,X.3.1;X.3.2;X.3.3;X.3.4;X.3.5;X.3.6;X.3.7;C.1.11;C.1.8;Y.4.9;Y.4.8;Y.4.7;Y.4.6;Y.4.5;Y.4.4;Y.4.3;Y.4.2;Y.4.1
Police_Car,1744079900.566,18.691,27,1.000,X.7.1;X.7.2;X.7.3;X.7.4;X.7.5;X.7.6;X.7.7;C.3.11;C.3.8;Y.4.16;Y.4.15;Y.4.14;Y.4.13;Y.4.12;Y.4.11;Y.4.10;C.1.16;C.1.12;C.1.8;Y.4.9;Y.4.8;Y.4.7;Y.4.6;Y.4.5;Y.4.4;Y.4.3;Y.4.2;Y.4.1
Car,1744079911.912,11.028,18,1.000,X.6.19;X.6.18;X.6.17;X.6.16;X.6.15;X.6.14;X.6.13;C.4.6;C.4.9;Y.5.17;Y.5.18;Y.5.19;Y.5.20;Y.5.21;Y.5.22;Y.5.23;Y.5.24;Y.5.25;Y.5.26
Motorcycle,1744079916.448,8.559,17,1.250,Y.3.26;Y.3.25;Y.3.24;Y.3.23;Y.3.22;Y.3.21;Y.3.20;Y.3.19;Y.3.18;Y.3.17;C.3.7;X.6.7;X.6.6;X.6.5;X.6.4;X.6.3;X.6.2;X.6.1
Bulldozer,1744079905.428,19.995,16,0.500,X.3.1;X.3.2;X.3.3;X.3.4;X.3.5;X.3.6;X.3.7;C.1.11;Y.3.9;Y.3.8;Y.3.7;Y.3.6;Y.3.5;Y.3.4;Y.3.3;Y.3.2;Y.3.1
Motorcycle,1744079915.140,11.023,24,1.250,X.4.1;X.4.2;X.4.3;X.4.4;X.4.5;X.4.6;X.4.7;C.1.13;C.1.14;C.1.15;X.4.8;X.4.9;X.4.10;X.4.11;X.4.12;C.2.13;C.2.14;C.2.15;X.4.13;X.4.14;X.4.15;X.4.16;X.4.17;X.4.18;X.4.19
Schoolbus,1744079917.715,10.884,17,0.800,X.8.1;X.8.2;X.8.3;X.8.4;X.8.5;X.8.6;X.8.7;C.3.19;Y.1.17;Y.1.18;Y.1.19;Y.1.20;Y.1.21;Y.1.22;Y.1.23;Y.1.24;Y.1.25;Y.1.26
Truck,1744079908.506,23.392,28,0.700,X.2.19;X.2.18;X.2.17;X.2.16;X.2.15;X.2.14;X.2.13;C.2.6;C.2.9;Y.5.10;Y.5.11;Y.5.12;Y.5.13;Y.5.14;Y.5.15;Y.5.16;C.4.1;C.4.5;C.4.9;Y.5.17;Y.5.18;Y.5.19;Y.5.20;Y.5.21;Y.5.22;Y.5.23;Y.5.24;Y.5.25;Y.5.26
Car,1744079921.394,10.787,18,1.000,Y.3.26;Y.3.25;Y.3.24;Y.3.23;Y.3.22;Y.3.21;Y.3.20;Y.3.19;Y.3.18;Y.3.17;C.3.7;C.3.2;X.5.7;X.5.6;X.5.5;X.5.4;X.5.3;X.5.2;X.5.1
Motorcycle,1744079923.091,9.905,17,1.250,Y.3.26;Y.3.25;Y.3.24;Y.3.23;Y.3.22;Y.3.21;Y.3.20;Y.3.19;Y.3.18;Y.3.17;C.3.7;X.6.7;X.6.6;X.6.5;X.6.4;X.6.3;X.6.2;X.6.1
Car,1744079913.164,21.362,36,1.000,Y.7.26;Y.7.25;Y.7.24;Y.7.23;Y.7.22;Y.7.21;Y.7.20;Y.7.19;Y.7.18;Y.7.17;C.4.7;C.4.2;X.5.12;X.5.11;X.5.10;X.5.9;X.5.8;C.3.18;Y.4.16;Y.4.15;Y.4.14;Y.4.13;Y.4.12;Y.4.11;Y.4.10;C.1.16;C.1.12;C.1.8;Y.4.9;Y.4.8;Y.4.7;Y.4.6;Y.4.5;Y.4.4;Y.4.3;Y.4.2;Y.4.1
Police_Car,1744079919.471,19.286,34,1.000,X.5.19;X.5.18;X.5.17;X.5.16;X.5.15;X.5.14;X.5.13;C.4.4;C.4.3;C.4.2;X.5.12;X.5.11;X.5.10;X.5.9;X.5.8;C.3.18;Y.4.16;Y.4.15;Y.4.14;Y.4.13;Y.4.12;Y.4.11;Y.4.10;C.1.16;C.1.12;C.1.8;Y.4.9;Y.4.8;Y.4.7;Y.4.6;Y.4.5;Y.4.4;Y.4.3;Y.4.2;Y.4.1
Police_Car,1744079929.984,10.839,17,1.000,X.6.19;X.6.18;X.6.17;X.6.16;X.6.15;X.6.14;X.6.13;C.4.6;Y.6.17;Y.6.18;Y.6.19;Y.6.20;Y.6.21;Y.6.22;Y.6.23;Y.6.24;Y.6.25;Y.6.26
Bulldozer,1744079910.350,30.987,23,0.500,X.2.19;X.2.18;X.2.17;X.2.16;X.2.15;X.2.14;X.2.13;C.2.6;Y.6.10;Y.6.11;Y.6.12;Y.6.13;Y.6.14;Y.6.15;Y.6.16;C.4.10;C.4.15;X.8.13;X.8.14;X.8.15;X.8.16;X.8.17;X.8.18;X.8.19
Car,1744079932.800,10.317,16,1.000,Y.6.1;Y.6.2;Y.6.3;Y.6.4;Y.6.5;Y.6.6;Y.6.7;Y.6.8;Y.6.9;C.2.10;X.3.13;X.3.14;X.3.15;X.3.16;X.3.17;X.3.18;X.3.19
Truck,1744079926.340,19.142,24,0.700,X.8.1;X.8.2;X.8.3;X.8.4;X.8.5;X.8.6;X.8.7;C.3.13;C.3.14;C.3.15;X.8.8;X.8.9;X.8.10;X.8.11;X.8.12;C.4.13;C.4.14;C.4.15;X.8.13;X.8.14;X.8.15;X.8.16;X.8.17;X.8.18;X.8.19
Truck,1744079924.721,21.685,22,0.700,X.2.19;X.2.18;X.2.17;X.2.16;X.2.15;X.2.14;X.2.13;C.2.6;Y.6.10;Y.6.11;Y.6.12;Y.6.13;Y.6.14;Y.6.15;Y.6.16;C.4.10;X.7.13;X.7.14;X.7.15;X.7.16;X.7.17;X.7.18;X.7.19
Truck,1744079931.581,14.842,17,0.700,Y.3.26;Y.3.25;Y.3.24;Y.3.23;Y.3.22;Y.3.21;Y.3.20;Y.3.19;Y.3.18;Y.3.17;C.3.7;X.6.7;X.6.6;X.6.5;X.6.4;X.6.3;X.6.2;X.6.1
Car,1744079928.096,18.394,24,1.000,X.8.1;X.8.2;X.8.3;X.8.4;X.8.5;X.8.6;X.8.7;C.3.13;C.3.14;C.3.15;X.8.8;X.8.9;X.8.10;X.8.11;X.8.12;C.4.13;C.4.14;C.4.15;X.8.13;X.8.14;X.8.15;X.8.16;X.8.17;X.8.18;X.8.19
Ambulance,1744079936.498,11.564,22,1.000,X.4.1;X.4.2;X.4.3;X.4.4;X.4.5;X.4.6;X.4.7;C.1.19;Y.1.10;Y.1.11;Y.1.12;Y.1.13;Y.1.14;Y.1.15;Y.1.16;C.3.17;X.5.7;X.5.6;X.5.5;X.5.4;X.5.3;X.5.2;X.5.1
Motorcycle,1744079943.037,6.886,16,1.250,X.1.19;X.1.18;X.1.17;X.1.16;X.1.15;X.1.14;X.1.13;C.2.18;Y.8.9;Y.8.8;Y.8.7;Y.8.6;Y.8.5;Y.8.4;Y.8.3;Y.8.2;Y.8.1
Schoolbus,1744079939.220,13.238,18,0.800,Y.3.26;Y.3.25;Y.3.24;Y.3.23;Y.3.22;Y.3.21;Y.3.20;Y.3.19;Y.3.18;Y.3.17;C.3.7;C.3.2;X.5.7;X.5.6;X.5.5;X.5.4;X.5.3;X.5.2;X.5.1
Motorcycle,1744079946.505,8.291,16,1.250,Y.6.1;Y.6.2;Y.6.3;Y.6.4;Y.6.5;Y.6.6;Y.6.7;Y.6.8;Y.6.9;C.2.10;X.3.13;X.3.14;X.3.15;X.3.16;X.3.17;X.3.18;X.3.19
Motorcycle,1744079941.114,13.714,31,1.250,Y.1.1;Y.1.2;Y.1.3;Y.1.4;Y.1.5;Y.1.6;Y.1.7;Y.1.8;Y.1.9;C.1.1;C.1.5;C.1.9;Y.1.10;Y.1.11;Y.1.12;Y.1.13;Y.1.14;Y.1.15;Y.1.16;C.3.1;C.3.5;C.3.9;Y.1.17;Y.1.18;Y.1.19;Y.1.20;Y.1.21;Y.1.22;Y.1.23;Y.1.24;Y.1.25;Y.1.26
Car,1744079937.918,19.461,24,1.000,Y.2.1;Y.2.2;Y.2.3;Y.2.4;Y.2.5;Y.2.6;Y.2.7;Y.2.8;Y.2.9;C.1.10;X.3.8;X.3.9;X.3.10;X.3.11;X.3.12;C.2.11;Y.7.9;Y.7.8;Y.7.7;Y.7.6;Y.7.5;Y.7.4;Y.7.3;Y.7.2;Y.7.1
Semitruck,1744079934.549,25.430,25,0.600,Y.2.1;Y.2.2;Y.2.3;Y.2.4;Y.2.5;Y.2.6;Y.2.7;Y.2.8;Y.2.9;C.1.10;C.1.15;X.4.8;X.4.9;X.4.10;X.4.11;X.4.12;C.2.13;C.2.14;C.2.15;X.4.13;X.4.14;X.4.15;X.4.16;X.4.17;X.4.18;X.4.19
Truck,1744079951.757,11.624,16,0.700,Y.1.1;Y.1.2;Y.1.3;Y.1.4;Y.1.5;Y.1.6;Y.1.7;Y.1.8;Y.1.9;C.1.17;X.1.7;X.1.6;X.1.5;X.1.4;X.1.3;X.1.2;X.1.1
Truck,1744079944.564,20.250,24,0.700,X.1.19;X.1.18;X.1.17;X.1.16;X.1.15;X.1.14;X.1.13;C.2.4;C.2.3;C.2.2;X.1.12;X.1.11;X.1.10;X.1.9;X.1.8;C.1.4;C.1.3;C.1.2;X.1.7;X.1.6;X.1.5;X.1.4;X.1.3;X.1.2;X.1.1
Car,1744079948.272,21.999,36,1.000,Y.7.26;Y.7.25;Y.7.24;Y.7.23;Y.7.22;Y.7.21;Y.7.20;Y.7.19;Y.7.18;Y.7.17;C.4.7;C.4.2;X.5.12;X.5.11;X.5.10;X.5.9;X.5.8;C.3.18;Y.4.16;Y.4.15;Y.4.14;Y.4.13;Y.4.12;Y.4.11;Y.4.10;C.1.16;C.1.12;C.1.8;Y.4.9;Y.4.8;Y.4.7;Y.4.6;Y.4.5;Y.4.4;Y.4.3;Y.4.2;Y.4.1
Motorcycle,1744079954.624,15.663,31,1.250,X.7.1;X.7.2;X.7.3;X.7.4;X.7.5;X.7.6;X.7.7;C.3.11;C.3.8;Y.4.16;Y.4.15;Y.4.14;Y.4.13;Y.4.12;Y.4.11;Y.4.10;C.1.20;X.4.8;X.4.9;X.4.10;X.4.11;X.4.12;C.2.13;C.2.14;C.2.15;X.4.13;X.4.14;X.4.15;X.4.16;X.4.17;X.4.18;X.4.19
Car,1744079957.483,14.094,26,1.000,Y.1.1;Y.1.2;Y.1.3;Y.1.4;Y.1.5;Y.1.6;Y.1.7;Y.1.8;Y.1.9;C.1.1;C.1.5;C.1.9;Y.1.10;Y.1.11;Y.1.12;Y.1.13;Y.1.14;Y.1.15;Y.1.16;C.3.17;X.5.7;X.5.6;X.5.5;X.5.4;X.5.3;X.5.2;X.5.1
Car,1744079956.266,16.338,26,1.000,Y.7.26;Y.7.25;Y.7.24;Y.7.23;Y.7.22;Y.7.21;Y.7.20;Y.7.19;Y.7.18;Y.7.17;C.4.7;C.4.2;X.5.12;X.5.11;X.5.10;X.5.9;X.5.8;C.3.4;C.3.3;C.3.2;X.5.7;X.5.6;X.5.5;X.5.4;X.5.3;X.5.2;X.5.1
Ambulance,1744079959.257,13.757,24,1.000,X.8.1;X.8.2;X.8.3;X.8.4;X.8.5;X.8.6;X.8.7;C.3.13;C.3.14;C.3.15;X.8.8;X.8.9;X.8.10;X.8.11;X.8.12;C.4.13;C.4.14;C.4.15;X.8.13;X.8.14;X.8.15;X.8.16;X.8.17;X.8.18;X.8.19
Motorcycle,1744079962.296,11.299,26,1.250,Y.1.1;Y.1.2;Y.1.3;Y.1.4;Y.1.5;Y.1.6;Y.1.7;Y.1.8;Y.1.9;C.1.1;C.1.5;C.1.9;Y.1.10;Y.1.11;Y.1.12;Y.1.13;Y.1.14;Y.1.15;Y.1.16;C.3.17;X.5.7;X.5.6;X.5.5;X.5.4;X.5.3;X.5.2;X.5.1
Truck,1744079964.212,11.604,16,0.700,Y.1.1;Y.1.2;Y.1.3;Y.1.4;Y.1.5;Y.1.6;Y.1.7;Y.1.8;Y.1.9;C.1.17;X.1.7;X.1.6;X.1.5;X.1.4;X.1.3;X.1.2;X.1.1
Car,1744079970.045,8.364,16,1.000,Y.1.1;Y.1.2;Y.1.3;Y.1.4;Y.1.5;Y.1.6;Y.1.7;Y.1.8;Y.1.9;C.1.17;X.1.7;X.1.6;X.1.5;X.1.4;X.1.3;X.1.2;X.1.1
Car,1744079968.648,10.631,17,1.000,Y.3.26;Y.3.25;Y.3.24;Y.3.23;Y.3.22;Y.3.21;Y.3.20;Y.3.19;Y.3.18;Y.3.17;C.3.7;X.6.7;X.6.6;X.6.5;X.6.4;X.6.3;X.6.2;X.6.1
Motorcycle,1744079971.755,8.287,17,1.250,X.3.1;X.3.2;X.3.3;X.3.4;X.3.5;X.3.6;X.3.7;C.1.11;C.1.8;Y.4.9;Y.4.8;Y.4.7;Y.4.6;Y.4.5;Y.4.4;Y.4.3;Y.4.2;Y.4.1
Truck,1744079953.155,27.323,35,0.700,X.4.1;X.4.2;X.4.3;X.4.4;X.4.5;X.4.6;X.4.7;C.1.13;C.1.14;C.1.15;X.4.8;X.4.9;X.4.10;X.4.11;X.4.12;C.2.19;Y.5.10;Y.5.11;Y.5.12;Y.5.13;Y.5.14;Y.5.15;Y.5.16;C.4.1;C.4.5;C.4.9;Y.5.17;Y.5.18;Y.5.19;Y.5.20;Y.5.21;Y.5.22;Y.5.23;Y.5.24;Y.5.25;Y.5.26
Bulldozer,1744079949.931,30.999,23,0.500,X.2.19;X.2.18;X.2.17;X.2.16;X.2.15;X.2.14;X.2.13;C.2.6;Y.6.10;Y.6.11;Y.6.12;Y.6.13;Y.6.14;Y.6.15;Y.6.16;C.4.10;C.4.15;X.8.13;X.8.14;X.8.15;X.8.16;X.8.17;X.8.18;X.8.19
Motorcycle,1744079965.963,15.315,34,1.250,Y.5.1;Y.5.2;Y.5.3;Y.5.4;Y.5.5;Y.5.6;Y.5.7;Y.5.8;Y.5.9;C.2.1;C.2.5;C.2.9;Y.5.10;Y.5.11;Y.5.12;Y.5.13;Y.5.14;Y.5.15;Y.5.16;C.4.17;X.5.12;X.5.11;X.5.10;X.5.9;X.5.8;C.3.4;C.3.3;C.3.2;X.5.7;X.5.6;X.5.5;X.5.4;X.5.3;X.5.2;X.5.1
Motorcycle,1744079974.452,8.142,16,1.250,X.3.1;X.3.2;X.3.3;X.3.4;X.3.5;X.3.6;X.3.7;C.1.11;Y.3.9;Y.3.8;Y.3.7;Y.3.6;Y.3.5;Y.3.4;Y.3.3;Y.3.2;Y.3.1
Truck,1744079973.048,11.929,16,0.700,X.1.19;X.1.18;X.1.17;X.1.16;X.1.15;X.1.14;X.1.13;C.2.18;Y.8.9;Y.8.8;Y.8.7;Y.8.6;Y.8.5;Y.8.4;Y.8.3;Y.8.2;Y.8.1
Truck,1744079960.897,27.346,35,0.700,X.4.1;X.4.2;X.4.3;X.4.4;X.4.5;X.4.6;X.4.7;C.1.13;C.1.14;C.1.15;X.4.8;X.4.9;X.4.10;X.4.11;X.4.12;C.2.19;Y.5.10;Y.5.11;Y.5.12;Y.5.13;Y.5.14;Y.5.15;Y.5.16;C.4.1;C.4.5;C.4.9;Y.5.17;Y.5.18;Y.5.19;Y.5.20;Y.5.21;Y.5.22;Y.5.23;Y.5.24;Y.5.25;Y.5.26
Truck,1744079976.442,11.935,16,0.700,X.1.19;X.1.18;X.1.17;X.1.16;X.1.15;X.1.14;X.1.13;C.2.18;Y.8.9;Y.8.8;Y.8.7;Y.8.6;Y.8.5;Y.8.4;Y.8.3;Y.8.2;Y.8.1
Truck,1744079967.316,21.718,22,0.700,X.2.19;X.2.18;X.2.17;X.2.16;X.2.15;X.2.14;X.2.13;C.2.6;Y.6.10;Y.6.11;Y.6.12;Y.6.13;Y.6.14;Y.6.15;Y.6.16;C.4.10;X.7.13;X.7.14;X.7.15;X.7.16;X.7.17;X.7.18;X.7.19
Motorcycle,1744079977.889,11.455,26,1.250,Y.4.26;Y.4.25;Y.4.24;Y.4.23;Y.4.22;Y.4.21;Y.4.20;Y.4.19;Y.4.18;Y.4.17;C.3.20;X.8.8;X.8.9;X.8.10;X.8.11;X.8.12;C.4.19;Y.5.17;Y.5.18;Y.5.19;Y.5.20;Y.5.21;Y.5.22;Y.5.23;Y.5.24;Y.5.25;Y.5.26
Truck,1744079979.516,11.945,16,0.700,X.1.19;X.1.18;X.1.17;X.1.16;X.1.15;X.1.14;X.1.13;C.2.18;Y.8.9;Y.8.8;Y.8.7;Y.8.6;Y.8.5;Y.8.4;Y.8.3;Y.8.2;Y.8.1
Motorcycle,1744079980.865,17.202,36,1.250,Y.2.1;Y.2.2;Y.2.3;Y.2.4;Y.2.5;Y.2.6;Y.2.7;Y.2.8;Y.2.9;C.1.10;C.1.15;X.4.8;X.4.9;X.4.10;X.4.11;X.4.12;C.2.19;Y.5.10;Y.5.11;Y.5.12;Y.5.13;Y.5.14;Y.5.15;Y.5.16;C.4.1;C.4.5;C.4.9;Y.5.17;Y.5.18;Y.5.19;Y.5.20;Y.5.21;Y.5.22;Y.5.23;Y.5.24;Y.5.25;Y.5.26
Car,1744079982.332,16.766,24,1.000,Y.2.1;Y.2.2;Y.2.3;Y.2.4;Y.2.5;Y.2.6;Y.2.7;Y.2.8;Y.2.9;C.1.10;X.3.8;X.3.9;X.3.10;X.3.11;X.3.12;C.2.11;Y.7.9;Y.7.8;Y.7.7;Y.7.6;Y.7.5;Y.7.4;Y.7.3;Y.7.2;Y.7.1
Motorcycle,1744079985.542,16.400,25,1.250,Y.2.1;Y.2.2;Y.2.3;Y.2.4;Y.2.5;Y.2.6;Y.2.7;Y.2.8;Y.2.9;C.1.10;C.1.15;X.4.8;X.4.9;X.4.10;X.4.11;X.4.12;C.2.13;C.2.14;C.2.15;X.4.13;X.4.14;X.4.15;X.4.16;X.4.17;X.4.18;X.4.19
Car,1744079983.637,18.684,24,1.000,Y.2.1;Y.2.2;Y.2.3;Y.2.4;Y.2.5;Y.2.6;Y.2.7;Y.2.8;Y.2.9;C.1.10;X.3.8;X.3.9;X.3.10;X.3.11;X.3.12;C.2.11;Y.7.9;Y.7.8;Y.7.7;Y.7.6;Y.7.5;Y.7.4;Y.7.3;Y.7.2;Y.7.1
Car,1744079986.840,15.531,22,1.000,X.2.19;X.2.18;X.2.17;X.2.16;X.2.15;X.2.14;X.2.13;C.2.6;Y.6.10;Y.6.11;Y.6.12;Y.6.13;Y.6.14;Y.6.15;Y.6.16;C.4.10;X.7.13;X.7.14;X.7.15;X.7.16;X.7.17;X.7.18;X.7.19
Car,1744079996.923,10.328,16,1.000,Y.6.1;Y.6.2;Y.6.3;Y.6.4;Y.6.5;Y.6.6;Y.6.7;Y.6.8;Y.6.9;C.2.10;X.3.13;X.3.14;X.3.15;X.3.16;X.3.17;X.3.18;X.3.19
Motorcycle,1744079994.173,13.744,31,1.250,Y.1.1;Y.1.2;Y.1.3;Y.1.4;Y.1.5;Y.1.6;Y.1.7;Y.1.8;Y.1.9;C.1.1;C.1.5;C.1.9;Y.1.10;Y.1.11;Y.1.12;Y.1.13;Y.1.14;Y.1.15;Y.1.16;C.3.1;C.3.5;C.3.9;Y.1.17;Y.1.18;Y.1.19;Y.1.20;Y.1.21;Y.1.22;Y.1.23;Y.1.24;Y.1.25;Y.1.26
Car,1744079989.589,18.804,31,1.000,X.7.1;X.7.2;X.7.3;X.7.4;X.7.5;X.7.6;X.7.7;C.3.11;C.3.8;Y.4.16;Y.4.15;Y.4.14;Y.4.13;Y.4.12;Y.4.11;Y.4.10;C.1.20;X.4.8;X.4.9;X.4.10;X.4.11;X.4.12;C.2.13;C.2.14;C.2.15;X.4.13;X.4.14;X.4.15;X.4.16;X.4.17;X.4.18;X.4.19
Car,1744079995.514,14.497,24,1.000,X.4.1;X.4.2;X.4.3;X.4.4;X.4.5;X.4.6;X.4.7;C.1.13;C.1.14;C.1.15;X.4.8;X.4.9;X.4.10;X.4.11;X.4.12;C.2.13;C.2.14;C.2.15;X.4.13;X.4.14;X.4.15;X.4.16;X.4.17;X.4.18;X.4.19
Motorcycle,1744080003.128,7.135,17,1.250,X.8.1;X.8.2;X.8.3;X.8.4;X.8.5;X.8.6;X.8.7;C.3.19;Y.1.17;Y.1.18;Y.1.19;Y.1.20;Y.1.21;Y.1.22;Y.1.23;Y.1.24;Y.1.25;Y.1.26
Car,1744079988.072,25.668,39,1.000,Y.2.1;Y.2.2;Y.2.3;Y.2.4;Y.2.5;Y.2.6;Y.2.7;Y.2.8;Y.2.9;C.1.10;C.1.15;X.4.8;X.4.9;X.4.10;X.4.11;X.4.12;C.2.19;Y.5.10;Y.5.11;Y.5.12;Y.5.13;Y.5.14;Y.5.15;Y.5.16;C.4.17;X.5.12;X.5.11;X.5.10;X.5.9;X.5.8;C.3.4;C.3.3;C.3.2;X.5.7;X.5.6;X.5.5;X.5.4;X.5.3;X.5.2;X.5.1
Truck,1744079999.977,14.397,17,0.700,X.3.1;X.3.2;X.3.3;X.3.4;X.3.5;X.3.6;X.3.7;C.1.11;C.1.8;Y.4.9;Y.4.8;Y.4.7;Y.4.6;Y.4.5;Y.4.4;Y.4.3;Y.4.2;Y.4.1
Car,1744079998.444,17.078,31,1.000,Y.1.1;Y.1.2;Y.1.3;Y.1.4;Y.1.5;Y.1.6;Y.1.7;Y.1.8;Y.1.9;C.1.1;C.1.5;C.1.9;Y.1.10;Y.1.11;Y.1.12;Y.1.13;Y.1.14;Y.1.15;Y.1.16;C.3.1;C.3.5;C.3.9;Y.1.17;Y.1.18;Y.1.19;Y.1.20;Y.1.21;Y.1.22;Y.1.23;Y.1.24;Y.1.25;Y.1.26
Ambulance,1744080005.923,10.476,17,1.000,Y.6.1;Y.6.2;Y.6.3;Y.6.4;Y.6.5;Y.6.6;Y.6.7;Y.6.8;Y.6.9;C.2.10;C.2.15;X.4.13;X.4.14;X.4.15;X.4.16;X.4.17;X.4.18;X.4.19
Truck,1744079992.530,24.837,26,0.700,Y.7.26;Y.7.25;Y.7.24;Y.7.23;Y.7.22;Y.7.21;Y.7.20;Y.7.19;Y.7.18;Y.7.17;C.4.7;X.6.12;X.6.11;X.6.10;X.6.9;X.6.8;C.3.6;Y.2.17;Y.2.18;Y.2.19;Y.2.20;Y.2.21;Y.2.22;Y.2.23;Y.2.24;Y.2.25;Y.2.26
Truck,1744079990.942,28.829,35,0.700,Y.4.26;Y.4.25;Y.4.24;Y.4.23;Y.4.22;Y.4.21;Y.4.20;Y.4.19;Y.4.18;Y.4.17;C.3.16;C.3.12;C.3.8;Y.4.16;Y.4.15;Y.4.14;Y.4.13;Y.4.12;Y.4.11;Y.4.10;C.1.20;X.4.8;X.4.9;X.4.10;X.4.11;X.4.12;C.2.13;C.2.14;C.2.15;X.4.13;X.4.14;X.4.15;X.4.16;X.4.17;X.4.18;X.4.19
Motorcycle,1744080014.888,7.167,17,1.250,X.8.1;X.8.2;X.8.3;X.8.4;X.8.5;X.8.6;X.8.7;C.3.19;Y.1.17;Y.1.18;Y.1.19;Y.1.20;Y.1.21;Y.1.22;Y.1.23;Y.1.24;Y.1.25;Y.1.26
Schoolbus,1744080001.809,21.023,31,0.800,Y.8.26;Y.8.25;Y.8.24;Y.8.23;Y.8.22;Y.8.21;Y.8.20;Y.8.19;Y.8.18;Y.8.17;C.4.16;C.4.12;C.4.8;Y.8.16;Y.8.15;Y.8.14;Y.8.13;Y.8.12;Y.8.11;Y.8.10;C.2.16;C.2.12;C.2.8;Y.8.9;Y.8.8;Y.8.7;Y.8.6;Y.8.5;Y.8.4;Y.8.3;Y.8.2;Y.8.1
Truck,1744080004.452,18.413,24,0.700,Y.5.1;Y.5.2;Y.5.3;Y.5.4;Y.5.5;Y.5.6;Y.5.7;Y.5.8;Y.5.9;C.2.17;X.1.12;X.1.11;X.1.10;X.1.9;X.1.8;C.1.18;Y.4.9;Y.4.8;Y.4.7;Y.4.6;Y.4.5;Y.4.4;Y.4.3;Y.4.2;Y.4.1
Bulldozer,1744080011.887,16.908,16,0.500,X.1.19;X.1.18;X.1.17;X.1.16;X.1.15;X.1.14;X.1.13;C.2.18;Y.8.9;Y.8.8;Y.8.7;Y.8.6;Y.8.5;Y.8.4;Y.8.3;Y.8.2;Y.8.1
Motorcycle,1744080023.427,6.731,16,1.250,Y.1.1;Y.1.2;Y.1.3;Y.1.4;Y.1.5;Y.1.6;Y.1.7;Y.1.8;Y.1.9;C.1.17;X.1.7;X.1.6;X.1.5;X.1.4;X.1.3;X.1.2;X.1.1
Motorcycle,1744080013.197,17.191,36,1.250,Y.7.26;Y.7.25;Y.7.24;Y.7.23;Y.7.22;Y.7.21;Y.7.20;Y.7.19;Y.7.18;Y.7.17;C.4.7;C.4.2;X.5.12;X.5.11;X.5.10;X.5.9;X.5.8;C.3.18;Y.4.16;Y.4.15;Y.4.14;Y.4.13;Y.4.12;Y.4.11;Y.4.10;C.1.16;C.1.12;C.1.8;Y.4.9;Y.4.8;Y.4.7;Y.4.6;Y.4.5;Y.4.4;Y.4.3;Y.4.2;Y.4.1
Schoolbus,1744080018.538,12.463,16,0.800,X.3.1;X.3.2;X.3.3;X.3.4;X.3.5;X.3.6;X.3.7;C.1.11;Y.3.9;Y.3.8;Y.3.7;Y.3.6;Y.3.5;Y.3.4;Y.3.3;Y.3.2;Y.3.1
Truck,1744080019.963,11.899,16,0.700,X.1.19;X.1.18;X.1.17;X.1.16;X.1.15;X.1.14;X.1.13;C.2.18;Y.8.9;Y.8.8;Y.8.7;Y.8.6;Y.8.5;Y.8.4;Y.8.3;Y.8.2;Y.8.1
Semitruck,1744080009.255,24.649,22,0.600,X.7.1;X.7.2;X.7.3;X.7.4;X.7.5;X.7.6;X.7.7;C.3.11;Y.3.16;Y.3.15;Y.3.14;Y.3.13;Y.3.12;Y.3.11;Y.3.10;C.1.7;X.2.7;X.2.6;X.2.5;X.2.4;X.2.3;X.2.2;X.2.1
Truck,1744080010.650,26.680,22,0.700,X.7.1;X.7.2;X.7.3;X.7.4;X.7.5;X.7.6;X.7.7;C.3.11;Y.3.16;Y.3.15;Y.3.14;Y.3.13;Y.3.12;Y.3.11;Y.3.10;C.1.7;X.2.7;X.2.6;X.2.5;X.2.4;X.2.3;X.2.2;X.2.1
Schoolbus,1744080024.900,12.709,17,0.800,X.3.1;X.3.2;X.3.3;X.3.4;X.3.5;X.3.6;X.3.7;C.1.11;C.1.8;Y.4.9;Y.4.8;Y.4.7;Y.4.6;Y.4.5;Y.4.4;Y.4.3;Y.4.2;Y.4.1
Car,1744080028.406,10.631,17,1.000,Y.3.26;Y.3.25;Y.3.24;Y.3.23;Y.3.22;Y.3.21;Y.3.20;Y.3.19;Y.3.18;Y.3.17;C.3.7;X.6.7;X.6.6;X.6.5;X.6.4;X.6.3;X.6.2;X.6.1
Motorcycle,1744080026.411,14.436,27,1.250,Y.7.26;Y.7.25;Y.7.24;Y.7.23;Y.7.22;Y.7.21;Y.7.20;Y.7.19;Y.7.18;Y.7.17;C.4.7;X.6.12;X.6.11;X.6.10;X.6.9;X.6.8;C.3.6;C.3.9;Y.1.17;Y.1.18;Y.1.19;Y.1.20;Y.1.21;Y.1.22;Y.1.23;Y.1.24;Y.1.25;Y.1.26
Bulldozer,1744080007.877,33.683,31,0.500,Y.8.26;Y.8.25;Y.8.24;Y.8.23;Y.8.22;Y.8.21;Y.8.20;Y.8.19;Y.8.18;Y.8.17;C.4.16;C.4.12;C.4.8;Y.8.16;Y.8.15;Y.8.14;Y.8.13;Y.8.12;Y.8.11;Y.8.10;C.2.16;C.2.12;C.2.8;Y.8.9;Y.8.8;Y.8.7;Y.8.6;Y.8.5;Y.8.4;Y.8.3;Y.8.2;Y.8.1
Car,1744080016.819,25.915,44,1.000,Y.5.1;Y.5.2;Y.5.3;Y.5.4;Y.5.5;Y.5.6;Y.5.7;Y.5.8;Y.5.9;C.2.1;C.2.5;C.2.9;Y.5.10;Y.5.11;Y.5.12;Y.5.13;Y.5.14;Y.5.15;Y.5.16;C.4.17;X.5.12;X.5.11;X.5.10;X.5.9;X.5.8;C.3.18;Y.4.16;Y.4.15;Y.4.14;Y.4.13;Y.4.12;Y.4.11;Y.4.10;C.1.16;C.1.12;C.1.8;Y.4.9;Y.4.8;Y.4.7;Y.4.6;Y.4.5;Y.4.4;Y.4.3;Y.4.2;Y.4.1
Car,1744080035.084,8.568,16,1.000,X.1.19;X.1.18;X.1.17;X.1.16;X.1.15;X.1.14;X.1.13;C.2.18;Y.8.9;Y.8.8;Y.8.7;Y.8.6;Y.8.5;Y.8.4;Y.8.3;Y.8.2;Y.8.1
Motorcycle,1744080030.318,14.167,25,1.250,Y.2.1;Y.2.2;Y.2.3;Y.2.4;Y.2.5;Y.2.6;Y.2.7;Y.2.8;Y.2.9;C.1.10;X.3.8;X.3.9;X.3.10;X.3.11;X.3.12;C.2.11;C.2.8;Y.8.9;Y.8.8;Y.8.7;Y.8.6;Y.8.5;Y.8.4;Y.8.3;Y.8.2;Y.8.1
Truck,1744080033.146,12.619,17,0.700,Y.8.26;Y.8.25;Y.8.24;Y.8.23;Y.8.22;Y.8.21;Y.8.20;Y.8.19;Y.8.18;Y.8.17;C.4.20;X.8.13;X.8.14;X.8.15;X.8.16;X.8.17;X.8.18;X.8.19
Motorcycle,1744080036.949,9.636,17,1.250,Y.8.26;Y.8.25;Y.8.24;Y.8.23;Y.8.22;Y.8.21;Y.8.20;Y.8.19;Y.8.18;Y.8.17;C.4.20;X.8.13;X.8.14;X.8.15;X.8.16;X.8.17;X.8.18;X.8.19
Semitruck,1744080031.799,17.544,18,0.600,Y.3.26;Y.3.25;Y.3.24;Y.3.23;Y.3.22;Y.3.21;Y.3.20;Y.3.19;Y.3.18;Y.3.17;C.3.7;C.3.2;X.5.7;X.5.6;X.5.5;X.5.4;X.5.3;X.5.2;X.5.1
Truck,1744080038.637,15.423,18,0.700,X.6.19;X.6.18;X.6.17;X.6.16;X.6.15;X.6.14;X.6.13;C.4.6;C.4.9;Y.5.17;Y.5.18;Y.5.19;Y.5.20;Y.5.21;Y.5.22;Y.5.23;Y.5.24;Y.5.25;Y.5.26
Car,1744080044.357,10.847,17,1.000,X.6.19;X.6.18;X.6.17;X.6.16;X.6.15;X.6.14;X.6.13;C.4.6;Y.6.17;Y.6.18;Y.6.19;Y.6.20;Y.6.21;Y.6.22;Y.6.23;Y.6.24;Y.6.25;Y.6.26
Motorcycle,1744080046.049,15.072,31,1.250,X.2.19;X.2.18;X.2.17;X.2.16;X.2.15;X.2.14;X.2.13;C.2.6;C.2.9;Y.5.10;Y.5.11;Y.5.12;Y.5.13;Y.5.14;Y.5.15;Y.5.16;C.4.17;X.5.12;X.5.11;X.5.10;X.5.9;X.5.8;C.3.4;C.3.3;C.3.2;X.5.7;X.5.6;X.5.5;X.5.4;X.5.3;X.5.2;X.5.1
Car,1744080052.313,8.891,17,1.000,X.8.1;X.8.2;X.8.3;X.8.4;X.8.5;X.8.6;X.8.7;C.3.19;Y.1.17;Y.1.18;Y.1.19;Y.1.20;Y.1.21;Y.1.22;Y.1.23;Y.1.24;Y.1.25;Y.1.26
Ambulance,1744080048.704,14.221,26,1.000,Y.4.26;Y.4.25;Y.4.24;Y.4.23;Y.4.22;Y.4.21;Y.4.20;Y.4.19;Y.4.18;Y.4.17;C.3.20;X.8.8;X.8.9;X.8.10;X.8.11;X.8.12;C.4.19;Y.5.17;Y.5.18;Y.5.19;Y.5.20;Y.5.21;Y.5.22;Y.5.23;Y.5.24;Y.5.25;Y.5.26
Truck,1744080041.652,22.408,27,0.700,X.7.1;X.7.2;X.7.3;X.7.4;X.7.5;X.7.6;X.7.7;C.3.11;C.3.8;Y.4.16;Y.4.15;Y.4.14;Y.4.13;Y.4.12;Y.4.11;Y.4.10;C.1.16;C.1.12;C.1.8;Y.4.9;Y.4.8;Y.4.7;Y.4.6;Y.4.5;Y.4.4;Y.4.3;Y.4.2;Y.4.1
Truck,1744080021.508,44.927,55,0.700,X.7.1;X.7.2;X.7.3;X.7.4;X.7.5;X.7.6;X.7.7;C.3.11;C.3.8;Y.4.16;Y.4.15;Y.4.14;Y.4.13;Y.4.12;Y.4.11;Y.4.10;C.1.20;X.4.8;X.4.9;X.4.10;X.4.11;X.4.12;C.2.19;Y.5.10;Y.5.11;Y.5.12;Y.5.13;Y.5.14;Y.5.15;Y.5.16;C.4.17;X.5.12;X.5.11;X.5.10;X.5.9;X.5.8;C.3.18;Y.4.16;Y.4.15;Y.4.14;Y.4.13;Y.4.12;Y.4.11;Y.4.10;C.1.16;C.1.12;C.1.8;Y.4.9;Y.4.8;Y.4.7;Y.4.6;Y.4.5;Y.4.4;Y.4.3;Y.4.2;Y.4.1
Car,1744080039.840,27.605,41,1.000,X.2.19;X.2.18;X.2.17;X.2.16;X.2.15;X.2.14;X.2.13;C.2.6;C.2.9;Y.5.10;Y.5.11;Y.5.12;Y.5.13;Y.5.14;Y.5.15;Y.5.16;C.4.17;X.5.12;X.5.11;X.5.10;X.5.9;X.5.8;C.3.18;Y.4.16;Y.4.15;Y.4.14;Y.4.13;Y.4.12;Y.4.11;Y.4.10;C.1.16;C.1.12;C.1.8;Y.4.9;Y.4.8;Y.4.7;Y.4.6;Y.4.5;Y.4.4;Y.4.3;Y.4.2;Y.4.1
Truck,1744080050.376,18.917,24,0.700,Y.5.1;Y.5.2;Y.5.3;Y.5.4;Y.5.5;Y.5.6;Y.5.7;Y.5.8;Y.5.9;C.2.17;X.1.12;X.1.11;X.1.10;X.1.9;X.1.8;C.1.18;Y.4.9;Y.4.8;Y.4.7;Y.4.6;Y.4.5;Y.4.4;Y.4.3;Y.4.2;Y.4.1
Motorcycle,1744080055.992,14.124,24,1.250,X.1.19;X.1.18;X.1.17;X.1.16;X.1.15;X.1.14;X.1.13;C.2.4;C.2.3;C.2.2;X.1.12;X.1.11;X.1.10;X.1.9;X.1.8;C.1.18;Y.4.9;Y.4.8;Y.4.7;Y.4.6;Y.4.5;Y.4.4;Y.4.3;Y.4.2;Y.4.1
Car,1744080054.295,16.730,24,1.000,Y.2.1;Y.2.2;Y.2.3;Y.2.4;Y.2.5;Y.2.6;Y.2.7;Y.2.8;Y.2.9;C.1.10;X.3.8;X.3.9;X.3.10;X.3.11;X.3.12;C.2.11;Y.7.9;Y.7.8;Y.7.7;Y.7.6;Y.7.5;Y.7.4;Y.7.3;Y.7.2;Y.7.1
Truck,1744080057.347,15.067,18,0.700,Y.3.26;Y.3.25;Y.3.24;Y.3.23;Y.3.22;Y.3.21;Y.3.20;Y.3.19;Y.3.18;Y.3.17;C.3.7;C.3.2;X.5.7;X.5.6;X.5.5;X.5.4;X.5.3;X.5.2;X.5.1
Car,1744080062.542,11.613,22,1.000,X.4.1;X.4.2;X.4.3;X.4.4;X.4.5;X.4.6;X.4.7;C.1.19;Y.1.10;Y.1.11;Y.1.12;Y.1.13;Y.1.14;Y.1.15;Y.1.16;C.3.17;X.5.7;X.5.6;X.5.5;X.5.4;X.5.3;X.5.2;X.5.1
Motorcycle,1744080068.486,8.415,17,1.250,Y.6.1;Y.6.2;Y.6.3;Y.6.4;Y.6.5;Y.6.6;Y.6.7;Y.6.8;Y.6.9;C.2.10;C.2.15;X.4.13;X.4.14;X.4.15;X.4.16;X.4.17;X.4.18;X.4.19
Motorcycle,1744080063.894,13.734,31,1.250,Y.5.1;Y.5.2;Y.5.3;Y.5.4;Y.5.5;Y.5.6;Y.5.7;Y.5.8;Y.5.9;C.2.1;C.2.5;C.2.9;Y.5.10;Y.5.11;Y.5.12;Y.5.13;Y.5.14;Y.5.15;Y.5.16;C.4.1;C.4.5;C.4.9;Y.5.17;Y.5.18;Y.5.19;Y.5.20;Y.5.21;Y.5.22;Y.5.23;Y.5.24;Y.5.25;Y.5.26
Car,1744080047.352,32.389,54,1.000,Y.7.26;Y.7.25;Y.7.24;Y.7.23;Y.7.22;Y.7.21;Y.7.20;Y.7.19;Y.7.18;Y.7.17;C.4.7;C.4.2;X.5.12;X.5.11;X.5.10;X.5.9;X.5.8;C.3.18;Y.4.16;Y.4.15;Y.4.14;Y.4.13;Y.4.12;Y.4.11;Y.4.10;C.1.20;X.4.8;X.4.9;X.4.10;X.4.11;X.4.12;C.2.19;Y.5.10;Y.5.11;Y.5.12;Y.5.13;Y.5.14;Y.5.15;Y.5.16;C.4.17;X.5.12;X.5.11;X.5.10;X.5.9;X.5.8;C.3.4;C.3.3;C.3.2;X.5.7;X.5.6;X.5.5;X.5.4;X.5.3;X.5.2;X.5.1
Car,1744080067.165,13.207,24,1.000,Y.5.1;Y.5.2;Y.5.3;Y.5.4;Y.5.5;Y.5.6;Y.5.7;Y.5.8;Y.5.9;C.2.17;X.1.12;X.1.11;X.1.10;X.1.9;X.1.8;C.1.18;Y.4.9;Y.4.8;Y.4.7;Y.4.6;Y.4.5;Y.4.4;Y.4.3;Y.4.2;Y.4.1
Truck,1744080060.911,19.861,26,0.700,X.5.19;X.5.18;X.5.17;X.5.16;X.5.15;X.5.14;X.5.13;C.4.18;Y.8.16;Y.8.15;Y.8.14;Y.8.13;Y.8.12;Y.8.11;Y.8.10;C.2.16;C.2.12;C.2.8;Y.8.9;Y.8.8;Y.8.7;Y.8.6;Y.8.5;Y.8.4;Y.8.3;Y.8.2;Y.8.1
Ambulance,1744080069.760,13.857,25,1.000,X.8.1;X.8.2;X.8.3;X.8.4;X.8.5;X.8.6;X.8.7;C.3.13;C.3.14;C.3.15;X.8.8;X.8.9;X.8.10;X.8.11;X.8.12;C.4.19;Y.5.17;Y.5.18;Y.5.19;Y.5.20;Y.5.21;Y.5.22;Y.5.23;Y.5.24;Y.5.25;Y.5.26
Motorcycle,1744080073.125,11.417,26,1.250,Y.4.26;Y.4.25;Y.4.24;Y.4.23;Y.4.22;Y.4.21;Y.4.20;Y.4.19;Y.4.18;Y.4.17;C.3.20;X.8.8;X.8.9;X.8.10;X.8.11;X.8.12;C.4.19;Y.5.17;Y.5.18;Y.5.19;Y.5.20;Y.5.21;Y.5.22;Y.5.23;Y.5.24;Y.5.25;Y.5.26
Truck,1744080065.812,19.229,24,0.700,X.5.19;X.5.18;X.5.17;X.5.16;X.5.15;X.5.14;X.5.13;C.4.4;C.4.3;C.4.2;X.5.12;X.5.11;X.5.10;X.5.9;X.5.8;C.3.4;C.3.3;C.3.2;X.5.7;X.5.6;X.5.5;X.5.4;X.5.3;X.5.2;X.5.1
Motorcycle,1744080079.224,11.139,25,1.250,X.8.1;X.8.2;X.8.3;X.8.4;X.8.5;X.8.6;X.8.7;C.3.13;C.3.14;C.3.15;X.8.8;X.8.9;X.8.10;X.8.11;X.8.12;C.4.19;Y.5.17;Y.5.18;Y.5.19;Y.5.20;Y.5.21;Y.5.22;Y.5.23;Y.5.24;Y.5.25;Y.5.26
Motorcycle,1744080082.120,12.574,23,1.250,X.2.19;X.2.18;X.2.17;X.2.16;X.2.15;X.2.14;X.2.13;C.2.6;Y.6.10;Y.6.11;Y.6.12;Y.6.13;Y.6.14;Y.6.15;Y.6.16;C.4.10;C.4.15;X.8.13;X.8.14;X.8.15;X.8.16;X.8.17;X.8.18;X.8.19
Car,1744080058.919,36.103,45,1.000,X.7.1;X.7.2;X.7.3;X.7.4;X.7.5;X.7.6;X.7.7;C.3.11;C.3.8;Y.4.16;Y.4.15;Y.4.14;Y.4.13;Y.4.12;Y.4.11;Y.4.10;C.1.20;X.4.8;X.4.9;X.4.10;X.4.11;X.4.12;C.2.19;Y.5.10;Y.5.11;Y.5.12;Y.5.13;Y.5.14;Y.5.15;Y.5.16;C.4.17;X.5.12;X.5.11;X.5.10;X.5.9;X.5.8;C.3.4;C.3.3;C.3.2;X.5.7;X.5.6;X.5.5;X.5.4;X.5.3;X.5.2;X.5.1
Semitruck,1744080078.005,19.633,22,0.600,X.5.19;X.5.18;X.5.17;X.5.16;X.5.15;X.5.14;X.5.13;C.4.18;Y.8.16;Y.8.15;Y.8.14;Y.8.13;Y.8.12;Y.8.11;Y.8.10;C.2.20;X.4.13;X.4.14;X.4.15;X.4.16;X.4.17;X.4.18;X.4.19
Motorcycle,1744080071.187,26.848,41,1.250,X.2.19;X.2.18;X.2.17;X.2.16;X.2.15;X.2.14;X.2.13;C.2.6;C.2.9;Y.5.10;Y.5.11;Y.5.12;Y.5.13;Y.5.14;Y.5.15;Y.5.16;C.4.17;X.5.12;X.5.11;X.5.10;X.5.9;X.5.8;C.3.18;Y.4.16;Y.4.15;Y.4.14;Y.4.13;Y.4.12;Y.4.11;Y.4.10;C.1.16;C.1.12;C.1.8;Y.4.9;Y.4.8;Y.4.7;Y.4.6;Y.4.5;Y.4.4;Y.4.3;Y.4.2;Y.4.1
Truck,1744080075.025,23.386,28,0.700,X.2.19;X.2.18;X.2.17;X.2.16;X.2.15;X.2.14;X.2.13;C.2.6;C.2.9;Y.5.10;Y.5.11;Y.5.12;Y.5.13;Y.5.14;Y.5.15;Y.5.16;C.4.1;C.4.5;C.4.9;Y.5.17;Y.5.18;Y.5.19;Y.5.20;Y.5.21;Y.5.22;Y.5.23;Y.5.24;Y.5.25;Y.5.26
Schoolbus,1744080088.589,10.287,16,0.800,Y.1.1;Y.1.2;Y.1.3;Y.1.4;Y.1.5;Y.1.6;Y.1.7;Y.1.8;Y.1.9;C.1.17;X.1.7;X.1.6;X.1.5;X.1.4;X.1.3;X.1.2;X.1.1
Truck,1744080080.607,20.025,24,0.700,X.1.19;X.1.18;X.1.17;X.1.16;X.1.15;X.1.14;X.1.13;C.2.4;C.2.3;C.2.2;X.1.12;X.1.11;X.1.10;X.1.9;X.1.8;C.1.4;C.1.3;C.1.2;X.1.7;X.1.6;X.1.5;X.1.4;X.1.3;X.1.2;X.1.1
Bulldozer,1744080085.103,21.014,17,0.500,Y.3.26;Y.3.25;Y.3.24;Y.3.23;Y.3.22;Y.3.21;Y.3.20;Y.3.19;Y.3.18;Y.3.17;C.3.7;X.6.7;X.6.6;X.6.5;X.6.4;X.6.3;X.6.2;X.6.1
Ambulance,1744080086.943,20.185,17,1.000,Y.3.26;Y.3.25;Y.3.24;Y.3.23;Y.3.22;Y.3.21;Y.3.20;Y.3.19;Y.3.18;Y.3.17;C.3.7;X.6.7;X.6.6;X.6.5;X.6.4;X.6.3;X.6.2;X.6.1
Truck,1744080095.707,15.423,18,0.700,X.6.19;X.6.18;X.6.17;X.6.16;X.6.15;X.6.14;X.6.13;C.4.6;C.4.9;Y.5.17;Y.5.18;Y.5.19;Y.5.20;Y.5.21;Y.5.22;Y.5.23;Y.5.24;Y.5.25;Y.5.26
Motorcycle,1744080076.255,35.706,51,1.250,Y.7.26;Y.7.25;Y.7.24;Y.7.23;Y.7.22;Y.7.21;Y.7.20;Y.7.19;Y.7.18;Y.7.17;C.4.7;C.4.2;X.5.12;X.5.11;X.5.10;X.5.9;X.5.8;C.3.18;Y.4.16;Y.4.15;Y.4.14;Y.4.13;Y.4.12;Y.4.11;Y.4.10;C.1.20;X.4.8;X.4.9;X.4.10;X.4.11;X.4.12;C.2.19;Y.5.10;Y.5.11;Y.5.12;Y.5.13;Y.5.14;Y.5.15;Y.5.16;C.4.1;C.4.5;C.4.9;Y.5.17;Y.5.18;Y.5.19;Y.5.20;Y.5.21;Y.5.22;Y.5.23;Y.5.24;Y.5.25;Y.5.26
Car,1744080091.547,21.522,36,1.000,Y.2.1;Y.2.2;Y.2.3;Y.2.4;Y.2.5;Y.2.6;Y.2.7;Y.2.8;Y.2.9;C.1.10;C.1.15;X.4.8;X.4.9;X.4.10;X.4.11;X.4.12;C.2.19;Y.5.10;Y.5.11;Y.5.12;Y.5.13;Y.5.14;Y.5.15;Y.5.16;C.4.1;C.4.5;C.4.9;Y.5.17;Y.5.18;Y.5.19;Y.5.20;Y.5.21;Y.5.22;Y.5.23;Y.5.24;Y.5.25;Y.5.26
Truck,1744080090.030,23.804,31,0.700,Y.1.1;Y.1.2;Y.1.3;Y.1.4;Y.1.5;Y.1.6;Y.1.7;Y.1.8;Y.1.9;C.1.1;C.1.5;C.1.9;Y.1.10;Y.1.11;Y.1.12;Y.1.13;Y.1.14;Y.1.15;Y.1.16;C.3.1;C.3.5;C.3.9;Y.1.17;Y.1.18;Y.1.19;Y.1.20;Y.1.21;Y.1.22;Y.1.23;Y.1.24;Y.1.25;Y.1.26
Motorcycle,1744080097.305,17.180,36,1.250,Y.2.1;Y.2.2;Y.2.3;Y.2.4;Y.2.5;Y.2.6;Y.2.7;Y.2.8;Y.2.9;C.1.10;C.1.15;X.4.8;X.4.9;X.4.10;X.4.11;X.4.12;C.2.19;Y.5.10;Y.5.11;Y.5.12;Y.5.13;Y.5.14;Y.5.15;Y.5.16;C.4.1;C.4.5;C.4.9;Y.5.17;Y.5.18;Y.5.19;Y.5.20;Y.5.21;Y.5.22;Y.5.23;Y.5.24;Y.5.25;Y.5.26
Truck,1744080042.934,72.527,90,0.700,Y.5.1;Y.5.2;Y.5.3;Y.5.4;Y.5.5;Y.5.6;Y.5.7;Y.5.8;Y.5.9;C.2.1;C.2.5;C.2.9;Y.5.10;Y.5.11;Y.5.12;Y.5.13;Y.5.14;Y.5.15;Y.5.16;C.4.17;X.5.12;X.5.11;X.5.10;X.5.9;X.5.8;C.3.18;Y.4.16;Y.4.15;Y.4.14;Y.4.13;Y.4.12;Y.4.11;Y.4.10;C.1.20;X.4.8;X.4.9;X.4.10;X.4.11;X.4.12;C.2.19;Y.5.10;Y.5.11;Y.5.12;Y.5.13;Y.5.14;Y.5.15;Y.5.16;C.4.17;X.5.12;X.5.11;X.5.10;X.5.9;X.5.8;C.3.18;Y.4.16;Y.4.15;Y.4.14;Y.4.13;Y.4.12;Y.4.11;Y.4.10;C.1.20;X.4.8;X.4.9;X.4.10;X.4.11;X.4.12;C.2.19;Y.5.10;Y.5.11;Y.5.12;Y.5.13;Y.5.14;Y.5.15;Y.5.16;C.4.17;X.5.12;X.5.11;X.5.10;X.5.9;X.5.8;C.3.4;C.3.3;C.3.2;X.5.7;X.5.6;X.5.5;X.5.4;X.5.3;X.5.2;X.5.1
Motorcycle,1744080104.018,11.477,26,1.250,X.5.19;X.5.18;X.5.17;X.5.16;X.5.15;X.5.14;X.5.13;C.4.18;Y.8.16;Y.8.15;Y.8.14;Y.8.13;Y.8.12;Y.8.11;Y.8.10;C.2.16;C.2.12;C.2.8;Y.8.9;Y.8.8;Y.8.7;Y.8.6;Y.8.5;Y.8.4;Y.8.3;Y.8.2;Y.8.1
Semitruck,1744080083.806,36.207,38,0.600,X.5.19;X.5.18;X.5.17;X.5.16;X.5.15;X.5.14;X.5.13;C.4.4;C.4.3;C.4.2;X.5.12;X.5.11;X.5.10;X.5.9;X.5.8;C.3.18;Y.4.16;Y.4.15;Y.4.14;Y.4.13;Y.4.12;Y.4.11;Y.4.10;C.1.20;X.4.8;X.4.9;X.4.10;X.4.11;X.4.12;C.2.13;C.2.14;C.2.15;X.4.13;X.4.14;X.4.15;X.4.16;X.4.17;X.4.18;X.4.19
Schoolbus,1744080094.464,25.899,26,0.800,Y.7.26;Y.7.25;Y.7.24;Y.7.23;Y.7.22;Y.7.21;Y.7.20;Y.7.19;Y.7.18;Y.7.17;C.4.7;X.6.12;X.6.11;X.6.10;X.6.9;X.6.8;C.3.6;Y.2.17;Y.2.18;Y.2.19;Y.2.20;Y.2.21;Y.2.22;Y.2.23;Y.2.24;Y.2.25;Y.2.26
Car,1744080105.415,17.096,31,1.000,Y.1.1;Y.1.2;Y.1.3;Y.1.4;Y.1.5;Y.1.6;Y.1.7;Y.1.8;Y.1.9;C.1.1;C.1.5;C.1.9;Y.1.10;Y.1.11;Y.1.12;Y.1.13;Y.1.14;Y.1.15;Y.1.16;C.3.1;C.3.5;C.3.9;Y.1.17;Y.1.18;Y.1.19;Y.1.20;Y.1.21;Y.1.22;Y.1.23;Y.1.24;Y.1.25;Y.1.26
Car,1744080114.064,9.058,17,1.000,Y.8.26;Y.8.25;Y.8.24;Y.8.23;Y.8.22;Y.8.21;Y.8.20;Y.8.19;Y.8.18;Y.8.17;C.4.20;X.8.13;X.8.14;X.8.15;X.8.16;X.8.17;X.8.18;X.8.19
Car,1744080107.305,18.738,27,1.000,X.7.1;X.7.2;X.7.3;X.7.4;X.7.5;X.7.6;X.7.7;C.3.11;C.3.8;Y.4.16;Y.4.15;Y.4.14;Y.4.13;Y.4.12;Y.4.11;Y.4.10;C.1.16;C.1.12;C.1.8;Y.4.9;Y.4.8;Y.4.7;Y.4.6;Y.4.5;Y.4.4;Y.4.3;Y.4.2;Y.4.1
Truck,1744080102.163,24.824,26,0.700,Y.7.26;Y.7.25;Y.7.24;Y.7.23;Y.7.22;Y.7.21;Y.7.20;Y.7.19;Y.7.18;Y.7.17;C.4.7;X.6.12;X.6.11;X.6.10;X.6.9;X.6.8;C.3.6;Y.2.17;Y.2.18;Y.2.19;Y.2.20;Y.2.21;Y.2.22;Y.2.23;Y.2.24;Y.2.25;Y.2.26
Car,1744080112.333,15.118,22,1.000,X.7.1;X.7.2;X.7.3;X.7.4;X.7.5;X.7.6;X.7.7;C.3.11;Y.3.16;Y.3.15;Y.3.14;Y.3.13;Y.3.12;Y.3.11;Y.3.10;C.1.7;X.2.7;X.2.6;X.2.5;X.2.4;X.2.3;X.2.2;X.2.1
Motorcycle,1744080118.819,8.880,18,1.250,X.6.19;X.6.18;X.6.17;X.6.16;X.6.15;X.6.14;X.6.13;C.4.6;C.4.9;Y.5.17;Y.5.18;Y.5.19;Y.5.20;Y.5.21;Y.5.22;Y.5.23;Y.5.24;Y.5.25;Y.5.26
Schoolbus,1744080108.712,20.994,31,0.800,Y.1.1;Y.1.2;Y.1.3;Y.1.4;Y.1.5;Y.1.6;Y.1.7;Y.1.8;Y.1.9;C.1.1;C.1.5;C.1.9;Y.1.10;Y.1.11;Y.1.12;Y.1.13;Y.1.14;Y.1.15;Y.1.16;C.3.1;C.3.5;C.3.9;Y.1.17;Y.1.18;Y.1.19;Y.1.20;Y.1.21;Y.1.22;Y.1.23;Y.1.24;Y.1.25;Y.1.26
Truck,1744080110.515,20.639,27,0.700,Y.8.26;Y.8.25;Y.8.24;Y.8.23;Y.8.22;Y.8.21;Y.8.20;Y.8.19;Y.8.18;Y.8.17;C.4.16;C.4.12;C.4.8;Y.8.16;Y.8.15;Y.8.14;Y.8.13;Y.8.12;Y.8.11;Y.8.10;C.2.20;X.4.13;X.4.14;X.4.15;X.4.16;X.4.17;X.4.18;X.4.19
Truck,1744080120.670,12.599,17,0.700,Y.8.26;Y.8.25;Y.8.24;Y.8.23;Y.8.22;Y.8.21;Y.8.20;Y.8.19;Y.8.18;Y.8.17;C.4.20;X.8.13;X.8.14;X.8.15;X.8.16;X.8.17;X.8.18;X.8.19
Ambulance,1744080115.559,17.727,26,1.000,Y.7.26;Y.7.25;Y.7.24;Y.7.23;Y.7.22;Y.7.21;Y.7.20;Y.7.19;Y.7.18;Y.7.17;C.4.7;X.6.12;X.6.11;X.6.10;X.6.9;X.6.8;C.3.6;Y.2.17;Y.2.18;Y.2.19;Y.2.20;Y.2.21;Y.2.22;Y.2.23;Y.2.24;Y.2.25;Y.2.26
Truck,1744080099.205,34.765,38,0.700,X.5.19;X.5.18;X.5.17;X.5.16;X.5.15;X.5.14;X.5.13;C.4.4;C.4.3;C.4.2;X.5.12;X.5.11;X.5.10;X.5.9;X.5.8;C.3.18;Y.4.16;Y.4.15;Y.4.14;Y.4.13;Y.4.12;Y.4.11;Y.4.10;C.1.20;X.4.8;X.4.9;X.4.10;X.4.11;X.4.12;C.2.13;C.2.14;C.2.15;X.4.13;X.4.14;X.4.15;X.4.16;X.4.17;X.4.18;X.4.19
Motorcycle,1744080124.981,9.309,22,1.250,X.4.1;X.4.2;X.4.3;X.4.4;X.4.5;X.4.6;X.4.7;C.1.19;Y.1.10;Y.1.11;Y.1.12;Y.1.13;Y.1.14;Y.1.15;Y.1.16;C.3.17;X.5.7;X.5.6;X.5.5;X.5.4;X.5.3;X.5.2;X.5.1
Car,1744080128.586,8.563,16,1.000,X.1.19;X.1.18;X.1.17;X.1.16;X.1.15;X.1.14;X.1.13;C.2.18;Y.8.9;Y.8.8;Y.8.7;Y.8.6;Y.8.5;Y.8.4;Y.8.3;Y.8.2;Y.8.1
Truck,1744080123.323,15.064,18,0.700,Y.3.26;Y.3.25;Y.3.24;Y.3.23;Y.3.22;Y.3.21;Y.3.20;Y.3.19;Y.3.18;Y.3.17;C.3.7;C.3.2;X.5.7;X.5.6;X.5.5;X.5.4;X.5.3;X.5.2;X.5.1
Truck,1744080100.501,38.165,48,0.700,Y.5.1;Y.5.2;Y.5.3;Y.5.4;Y.5.5;Y.5.6;Y.5.7;Y.5.8;Y.5.9;C.2.1;C.2.5;C.2.9;Y.5.10;Y.5.11;Y.5.12;Y.5.13;Y.5.14;Y.5.15;Y.5.16;C.4.17;X.5.12;X.5.11;X.5.10;X.5.9;X.5.8;C.3.18;Y.4.16;Y.4.15;Y.4.14;Y.4.13;Y.4.12;Y.4.11;Y.4.10;C.1.20;X.4.8;X.4.9;X.4.10;X.4.11;X.4.12;C.2.13;C.2.14;C.2.15;X.4.13;X.4.14;X.4.15;X.4.16;X.4.17;X.4.18;X.4.19
Motorcycle,1744080116.838,22.646,40,1.250,Y.7.26;Y.7.25;Y.7.24;Y.7.23;Y.7.22;Y.7.21;Y.7.20;Y.7.19;Y.7.18;Y.7.17;C.4.7;C.4.2;X.5.12;X.5.11;X.5.10;X.5.9;X.5.8;C.3.18;Y.4.16;Y.4.15;Y.4.14;Y.4.13;Y.4.12;Y.4.11;Y.4.10;C.1.20;X.4.8;X.4.9;X.4.10;X.4.11;X.4.12;C.2.13;C.2.14;C.2.15;X.4.13;X.4.14;X.4.15;X.4.16;X.4.17;X.4.18;X.4.19
Semitruck,1744080093.103,49.579,51,0.600,Y.7.26;Y.7.25;Y.7.24;Y.7.23;Y.7.22;Y.7.21;Y.7.20;Y.7.19;Y.7.18;Y.7.17;C.4.7;C.4.2;X.5.12;X.5.11;X.5.10;X.5.9;X.5.8;C.3.18;Y.4.16;Y.4.15;Y.4.14;Y.4.13;Y.4.12;Y.4.11;Y.4.10;C.1.20;X.4.8;X.4.9;X.4.10;X.4.11;X.4.12;C.2.19;Y.5.10;Y.5.11;Y.5.12;Y.5.13;Y.5.14;Y.5.15;Y.5.16;C.4.1;C.4.5;C.4.9;Y.5.17;Y.5.18;Y.5.19;Y.5.20;Y.5.21;Y.5.22;Y.5.23;Y.5.24;Y.5.25;Y.5.26
Motorcycle,1744080133.594,9.672,22,1.250,X.5.19;X.5.18;X.5.17;X.5.16;X.5.15;X.5.14;X.5.13;C.4.18;Y.8.16;Y.8.15;Y.8.14;Y.8.13;Y.8.12;Y.8.11;Y.8.10;C.2.20;X.4.13;X.4.14;X.4.15;X.4.16;X.4.17;X.4.18;X.4.19
Car,1744080130.565,15.261,27,1.000,Y.8.26;Y.8.25;Y.8.24;Y.8.23;Y.8.22;Y.8.21;Y.8.20;Y.8.19;Y.8.18;Y.8.17;C.4.16;C.4.12;C.4.8;Y.8.16;Y.8.15;Y.8.14;Y.8.13;Y.8.12;Y.8.11;Y.8.10;C.2.20;X.4.13;X.4.14;X.4.15;X.4.16;X.4.17;X.4.18;X.4.19
Truck,1744080122.017,24.124,31,0.700,Y.8.26;Y.8.25;Y.8.24;Y.8.23;Y.8.22;Y.8.21;Y.8.20;Y.8.19;Y.8.18;Y.8.17;C.4.16;C.4.12;C.4.8;Y.8.16;Y.8.15;Y.8.14;Y.8.13;Y.8.12;Y.8.11;Y.8.10;C.2.16;C.2.12;C.2.8;Y.8.9;Y.8.8;Y.8.7;Y.8.6;Y.8.5;Y.8.4;Y.8.3;Y.8.2;Y.8.1
Semitruck,1744080132.311,14.781,17,0.600,Y.8.26;Y.8.25;Y.8.24;Y.8.23;Y.8.22;Y.8.21;Y.8.20;Y.8.19;Y.8.18;Y.8.17;C.4.20;X.8.13;X.8.14;X.8.15;X.8.16;X.8.17;X.8.18;X.8.19
Car,1744080136.889,10.684,17,1.000,Y.3.26;Y.3.25;Y.3.24;Y.3.23;Y.3.22;Y.3.21;Y.3.20;Y.3.19;Y.3.18;Y.3.17;C.3.7;X.6.7;X.6.6;X.6.5;X.6.4;X.6.3;X.6.2;X.6.1
Truck,1744080126.658,21.395,23,0.700,X.7.1;X.7.2;X.7.3;X.7.4;X.7.5;X.7.6;X.7.7;C.3.11;Y.3.16;Y.3.15;Y.3.14;Y.3.13;Y.3.12;Y.3.11;Y.3.10;C.1.7;C.1.2;X.1.7;X.1.6;X.1.5;X.1.4;X.1.3;X.1.2;X.1.1
Car,1744080140.689,13.606,24,1.000,X.1.19;X.1.18;X.1.17;X.1.16;X.1.15;X.1.14;X.1.13;C.2.4;C.2.3;C.2.2;X.1.12;X.1.11;X.1.10;X.1.9;X.1.8;C.1.18;Y.4.9;Y.4.8;Y.4.7;Y.4.6;Y.4.5;Y.4.4;Y.4.3;Y.4.2;Y.4.1
Car,1744080138.841,19.326,34,1.000,X.5.19;X.5.18;X.5.17;X.5.16;X.5.15;X.5.14;X.5.13;C.4.4;C.4.3;C.4.2;X.5.12;X.5.11;X.5.10;X.5.9;X.5.8;C.3.18;Y.4.16;Y.4.15;Y.4.14;Y.4.13;Y.4.12;Y.4.11;Y.4.10;C.1.16;C.1.12;C.1.8;Y.4.9;Y.4.8;Y.4.7;Y.4.6;Y.4.5;Y.4.4;Y.4.3;Y.4.2;Y.4.1
Truck,1744080144.179,14.620,17,0.700,Y.6.1;Y.6.2;Y.6.3;Y.6.4;Y.6.5;Y.6.6;Y.6.7;Y.6.8;Y.6.9;C.2.10;C.2.15;X.4.13;X.4.14;X.4.15;X.4.16;X.4.17;X.4.18;X.4.19
Motorcycle,1744080152.002,6.877,16,1.250,X.1.19;X.1.18;X.1.17;X.1.16;X.1.15;X.1.14;X.1.13;C.2.18;Y.8.9;Y.8.8;Y.8.7;Y.8.6;Y.8.5;Y.8.4;Y.8.3;Y.8.2;Y.8.1
Ambulance,1744080150.401,10.292,16,1.000,Y.6.1;Y.6.2;Y.6.3;Y.6.4;Y.6.5;Y.6.6;Y.6.7;Y.6.8;Y.6.9;C.2.10;X.3.13;X.3.14;X.3.15;X.3.16;X.3.17;X.3.18;X.3.19
Truck,1744080142.347,20.640,27,0.700,Y.8.26;Y.8.25;Y.8.24;Y.8.23;Y.8.22;Y.8.21;Y.8.20;Y.8.19;Y.8.18;Y.8.17;C.4.16;C.4.12;C.4.8;Y.8.16;Y.8.15;Y.8.14;Y.8.13;Y.8.12;Y.8.11;Y.8.10;C.2.20;X.4.13;X.4.14;X.4.15;X.4.16;X.4.17;X.4.18;X.4.19
Motorcycle,1744080155.206,12.430,25,1.250,Y.2.1;Y.2.2;Y.2.3;Y.2.4;Y.2.5;Y.2.6;Y.2.7;Y.2.8;Y.2.9;C.1.10;C.1.15;X.4.8;X.4.9;X.4.10;X.4.11;X.4.12;C.2.13;C.2.14;C.2.15;X.4.13;X.4.14;X.4.15;X.4.16;X.4.17;X.4.18;X.4.19
Schoolbus,1744080156.581,12.472,16,0.800,X.3.1;X.3.2;X.3.3;X.3.4;X.3.5;X.3.6;X.3.7;C.1.11;Y.3.9;Y.3.8;Y.3.7;Y.3.6;Y.3.5;Y.3.4;Y.3.3;Y.3.2;Y.3.1
Motorcycle,1744080158.177,11.055,24,1.250,X.1.19;X.1.18;X.1.17;X.1.16;X.1.15;X.1.14;X.1.13;C.2.4;C.2.3;C.2.2;X.1.12;X.1.11;X.1.10;X.1.9;X.1.8;C.1.4;C.1.3;C.1.2;X.1.7;X.1.6;X.1.5;X.1.4;X.1.3;X.1.2;X.1.1
Car,1744080135.036,34.954,59,1.000,Y.4.26;Y.4.25;Y.4.24;Y.4.23;Y.4.22;Y.4.21;Y.4.20;Y.4.19;Y.4.18;Y.4.17;C.3.16;C.3.12;C.3.8;Y.4.16;Y.4.15;Y.4.14;Y.4.13;Y.4.12;Y.4.11;Y.4.10;C.1.20;X.4.8;X.4.9;X.4.10;X.4.11;X.4.12;C.2.19;Y.5.10;Y.5.11;Y.5.12;Y.5.13;Y.5.14;Y.5.15;Y.5.16;C.4.17;X.5.12;X.5.11;X.5.10;X.5.9;X.5.8;C.3.18;Y.4.16;Y.4.15;Y.4.14;Y.4.13;Y.4.12;Y.4.11;Y.4.10;C.1.16;C.1.12;C.1.8;Y.4.9;Y.4.8;Y.4.7;Y.4.6;Y.4.5;Y.4.4;Y.4.3;Y.4.2;Y.4.1
Truck,1744080147.368,27.618,35,0.700,Y.4.26;Y.4.25;Y.4.24;Y.4.23;Y.4.22;Y.4.21;Y.4.20;Y.4.19;Y.4.18;Y.4.17;C.3.16;C.3.12;C.3.8;Y.4.16;Y.4.15;Y.4.14;Y.4.13;Y.4.12;Y.4.11;Y.4.10;C.1.20;X.4.8;X.4.9;X.4.10;X.4.11;X.4.12;C.2.13;C.2.14;C.2.15;X.4.13;X.4.14;X.4.15;X.4.16;X.4.17;X.4.18;X.4.19
Motorcycle,1744080163.333,11.951,24,1.250,X.1.19;X.1.18;X.1.17;X.1.16;X.1.15;X.1.14;X.1.13;C.2.4;C.2.3;C.2.2;X.1.12;X.1.11;X.1.10;X.1.9;X.1.8;C.1.18;Y.4.9;Y.4.8;Y.4.7;Y.4.6;Y.4.5;Y.4.4;Y.4.3;Y.4.2;Y.4.1
Motorcycle,1744080161.623,14.438,27,1.250,Y.7.26;Y.7.25;Y.7.24;Y.7.23;Y.7.22;Y.7.21;Y.7.20;Y.7.19;Y.7.18;Y.7.17;C.4.7;X.6.12;X.6.11;X.6.10;X.6.9;X.6.8;C.3.6;C.3.9;Y.1.17;Y.1.18;Y.1.19;Y.1.20;Y.1.21;Y.1.22;Y.1.23;Y.1.24;Y.1.25;Y.1.26
Schoolbus,1744080159.633,16.896,24,0.800,X.1.19;X.1.18;X.1.17;X.1.16;X.1.15;X.1.14;X.1.13;C.2.4;C.2.3;C.2.2;X.1.12;X.1.11;X.1.10;X.1.9;X.1.8;C.1.4;C.1.3;C.1.2;X.1.7;X.1.6;X.1.5;X.1.4;X.1.3;X.1.2;X.1.1
Car,1744080166.813,10.446,17,1.000,Y.6.1;Y.6.2;Y.6.3;Y.6.4;Y.6.5;Y.6.6;Y.6.7;Y.6.8;Y.6.9;C.2.10;C.2.15;X.4.13;X.4.14;X.4.15;X.4.16;X.4.17;X.4.18;X.4.19
Car,1744080168.100,10.126,16,1.000,X.3.1;X.3.2;X.3.3;X.3.4;X.3.5;X.3.6;X.3.7;C.1.11;Y.3.9;Y.3.8;Y.3.7;Y.3.6;Y.3.5;Y.3.4;Y.3.3;Y.3.2;Y.3.1
Bulldozer,1744080148.935,30.653,22,0.500,X.2.19;X.2.18;X.2.17;X.2.16;X.2.15;X.2.14;X.2.13;C.2.6;Y.6.10;Y.6.11;Y.6.12;Y.6.13;Y.6.14;Y.6.15;Y.6.16;C.4.10;X.7.13;X.7.14;X.7.15;X.7.16;X.7.17;X.7.18;X.7.19
Car,1744080146.116,34.018,59,1.000,Y.5.1;Y.5.2;Y.5.3;Y.5.4;Y.5.5;Y.5.6;Y.5.7;Y.5.8;Y.5.9;C.2.1;C.2.5;C.2.9;Y.5.10;Y.5.11;Y.5.12;Y.5.13;Y.5.14;Y.5.15;Y.5.16;C.4.17;X.5.12;X.5.11;X.5.10;X.5.9;X.5.8;C.3.18;Y.4.16;Y.4.15;Y.4.14;Y.4.13;Y.4.12;Y.4.11;Y.4.10;C.1.20;X.4.8;X.4.9;X.4.10;X.4.11;X.4.12;C.2.19;Y.5.10;Y.5.11;Y.5.12;Y.5.13;Y.5.14;Y.5.15;Y.5.16;C.4.1;C.4.5;C.4.9;Y.5.17;Y.5.18;Y.5.19;Y.5.20;Y.5.21;Y.5.22;Y.5.23;Y.5.24;Y.5.25;Y.5.26
Truck,1744080153.778,27.631,35,0.700,Y.4.26;Y.4.25;Y.4.24;Y.4.23;Y.4.22;Y.4.21;Y.4.20;Y.4.19;Y.4.18;Y.4.17;C.3.16;C.3.12;C.3.8;Y.4.16;Y.4.15;Y.4.14;Y.4.13;Y.4.12;Y.4.11;Y.4.10;C.1.20;X.4.8;X.4.9;X.4.10;X.4.11;X.4.12;C.2.13;C.2.14;C.2.15;X.4.13;X.4.14;X.4.15;X.4.16;X.4.17;X.4.18;X.4.19
Schoolbus,1744080171.885,10.292,16,0.800,Y.1.1;Y.1.2;Y.1.3;Y.1.4;Y.1.5;Y.1.6;Y.1.7;Y.1.8;Y.1.9;C.1.17;X.1.7;X.1.6;X.1.5;X.1.4;X.1.3;X.1.2;X.1.1
Truck,1744080173.863,11.628,16,0.700,Y.1.1;Y.1.2;Y.1.3;Y.1.4;Y.1.5;Y.1.6;Y.1.7;Y.1.8;Y.1.9;C.1.17;X.1.7;X.1.6;X.1.5;X.1.4;X.1.3;X.1.2;X.1.1
Truck,1744080165.178,21.701,22,0.700,X.2.19;X.2.18;X.2.17;X.2.16;X.2.15;X.2.14;X.2.13;C.2.6;Y.6.10;Y.6.11;Y.6.12;Y.6.13;Y.6.14;Y.6.15;Y.6.16;C.4.10;X.7.13;X.7.14;X.7.15;X.7.16;X.7.17;X.7.18;X.7.19
Semitruck,1744080169.971,17.687,17,0.600,X.6.19;X.6.18;X.6.17;X.6.16;X.6.15;X.6.14;X.6.13;C.4.6;Y.6.17;Y.6.18;Y.6.19;Y.6.20;Y.6.21;Y.6.22;Y.6.23;Y.6.24;Y.6.25;Y.6.26
Motorcycle,1744080175.167,13.736,31,1.250,Y.5.1;Y.5.2;Y.5.3;Y.5.4;Y.5.5;Y.5.6;Y.5.7;Y.5.8;Y.5.9;C.2.1;C.2.5;C.2.9;Y.5.10;Y.5.11;Y.5.12;Y.5.13;Y.5.14;Y.5.15;Y.5.16;C.4.1;C.4.5;C.4.9;Y.5.17;Y.5.18;Y.5.19;Y.5.20;Y.5.21;Y.5.22;Y.5.23;Y.5.24;Y.5.25;Y.5.26
Motorcycle,1744080176.745,15.062,31,1.250,X.7.1;X.7.2;X.7.3;X.7.4;X.7.5;X.7.6;X.7.7;C.3.11;C.3.8;Y.4.16;Y.4.15;Y.4.14;Y.4.13;Y.4.12;Y.4.11;Y.4.10;C.1.20;X.4.8;X.4.9;X.4.10;X.4.11;X.4.12;C.2.13;C.2.14;C.2.15;X.4.13;X.4.14;X.4.15;X.4.16;X.4.17;X.4.18;X.4.19
Motorcycle,1744080180.953,10.888,22,1.250,X.4.1;X.4.2;X.4.3;X.4.4;X.4.5;X.4.6;X.4.7;C.1.19;Y.1.10;Y.1.11;Y.1.12;Y.1.13;Y.1.14;Y.1.15;Y.1.16;C.3.17;X.5.7;X.5.6;X.5.5;X.5.4;X.5.3;X.5.2;X.5.1
Truck,1744080178.336,14.403,17,0.700,X.3.1;X.3.2;X.3.3;X.3.4;X.3.5;X.3.6;X.3.7;C.1.11;C.1.8;Y.4.9;Y.4.8;Y.4.7;Y.4.6;Y.4.5;Y.4.4;Y.4.3;Y.4.2;Y.4.1
Car,1744080182.203,10.634,17,1.000,Y.3.26;Y.3.25;Y.3.24;Y.3.23;Y.3.22;Y.3.21;Y.3.20;Y.3.19;Y.3.18;Y.3.17;C.3.7;X.6.7;X.6.6;X.6.5;X.6.4;X.6.3;X.6.2;X.6.1
Motorcycle,1744080188.529,7.140,17,1.250,X.8.1;X.8.2;X.8.3;X.8.4;X.8.5;X.8.6;X.8.7;C.3.19;Y.1.17;Y.1.18;Y.1.19;Y.1.20;Y.1.21;Y.1.22;Y.1.23;Y.1.24;Y.1.25;Y.1.26
Car,1744080190.300,8.874,17,1.000,X.8.1;X.8.2;X.8.3;X.8.4;X.8.5;X.8.6;X.8.7;C.3.19;Y.1.17;Y.1.18;Y.1.19;Y.1.20;Y.1.21;Y.1.22;Y.1.23;Y.1.24;Y.1.25;Y.1.26
Motorcycle,1744080185.057,14.941,27,1.250,Y.7.26;Y.7.25;Y.7.24;Y.7.23;Y.7.22;Y.7.21;Y.7.20;Y.7.19;Y.7.18;Y.7.17;C.4.7;X.6.12;X.6.11;X.6.10;X.6.9;X.6.8;C.3.6;C.3.9;Y.1.17;Y.1.18;Y.1.19;Y.1.20;Y.1.21;Y.1.22;Y.1.23;Y.1.24;Y.1.25;Y.1.26
Truck,1744080183.555,18.940,24,0.700,X.1.19;X.1.18;X.1.17;X.1.16;X.1.15;X.1.14;X.1.13;C.2.4;C.2.3;C.2.2;X.1.12;X.1.11;X.1.10;X.1.9;X.1.8;C.1.18;Y.4.9;Y.4.8;Y.4.7;Y.4.6;Y.4.5;Y.4.4;Y.4.3;Y.4.2;Y.4.1
Motorcycle,1744080191.987,11.055,24,1.250,X.1.19;X.1.18;X.1.17;X.1.16;X.1.15;X.1.14;X.1.13;C.2.4;C.2.3;C.2.2;X.1.12;X.1.11;X.1.10;X.1.9;X.1.8;C.1.4;C.1.3;C.1.2;X.1.7;X.1.6;X.1.5;X.1.4;X.1.3;X.1.2;X.1.1
Semitruck,1744080186.874,16.566,16,0.600,X.3.1;X.3.2;X.3.3;X.3.4;X.3.5;X.3.6;X.3.7;C.1.11;Y.3.9;Y.3.8;Y.3.7;Y.3.6;Y.3.5;Y.3.4;Y.3.3;Y.3.2;Y.3.1
Car,1744080195.349,8.575,16,1.000,X.1.19;X.1.18;X.1.17;X.1.16;X.1.15;X.1.14;X.1.13;C.2.18;Y.8.9;Y.8.8;Y.8.7;Y.8.6;Y.8.5;Y.8.4;Y.8.3;Y.8.2;Y.8.1
Motorcycle,1744080196.803,11.482,26,1.250,X.5.19;X.5.18;X.5.17;X.5.16;X.5.15;X.5.14;X.5.13;C.4.18;Y.8.16;Y.8.15;Y.8.14;Y.8.13;Y.8.12;Y.8.11;Y.8.10;C.2.16;C.2.12;C.2.8;Y.8.9;Y.8.8;Y.8.7;Y.8.6;Y.8.5;Y.8.4;Y.8.3;Y.8.2;Y.8.1
Car,1744080198.403,10.132,16,1.000,X.3.1;X.3.2;X.3.3;X.3.4;X.3.5;X.3.6;X.3.7;C.1.11;Y.3.9;Y.3.8;Y.3.7;Y.3.6;Y.3.5;Y.3.4;Y.3.3;Y.3.2;Y.3.1
Truck,1744080179.675,30.131,38,0.700,X.4.1;X.4.2;X.4.3;X.4.4;X.4.5;X.4.6;X.4.7;C.1.13;C.1.14;C.1.15;X.4.8;X.4.9;X.4.10;X.4.11;X.4.12;C.2.19;Y.5.10;Y.5.11;Y.5.12;Y.5.13;Y.5.14;Y.5.15;Y.5.16;C.4.17;X.5.12;X.5.11;X.5.10;X.5.9;X.5.8;C.3.4;C.3.3;C.3.2;X.5.7;X.5.6;X.5.5;X.5.4;X.5.3;X.5.2;X.5.1
Motorcycle,1744080200.140,10.083,17,1.250,X.3.1;X.3.2;X.3.3;X.3.4;X.3.5;X.3.6;X.3.7;C.1.11;C.1.8;Y.4.9;Y.4.8;Y.4.7;Y.4.6;Y.4.5;Y.4.4;Y.4.3;Y.4.2;Y.4.1
Motorcycle,1744080201.864,10.928,24,1.250,X.1.19;X.1.18;X.1.17;X.1.16;X.1.15;X.1.14;X.1.13;C.2.4;C.2.3;C.2.2;X.1.12;X.1.11;X.1.10;X.1.9;X.1.8;C.1.18;Y.4.9;Y.4.8;Y.4.7;Y.4.6;Y.4.5;Y.4.4;Y.4.3;Y.4.2;Y.4.1
Truck,1744080193.547,22.060,26,0.700,Y.7.26;Y.7.25;Y.7.24;Y.7.23;Y.7.22;Y.7.21;Y.7.20;Y.7.19;Y.7.18;Y.7.17;C.4.7;C.4.2;X.5.12;X.5.11;X.5.10;X.5.9;X.5.8;C.3.4;C.3.3;C.3.2;X.5.7;X.5.6;X.5.5;X.5.4;X.5.3;X.5.2;X.5.1
Truck,1744080203.429,15.136,17,0.700,X.6.19;X.6.18;X.6.17;X.6.16;X.6.15;X.6.14;X.6.13;C.4.6;Y.6.17;Y.6.18;Y.6.19;Y.6.20;Y.6.21;Y.6.22;Y.6.23;Y.6.24;Y.6.25;Y.6.26
Schoolbus,1744080208.799,10.282,16,0.800,Y.1.1;Y.1.2;Y.1.3;Y.1.4;Y.1.5;Y.1.6;Y.1.7;Y.1.8;Y.1.9;C.1.17;X.1.7;X.1.6;X.1.5;X.1.4;X.1.3;X.1.2;X.1.1
Truck,1744080211.978,12.590,17,0.700,Y.8.26;Y.8.25;Y.8.24;Y.8.23;Y.8.22;Y.8.21;Y.8.20;Y.8.19;Y.8.18;Y.8.17;C.4.20;X.8.13;X.8.14;X.8.15;X.8.16;X.8.17;X.8.18;X.8.19
Ambulance,1744080210.647,14.607,27,1.000,X.4.1;X.4.2;X.4.3;X.4.4;X.4.5;X.4.6;X.4.7;C.1.19;Y.1.10;Y.1.11;Y.1.12;Y.1.13;Y.1.14;Y.1.15;Y.1.16;C.3.1;C.3.5;C.3.9;Y.1.17;Y.1.18;Y.1.19;Y.1.20;Y.1.21;Y.1.22;Y.1.23;Y.1.24;Y.1.25;Y.1.26
Motorcycle,1744080219.688,8.872,18,1.250,X.6.19;X.6.18;X.6.17;X.6.16;X.6.15;X.6.14;X.6.13;C.4.6;C.4.9;Y.5.17;Y.5.18;Y.5.19;Y.5.20;Y.5.21;Y.5.22;Y.5.23;Y.5.24;Y.5.25;Y.5.26
Truck,1744080213.971,14.605,17,0.700,Y.6.1;Y.6.2;Y.6.3;Y.6.4;Y.6.5;Y.6.6;Y.6.7;Y.6.8;Y.6.9;C.2.10;C.2.15;X.4.13;X.4.14;X.4.15;X.4.16;X.4.17;X.4.18;X.4.19
Car,1744080221.115,8.567,16,1.000,X.1.19;X.1.18;X.1.17;X.1.16;X.1.15;X.1.14;X.1.13;C.2.18;Y.8.9;Y.8.8;Y.8.7;Y.8.6;Y.8.5;Y.8.4;Y.8.3;Y.8.2;Y.8.1
Police_Car,1744080216.993,13.753,24,1.000,X.4.1;X.4.2;X.4.3;X.4.4;X.4.5;X.4.6;X.4.7;C.1.13;C.1.14;C.1.15;X.4.8;X.4.9;X.4.10;X.4.11;X.4.12;C.2.13;C.2.14;C.2.15;X.4.13;X.4.14;X.4.15;X.4.16;X.4.17;X.4.18;X.4.19
Bulldozer,1744080205.023,30.154,23,0.500,X.7.1;X.7.2;X.7.3;X.7.4;X.7.5;X.7.6;X.7.7;C.3.11;Y.3.16;Y.3.15;Y.3.14;Y.3.13;Y.3.12;Y.3.11;Y.3.10;C.1.7;C.1.2;X.1.7;X.1.6;X.1.5;X.1.4;X.1.3;X.1.2;X.1.1
Motorcycle,1744080228.992,8.435,17,1.250,Y.6.1;Y.6.2;Y.6.3;Y.6.4;Y.6.5;Y.6.6;Y.6.7;Y.6.8;Y.6.9;C.2.10;C.2.15;X.4.13;X.4.14;X.4.15;X.4.16;X.4.17;X.4.18;X.4.19
Bulldozer,1744080206.930,33.084,28,0.500,X.2.19;X.2.18;X.2.17;X.2.16;X.2.15;X.2.14;X.2.13;C.2.6;C.2.9;Y.5.10;Y.5.11;Y.5.12;Y.5.13;Y.5.14;Y.5.15;Y.5.16;C.4.1;C.4.5;C.4.9;Y.5.17;Y.5.18;Y.5.19;Y.5.20;Y.5.21;Y.5.22;Y.5.23;Y.5.24;Y.5.25;Y.5.26
Ambulance,1744080227.480,13.542,18,1.000,X.6.19;X.6.18;X.6.17;X.6.16;X.6.15;X.6.14;X.6.13;C.4.6;C.4.9;Y.5.17;Y.5.18;Y.5.19;Y.5.20;Y.5.21;Y.5.22;Y.5.23;Y.5.24;Y.5.25;Y.5.26
Car,1744080224.452,17.101,31,1.000,Y.8.26;Y.8.25;Y.8.24;Y.8.23;Y.8.22;Y.8.21;Y.8.20;Y.8.19;Y.8.18;Y.8.17;C.4.16;C.4.12;C.4.8;Y.8.16;Y.8.15;Y.8.14;Y.8.13;Y.8.12;Y.8.11;Y.8.10;C.2.16;C.2.12;C.2.8;Y.8.9;Y.8.8;Y.8.7;Y.8.6;Y.8.5;Y.8.4;Y.8.3;Y.8.2;Y.8.1
Car,1744080225.946,17.233,31,1.000,Y.8.26;Y.8.25;Y.8.24;Y.8.23;Y.8.22;Y.8.21;Y.8.20;Y.8.19;Y.8.18;Y.8.17;C.4.16;C.4.12;C.4.8;Y.8.16;Y.8.15;Y.8.14;Y.8.13;Y.8.12;Y.8.11;Y.8.10;C.2.16;C.2.12;C.2.8;Y.8.9;Y.8.8;Y.8.7;Y.8.6;Y.8.5;Y.8.4;Y.8.3;Y.8.2;Y.8.1
Car,1744080232.682,10.829,18,1.000,Y.3.26;Y.3.25;Y.3.24;Y.3.23;Y.3.22;Y.3.21;Y.3.20;Y.3.19;Y.3.18;Y.3.17;C.3.7;C.3.2;X.5.7;X.5.6;X.5.5;X.5.4;X.5.3;X.5.2;X.5.1
Motorcycle,1744080230.700,13.766,31,1.250,Y.8.26;Y.8.25;Y.8.24;Y.8.23;Y.8.22;Y.8.21;Y.8.20;Y.8.19;Y.8.18;Y.8.17;C.4.16;C.4.12;C.4.8;Y.8.16;Y.8.15;Y.8.14;Y.8.13;Y.8.12;Y.8.11;Y.8.10;C.2.16;C.2.12;C.2.8;Y.8.9;Y.8.8;Y.8.7;Y.8.6;Y.8.5;Y.8.4;Y.8.3;Y.8.2;Y.8.1
Car,1744080233.964,11.615,22,1.000,X.4.1;X.4.2;X.4.3;X.4.4;X.4.5;X.4.6;X.4.7;C.1.19;Y.1.10;Y.1.11;Y.1.12;Y.1.13;Y.1.14;Y.1.15;Y.1.16;C.3.17;X.5.7;X.5.6;X.5.5;X.5.4;X.5.3;X.5.2;X.5.1
Truck,1744080235.617,15.148,17,0.700,X.6.19;X.6.18;X.6.17;X.6.16;X.6.15;X.6.14;X.6.13;C.4.6;Y.6.17;Y.6.18;Y.6.19;Y.6.20;Y.6.21;Y.6.22;Y.6.23;Y.6.24;Y.6.25;Y.6.26
Bulldozer,1744080238.741,16.493,16,0.500,Y.1.1;Y.1.2;Y.1.3;Y.1.4;Y.1.5;Y.1.6;Y.1.7;Y.1.8;Y.1.9;C.1.17;X.1.7;X.1.6;X.1.5;X.1.4;X.1.3;X.1.2;X.1.1
Motorcycle,1744080243.497,14.275,26,1.250,Y.7.26;Y.7.25;Y.7.24;Y.7.23;Y.7.22;Y.7.21;Y.7.20;Y.7.19;Y.7.18;Y.7.17;C.4.7;X.6.12;X.6.11;X.6.10;X.6.9;X.6.8;C.3.6;Y.2.17;Y.2.18;Y.2.19;Y.2.20;Y.2.21;Y.2.22;Y.2.23;Y.2.24;Y.2.25;Y.2.26
Motorcycle,1744080245.112,13.737,31,1.250,Y.8.26;Y.8.25;Y.8.24;Y.8.23;Y.8.22;Y.8.21;Y.8.20;Y.8.19;Y.8.18;Y.8.17;C.4.16;C.4.12;C.4.8;Y.8.16;Y.8.15;Y.8.14;Y.8.13;Y.8.12;Y.8.11;Y.8.10;C.2.16;C.2.12;C.2.8;Y.8.9;Y.8.8;Y.8.7;Y.8.6;Y.8.5;Y.8.4;Y.8.3;Y.8.2;Y.8.1
Semitruck,1744080241.825,17.223,17,0.600,Y.6.1;Y.6.2;Y.6.3;Y.6.4;Y.6.5;Y.6.6;Y.6.7;Y.6.8;Y.6.9;C.2.10;C.2.15;X.4.13;X.4.14;X.4.15;X.4.16;X.4.17;X.4.18;X.4.19
Motorcycle,1744080248.722,10.735,24,1.250,Y.5.1;Y.5.2;Y.5.3;Y.5.4;Y.5.5;Y.5.6;Y.5.7;Y.5.8;Y.5.9;C.2.17;X.1.12;X.1.11;X.1.10;X.1.9;X.1.8;C.1.4;C.1.3;C.1.2;X.1.7;X.1.6;X.1.5;X.1.4;X.1.3;X.1.2;X.1.1
Truck,1744080240.244,20.328,27,0.700,X.4.1;X.4.2;X.4.3;X.4.4;X.4.5;X.4.6;X.4.7;C.1.19;Y.1.10;Y.1.11;Y.1.12;Y.1.13;Y.1.14;Y.1.15;Y.1.16;C.3.1;C.3.5;C.3.9;Y.1.17;Y.1.18;Y.1.19;Y.1.20;Y.1.21;Y.1.22;Y.1.23;Y.1.24;Y.1.25;Y.1.26
Police_Car,1744080236.972,23.882,35,1.000,Y.4.26;Y.4.25;Y.4.24;Y.4.23;Y.4.22;Y.4.21;Y.4.20;Y.4.19;Y.4.18;Y.4.17;C.3.16;C.3.12;C.3.8;Y.4.16;Y.4.15;Y.4.14;Y.4.13;Y.4.12;Y.4.11;Y.4.10;C.1.20;X.4.8;X.4.9;X.4.10;X.4.11;X.4.12;C.2.13;C.2.14;C.2.15;X.4.13;X.4.14;X.4.15;X.4.16;X.4.17;X.4.18;X.4.19
Car,1744080246.829,17.749,26,1.000,Y.7.26;Y.7.25;Y.7.24;Y.7.23;Y.7.22;Y.7.21;Y.7.20;Y.7.19;Y.7.18;Y.7.17;C.4.7;X.6.12;X.6.11;X.6.10;X.6.9;X.6.8;C.3.6;Y.2.17;Y.2.18;Y.2.19;Y.2.20;Y.2.21;Y.2.22;Y.2.23;Y.2.24;Y.2.25;Y.2.26
Motorcycle,1744080256.293,8.303,16,1.250,Y.6.1;Y.6.2;Y.6.3;Y.6.4;Y.6.5;Y.6.6;Y.6.7;Y.6.8;Y.6.9;C.2.10;X.3.13;X.3.14;X.3.15;X.3.16;X.3.17;X.3.18;X.3.19
Truck,1744080218.342,46.731,53,0.700,Y.2.1;Y.2.2;Y.2.3;Y.2.4;Y.2.5;Y.2.6;Y.2.7;Y.2.8;Y.2.9;C.1.10;C.1.15;X.4.8;X.4.9;X.4.10;X.4.11;X.4.12;C.2.19;Y.5.10;Y.5.11;Y.5.12;Y.5.13;Y.5.14;Y.5.15;Y.5.16;C.4.17;X.5.12;X.5.11;X.5.10;X.5.9;X.5.8;C.3.18;Y.4.16;Y.4.15;Y.4.14;Y.4.13;Y.4.12;Y.4.11;Y.4.10;C.1.20;X.4.8;X.4.9;X.4.10;X.4.11;X.4.12;C.2.13;C.2.14;C.2.15;X.4.13;X.4.14;X.4.15;X.4.16;X.4.17;X.4.18;X.4.19
Motorcycle,1744080254.480,12.452,25,1.250,Y.2.1;Y.2.2;Y.2.3;Y.2.4;Y.2.5;Y.2.6;Y.2.7;Y.2.8;Y.2.9;C.1.10;C.1.15;X.4.8;X.4.9;X.4.10;X.4.11;X.4.12;C.2.13;C.2.14;C.2.15;X.4.13;X.4.14;X.4.15;X.4.16;X.4.17;X.4.18;X.4.19
Truck,1744080215.227,52.333,64,0.700,Y.2.1;Y.2.2;Y.2.3;Y.2.4;Y.2.5;Y.2.6;Y.2.7;Y.2.8;Y.2.9;C.1.10;C.1.15;X.4.8;X.4.9;X.4.10;X.4.11;X.4.12;C.2.19;Y.5.10;Y.5.11;Y.5.12;Y.5.13;Y.5.14;Y.5.15;Y.5.16;C.4.17;X.5.12;X.5.11;X.5.10;X.5.9;X.5.8;C.3.18;Y.4.16;Y.4.15;Y.4.14;Y.4.13;Y.4.12;Y.4.11;Y.4.10;C.1.20;X.4.8;X.4.9;X.4.10;X.4.11;X.4.12;C.2.19;Y.5.10;Y.5.11;Y.5.12;Y.5.13;Y.5.14;Y.5.15;Y.5.16;C.4.1;C.4.5;C.4.9;Y.5.17;Y.5.18;Y.5.19;Y.5.20;Y.5.21;Y.5.22;Y.5.23;Y.5.24;Y.5.25;Y.5.26
Schoolbus,1744080250.000,18.808,26,0.800,Y.4.26;Y.4.25;Y.4.24;Y.4.23;Y.4.22;Y.4.21;Y.4.20;Y.4.19;Y.4.18;Y.4.17;C.3.20;X.8.8;X.8.9;X.8.10;X.8.11;X.8.12;C.4.19;Y.5.17;Y.5.18;Y.5.19;Y.5.20;Y.5.21;Y.5.22;Y.5.23;Y.5.24;Y.5.25;Y.5.26
Car,1744080253.025,16.796,26,1.000,Y.4.26;Y.4.25;Y.4.24;Y.4.23;Y.4.22;Y.4.21;Y.4.20;Y.4.19;Y.4.18;Y.4.17;C.3.20;X.8.8;X.8.9;X.8.10;X.8.11;X.8.12;C.4.19;Y.5.17;Y.5.18;Y.5.19;Y.5.20;Y.5.21;Y.5.22;Y.5.23;Y.5.24;Y.5.25;Y.5.26
Motorcycle,1744080258.166,13.749,31,1.250,Y.8.26;Y.8.25;Y.8.24;Y.8.23;Y.8.22;Y.8.21;Y.8.20;Y.8.19;Y.8.18;Y.8.17;C.4.16;C.4.12;C.4.8;Y.8.16;Y.8.15;Y.8.14;Y.8.13;Y.8.12;Y.8.11;Y.8.10;C.2.16;C.2.12;C.2.8;Y.8.9;Y.8.8;Y.8.7;Y.8.6;Y.8.5;Y.8.4;Y.8.3;Y.8.2;Y.8.1
Motorcycle,1744080271.064,6.717,16,1.250,Y.1.1;Y.1.2;Y.1.3;Y.1.4;Y.1.5;Y.1.6;Y.1.7;Y.1.8;Y.1.9;C.1.17;X.1.7;X.1.6;X.1.5;X.1.4;X.1.3;X.1.2;X.1.1
Car,1744080261.195,17.750,26,1.000,Y.7.26;Y.7.25;Y.7.24;Y.7.23;Y.7.22;Y.7.21;Y.7.20;Y.7.19;Y.7.18;Y.7.17;C.4.7;X.6.12;X.6.11;X.6.10;X.6.9;X.6.8;C.3.6;Y.2.17;Y.2.18;Y.2.19;Y.2.20;Y.2.21;Y.2.22;Y.2.23;Y.2.24;Y.2.25;Y.2.26
Truck,1744080259.634,19.790,26,0.700,Y.4.26;Y.4.25;Y.4.24;Y.4.23;Y.4.22;Y.4.21;Y.4.20;Y.4.19;Y.4.18;Y.4.17;C.3.20;X.8.8;X.8.9;X.8.10;X.8.11;X.8.12;C.4.19;Y.5.17;Y.5.18;Y.5.19;Y.5.20;Y.5.21;Y.5.22;Y.5.23;Y.5.24;Y.5.25;Y.5.26
Truck,1744080222.846,57.416,72,0.700,Y.5.1;Y.5.2;Y.5.3;Y.5.4;Y.5.5;Y.5.6;Y.5.7;Y.5.8;Y.5.9;C.2.1;C.2.5;C.2.9;Y.5.10;Y.5.11;Y.5.12;Y.5.13;Y.5.14;Y.5.15;Y.5.16;C.4.17;X.5.12;X.5.11;X.5.10;X.5.9;X.5.8;C.3.18;Y.4.16;Y.4.15;Y.4.14;Y.4.13;Y.4.12;Y.4.11;Y.4.10;C.1.20;X.4.8;X.4.9;X.4.10;X.4.11;X.4.12;C.2.19;Y.5.10;Y.5.11;Y.5.12;Y.5.13;Y.5.14;Y.5.15;Y.5.16;C.4.17;X.5.12;X.5.11;X.5.10;X.5.9;X.5.8;C.3.18;Y.4.16;Y.4.15;Y.4.14;Y.4.13;Y.4.12;Y.4.11;Y.4.10;C.1.16;C.1.12;C.1.8;Y.4.9;Y.4.8;Y.4.7;Y.4.6;Y.4.5;Y.4.4;Y.4.3;Y.4.2;Y.4.1
Ambulance,1744080263.166,17.262,28,1.000,X.2.19;X.2.18;X.2.17;X.2.16;X.2.15;X.2.14;X.2.13;C.2.6;C.2.9;Y.5.10;Y.5.11;Y.5.12;Y.5.13;Y.5.14;Y.5.15;Y.5.16;C.4.1;C.4.5;C.4.9;Y.5.17;Y.5.18;Y.5.19;Y.5.20;Y.5.21;Y.5.22;Y.5.23;Y.5.24;Y.5.25;Y.5.26
Truck,1744080251.564,30.934,36,0.700,Y.7.26;Y.7.25;Y.7.24;Y.7.23;Y.7.22;Y.7.21;Y.7.20;Y.7.19;Y.7.18;Y.7.17;C.4.7;C.4.2;X.5.12;X.5.11;X.5.10;X.5.9;X.5.8;C.3.18;Y.4.16;Y.4.15;Y.4.14;Y.4.13;Y.4.12;Y.4.11;Y.4.10;C.1.16;C.1.12;C.1.8;Y.4.9;Y.4.8;Y.4.7;Y.4.6;Y.4.5;Y.4.4;Y.4.3;Y.4.2;Y.4.1
Ambulance,1744080264.849,19.846,35,1.000,Y.4.26;Y.4.25;Y.4.24;Y.4.23;Y.4.22;Y.4.21;Y.4.20;Y.4.19;Y.4.18;Y.4.17;C.3.16;C.3.12;C.3.8;Y.4.16;Y.4.15;Y.4.14;Y.4.13;Y.4.12;Y.4.11;Y.4.10;C.1.20;X.4.8;X.4.9;X.4.10;X.4.11;X.4.12;C.2.13;C.2.14;C.2.15;X.4.13;X.4.14;X.4.15;X.4.16;X.4.17;X.4.18;X.4.19
Truck,1744080266.599,19.743,26,0.700,Y.4.26;Y.4.25;Y.4.24;Y.4.23;Y.4.22;Y.4.21;Y.4.20;Y.4.19;Y.4.18;Y.4.17;C.3.20;X.8.8;X.8.9;X.8.10;X.8.11;X.8.12;C.4.19;Y.5.17;Y.5.18;Y.5.19;Y.5.20;Y.5.21;Y.5.22;Y.5.23;Y.5.24;Y.5.25;Y.5.26
Truck,1744080274.708,12.292,17,0.700,X.8.1;X.8.2;X.8.3;X.8.4;X.8.5;X.8.6;X.8.7;C.3.19;Y.1.17;Y.1.18;Y.1.19;Y.1.20;Y.1.21;Y.1.22;Y.1.23;Y.1.24;Y.1.25;Y.1.26
Ambulance,1744080276.472,11.007,18,1.000,X.6.19;X.6.18;X.6.17;X.6.16;X.6.15;X.6.14;X.6.13;C.4.6;C.4.9;Y.5.17;Y.5.18;Y.5.19;Y.5.20;Y.5.21;Y.5.22;Y.5.23;Y.5.24;Y.5.25;Y.5.26
Car,1744080279.726,8.561,16,1.000,X.1.19;X.1.18;X.1.17;X.1.16;X.1.15;X.1.14;X.1.13;C.2.18;Y.8.9;Y.8.8;Y.8.7;Y.8.6;Y.8.5;Y.8.4;Y.8.3;Y.8.2;Y.8.1
Truck,1744080269.752,18.600,24,0.700,Y.5.1;Y.5.2;Y.5.3;Y.5.4;Y.5.5;Y.5.6;Y.5.7;Y.5.8;Y.5.9;C.2.17;X.1.12;X.1.11;X.1.10;X.1.9;X.1.8;C.1.4;C.1.3;C.1.2;X.1.7;X.1.6;X.1.5;X.1.4;X.1.3;X.1.2;X.1.1
Schoolbus,1744080278.358,12.438,16,0.800,X.3.1;X.3.2;X.3.3;X.3.4;X.3.5;X.3.6;X.3.7;C.1.11;Y.3.9;Y.3.8;Y.3.7;Y.3.6;Y.3.5;Y.3.4;Y.3.3;Y.3.2;Y.3.1
Car,1744080281.304,11.471,16,1.000,X.3.1;X.3.2;X.3.3;X.3.4;X.3.5;X.3.6;X.3.7;C.1.11;Y.3.9;Y.3.8;Y.3.7;Y.3.6;Y.3.5;Y.3.4;Y.3.3;Y.3.2;Y.3.1
Truck,1744080272.912,22.043,26,0.700,Y.7.26;Y.7.25;Y.7.24;Y.7.23;Y.7.22;Y.7.21;Y.7.20;Y.7.19;Y.7.18;Y.7.17;C.4.7;C.4.2;X.5.12;X.5.11;X.5.10;X.5.9;X.5.8;C.3.4;C.3.3;C.3.2;X.5.7;X.5.6;X.5.5;X.5.4;X.5.3;X.5.2;X.5.1
Car,1744080268.095,27.342,48,1.000,Y.5.1;Y.5.2;Y.5.3;Y.5.4;Y.5.5;Y.5.6;Y.5.7;Y.5.8;Y.5.9;C.2.1;C.2.5;C.2.9;Y.5.10;Y.5.11;Y.5.12;Y.5.13;Y.5.14;Y.5.15;Y.5.16;C.4.17;X.5.12;X.5.11;X.5.10;X.5.9;X.5.8;C.3.18;Y.4.16;Y.4.15;Y.4.14;Y.4.13;Y.4.12;Y.4.11;Y.4.10;C.1.20;X.4.8;X.4.9;X.4.10;X.4.11;X.4.12;C.2.13;C.2.14;C.2.15;X.4.13;X.4.14;X.4.15;X.4.16;X.4.17;X.4.18;X.4.19
Police_Car,1744080283.284,13.862,25,1.000,X.8.1;X.8.2;X.8.3;X.8.4;X.8.5;X.8.6;X.8.7;C.3.13;C.3.14;C.3.15;X.8.8;X.8.9;X.8.10;X.8.11;X.8.12;C.4.19;Y.5.17;Y.5.18;Y.5.19;Y.5.20;Y.5.21;Y.5.22;Y.5.23;Y.5.24;Y.5.25;Y.5.26
Car,1744080287.572,10.321,16,1.000,Y.6.1;Y.6.2;Y.6.3;Y.6.4;Y.6.5;Y.6.6;Y.6.7;Y.6.8;Y.6.9;C.2.10;X.3.13;X.3.14;X.3.15;X.3.16;X.3.17;X.3.18;X.3.19
Motorcycle,1744080286.202,11.908,27,1.250,Y.8.26;Y.8.25;Y.8.24;Y.8.23;Y.8.22;Y.8.21;Y.8.20;Y.8.19;Y.8.18;Y.8.17;C.4.16;C.4.12;C.4.8;Y.8.16;Y.8.15;Y.8.14;Y.8.13;Y.8.12;Y.8.11;Y.8.10;C.2.20;X.4.13;X.4.14;X.4.15;X.4.16;X.4.17;X.4.18;X.4.19
Car,1744080284.769,13.359,24,1.000,Y.5.1;Y.5.2;Y.5.3;Y.5.4;Y.5.5;Y.5.6;Y.5.7;Y.5.8;Y.5.9;C.2.17;X.1.12;X.1.11;X.1.10;X.1.9;X.1.8;C.1.4;C.1.3;C.1.2;X.1.7;X.1.6;X.1.5;X.1.4;X.1.3;X.1.2;X.1.1
Motorcycle,1744080293.816,8.284,17,1.250,X.3.1;X.3.2;X.3.3;X.3.4;X.3.5;X.3.6;X.3.7;C.1.11;C.1.8;Y.4.9;Y.4.8;Y.4.7;Y.4.6;Y.4.5;Y.4.4;Y.4.3;Y.4.2;Y.4.1
Car,1744080290.823,13.562,24,1.000,X.1.19;X.1.18;X.1.17;X.1.16;X.1.15;X.1.14;X.1.13;C.2.4;C.2.3;C.2.2;X.1.12;X.1.11;X.1.10;X.1.9;X.1.8;C.1.18;Y.4.9;Y.4.8;Y.4.7;Y.4.6;Y.4.5;Y.4.4;Y.4.3;Y.4.2;Y.4.1
Motorcycle,1744080296.794,11.718,27,1.250,X.4.1;X.4.2;X.4.3;X.4.4;X.4.5;X.4.6;X.4.7;C.1.19;Y.1.10;Y.1.11;Y.1.12;Y.1.13;Y.1.14;Y.1.15;Y.1.16;C.3.1;C.3.5;C.3.9;Y.1.17;Y.1.18;Y.1.19;Y.1.20;Y.1.21;Y.1.22;Y.1.23;Y.1.24;Y.1.25;Y.1.26
Schoolbus,1744080292.456,21.235,26,0.800,Y.7.26;Y.7.25;Y.7.24;Y.7.23;Y.7.22;Y.7.21;Y.7.20;Y.7.19;Y.7.18;Y.7.17;C.4.7;C.4.2;X.5.12;X.5.11;X.5.10;X.5.9;X.5.8;C.3.4;C.3.3;C.3.2;X.5.7;X.5.6;X.5.5;X.5.4;X.5.3;X.5.2;X.5.1
Truck,1744080288.931,24.777,26,0.700,Y.7.26;Y.7.25;Y.7.24;Y.7.23;Y.7.22;Y.7.21;Y.7.20;Y.7.19;Y.7.18;Y.7.17;C.4.7;X.6.12;X.6.11;X.6.10;X.6.9;X.6.8;C.3.6;Y.2.17;Y.2.18;Y.2.19;Y.2.20;Y.2.21;Y.2.22;Y.2.23;Y.2.24;Y.2.25;Y.2.26
Car,1744080301.758,13.207,24,1.000,Y.5.1;Y.5.2;Y.5.3;Y.5.4;Y.5.5;Y.5.6;Y.5.7;Y.5.8;Y.5.9;C.2.17;X.1.12;X.1.11;X.1.10;X.1.9;X.1.8;C.1.18;Y.4.9;Y.4.8;Y.4.7;Y.4.6;Y.4.5;Y.4.4;Y.4.3;Y.4.2;Y.4.1
Ambulance,1744080295.557,20.134,26,1.000,Y.7.26;Y.7.25;Y.7.24;Y.7.23;Y.7.22;Y.7.21;Y.7.20;Y.7.19;Y.7.18;Y.7.17;C.4.7;X.6.12;X.6.11;X.6.10;X.6.9;X.6.8;C.3.6;Y.2.17;Y.2.18;Y.2.19;Y.2.20;Y.2.21;Y.2.22;Y.2.23;Y.2.24;Y.2.25;Y.2.26
Motorcycle,1744080303.098,12.677,24,1.250,Y.5.1;Y.5.2;Y.5.3;Y.5.4;Y.5.5;Y.5.6;Y.5.7;Y.5.8;Y.5.9;C.2.17;X.1.12;X.1.11;X.1.10;X.1.9;X.1.8;C.1.18;Y.4.9;Y.4.8;Y.4.7;Y.4.6;Y.4.5;Y.4.4;Y.4.3;Y.4.2;Y.4.1
Car,1744080305.977,11.005,17,1.000,X.3.1;X.3.2;X.3.3;X.3.4;X.3.5;X.3.6;X.3.7;C.1.11;C.1.8;Y.4.9;Y.4.8;Y.4.7;Y.4.6;Y.4.5;Y.4.4;Y.4.3;Y.4.2;Y.4.1
Car,1744080304.752,17.090,31,1.000,Y.5.1;Y.5.2;Y.5.3;Y.5.4;Y.5.5;Y.5.6;Y.5.7;Y.5.8;Y.5.9;C.2.1;C.2.5;C.2.9;Y.5.10;Y.5.11;Y.5.12;Y.5.13;Y.5.14;Y.5.15;Y.5.16;C.4.1;C.4.5;C.4.9;Y.5.17;Y.5.18;Y.5.19;Y.5.20;Y.5.21;Y.5.22;Y.5.23;Y.5.24;Y.5.25;Y.5.26
Truck,1744080300.388,22.385,27,0.700,X.7.1;X.7.2;X.7.3;X.7.4;X.7.5;X.7.6;X.7.7;C.3.11;C.3.8;Y.4.16;Y.4.15;Y.4.14;Y.4.13;Y.4.12;Y.4.11;Y.4.10;C.1.16;C.1.12;C.1.8;Y.4.9;Y.4.8;Y.4.7;Y.4.6;Y.4.5;Y.4.4;Y.4.3;Y.4.2;Y.4.1
Car,1744080298.603,25.207,36,1.000,Y.7.26;Y.7.25;Y.7.24;Y.7.23;Y.7.22;Y.7.21;Y.7.20;Y.7.19;Y.7.18;Y.7.17;C.4.7;C.4.2;X.5.12;X.5.11;X.5.10;X.5.9;X.5.8;C.3.18;Y.4.16;Y.4.15;Y.4.14;Y.4.13;Y.4.12;Y.4.11;Y.4.10;C.1.16;C.1.12;C.1.8;Y.4.9;Y.4.8;Y.4.7;Y.4.6;Y.4.5;Y.4.4;Y.4.3;Y.4.2;Y.4.1
Car,1744080309.258,15.525,22,1.000,X.2.19;X.2.18;X.2.17;X.2.16;X.2.15;X.2.14;X.2.13;C.2.6;Y.6.10;Y.6.11;Y.6.12;Y.6.13;Y.6.14;Y.6.15;Y.6.16;C.4.10;X.7.13;X.7.14;X.7.15;X.7.16;X.7.17;X.7.18;X.7.19
Car,1744080314.421,17.305,24,1.000,Y.2.1;Y.2.2;Y.2.3;Y.2.4;Y.2.5;Y.2.6;Y.2.7;Y.2.8;Y.2.9;C.1.10;X.3.8;X.3.9;X.3.10;X.3.11;X.3.12;C.2.11;Y.7.9;Y.7.8;Y.7.7;Y.7.6;Y.7.5;Y.7.4;Y.7.3;Y.7.2;Y.7.1
Truck,1744080319.091,14.595,17,0.700,Y.6.1;Y.6.2;Y.6.3;Y.6.4;Y.6.5;Y.6.6;Y.6.7;Y.6.8;Y.6.9;C.2.10;C.2.15;X.4.13;X.4.14;X.4.15;X.4.16;X.4.17;X.4.18;X.4.19
Truck,1744080315.964,18.919,24,0.700,X.1.19;X.1.18;X.1.17;X.1.16;X.1.15;X.1.14;X.1.13;C.2.4;C.2.3;C.2.2;X.1.12;X.1.11;X.1.10;X.1.9;X.1.8;C.1.18;Y.4.9;Y.4.8;Y.4.7;Y.4.6;Y.4.5;Y.4.4;Y.4.3;Y.4.2;Y.4.1
Car,1744080317.200,17.765,24,1.000,Y.2.1;Y.2.2;Y.2.3;Y.2.4;Y.2.5;Y.2.6;Y.2.7;Y.2.8;Y.2.9;C.1.10;X.3.8;X.3.9;X.3.10;X.3.11;X.3.12;C.2.11;Y.7.9;Y.7.8;Y.7.7;Y.7.6;Y.7.5;Y.7.4;Y.7.3;Y.7.2;Y.7.1
Motorcycle,1744080311.074,25.180,52,1.250,X.5.19;X.5.18;X.5.17;X.5.16;X.5.15;X.5.14;X.5.13;C.4.4;C.4.3;C.4.2;X.5.12;X.5.11;X.5.10;X.5.9;X.5.8;C.3.18;Y.4.16;Y.4.15;Y.4.14;Y.4.13;Y.4.12;Y.4.11;Y.4.10;C.1.20;X.4.8;X.4.9;X.4.10;X.4.11;X.4.12;C.2.19;Y.5.10;Y.5.11;Y.5.12;Y.5.13;Y.5.14;Y.5.15;Y.5.16;C.4.17;X.5.12;X.5.11;X.5.10;X.5.9;X.5.8;C.3.4;C.3.3;C.3.2;X.5.7;X.5.6;X.5.5;X.5.4;X.5.3;X.5.2;X.5.1
Car,1744080323.825,14.164,26,1.000,Y.4.26;Y.4.25;Y.4.24;Y.4.23;Y.4.22;Y.4.21;Y.4.20;Y.4.19;Y.4.18;Y.4.17;C.3.20;X.8.8;X.8.9;X.8.10;X.8.11;X.8.12;C.4.19;Y.5.17;Y.5.18;Y.5.19;Y.5.20;Y.5.21;Y.5.22;Y.5.23;Y.5.24;Y.5.25;Y.5.26
Motorcycle,1744080328.823,11.045,24,1.250,X.1.19;X.1.18;X.1.17;X.1.16;X.1.15;X.1.14;X.1.13;C.2.4;C.2.3;C.2.2;X.1.12;X.1.11;X.1.10;X.1.9;X.1.8;C.1.4;C.1.3;C.1.2;X.1.7;X.1.6;X.1.5;X.1.4;X.1.3;X.1.2;X.1.1
Police_Car,1744080330.133,10.317,17,1.000,X.3.1;X.3.2;X.3.3;X.3.4;X.3.5;X.3.6;X.3.7;C.1.11;C.1.8;Y.4.9;Y.4.8;Y.4.7;Y.4.6;Y.4.5;Y.4.4;Y.4.3;Y.4.2;Y.4.1
Bulldozer,1744080321.058,23.612,22,0.500,X.5.19;X.5.18;X.5.17;X.5.16;X.5.15;X.5.14;X.5.13;C.4.18;Y.8.16;Y.8.15;Y.8.14;Y.8.13;Y.8.12;Y.8.11;Y.8.10;C.2.20;X.4.13;X.4.14;X.4.15;X.4.16;X.4.17;X.4.18;X.4.19
Motorcycle,1744080322.337,23.288,34,1.250,X.5.19;X.5.18;X.5.17;X.5.16;X.5.15;X.5.14;X.5.13;C.4.4;C.4.3;C.4.2;X.5.12;X.5.11;X.5.10;X.5.9;X.5.8;C.3.18;Y.4.16;Y.4.15;Y.4.14;Y.4.13;Y.4.12;Y.4.11;Y.4.10;C.1.16;C.1.12;C.1.8;Y.4.9;Y.4.8;Y.4.7;Y.4.6;Y.4.5;Y.4.4;Y.4.3;Y.4.2;Y.4.1
Truck,1744080325.416,23.776,31,0.700,Y.5.1;Y.5.2;Y.5.3;Y.5.4;Y.5.5;Y.5.6;Y.5.7;Y.5.8;Y.5.9;C.2.1;C.2.5;C.2.9;Y.5.10;Y.5.11;Y.5.12;Y.5.13;Y.5.14;Y.5.15;Y.5.16;C.4.1;C.4.5;C.4.9;Y.5.17;Y.5.18;Y.5.19;Y.5.20;Y.5.21;Y.5.22;Y.5.23;Y.5.24;Y.5.25;Y.5.26
Police_Car,1744080327.393,22.823,35,1.000,X.4.1;X.4.2;X.4.3;X.4.4;X.4.5;X.4.6;X.4.7;C.1.13;C.1.14;C.1.15;X.4.8;X.4.9;X.4.10;X.4.11;X.4.12;C.2.19;Y.5.10;Y.5.11;Y.5.12;Y.5.13;Y.5.14;Y.5.15;Y.5.16;C.4.1;C.4.5;C.4.9;Y.5.17;Y.5.18;Y.5.19;Y.5.20;Y.5.21;Y.5.22;Y.5.23;Y.5.24;Y.5.25;Y.5.26
Car,1744080331.370,19.315,34,1.000,X.5.19;X.5.18;X.5.17;X.5.16;X.5.15;X.5.14;X.5.13;C.4.4;C.4.3;C.4.2;X.5.12;X.5.11;X.5.10;X.5.9;X.5.8;C.3.18;Y.4.16;Y.4.15;Y.4.14;Y.4.13;Y.4.12;Y.4.11;Y.4.10;C.1.16;C.1.12;C.1.8;Y.4.9;Y.4.8;Y.4.7;Y.4.6;Y.4.5;Y.4.4;Y.4.3;Y.4.2;Y.4.1
Car,1744080335.266,15.535,22,1.000,X.2.19;X.2.18;X.2.17;X.2.16;X.2.15;X.2.14;X.2.13;C.2.6;Y.6.10;Y.6.11;Y.6.12;Y.6.13;Y.6.14;Y.6.15;Y.6.16;C.4.10;X.7.13;X.7.14;X.7.15;X.7.16;X.7.17;X.7.18;X.7.19
Motorcycle,1744080340.977,12.483,22,1.250,X.2.19;X.2.18;X.2.17;X.2.16;X.2.15;X.2.14;X.2.13;C.2.6;Y.6.10;Y.6.11;Y.6.12;Y.6.13;Y.6.14;Y.6.15;Y.6.16;C.4.10;X.7.13;X.7.14;X.7.15;X.7.16;X.7.17;X.7.18;X.7.19
Bulldozer,1744080307.439,47.588,40,0.500,Y.7.26;Y.7.25;Y.7.24;Y.7.23;Y.7.22;Y.7.21;Y.7.20;Y.7.19;Y.7.18;Y.7.17;C.4.7;C.4.2;X.5.12;X.5.11;X.5.10;X.5.9;X.5.8;C.3.18;Y.4.16;Y.4.15;Y.4.14;Y.4.13;Y.4.12;Y.4.11;Y.4.10;C.1.20;X.4.8;X.4.9;X.4.10;X.4.11;X.4.12;C.2.13;C.2.14;C.2.15;X.4.13;X.4.14;X.4.15;X.4.16;X.4.17;X.4.18;X.4.19
Truck,1744080333.338,22.108,26,0.700,Y.7.26;Y.7.25;Y.7.24;Y.7.23;Y.7.22;Y.7.21;Y.7.20;Y.7.19;Y.7.18;Y.7.17;C.4.7;C.4.2;X.5.12;X.5.11;X.5.10;X.5.9;X.5.8;C.3.4;C.3.3;C.3.2;X.5.7;X.5.6;X.5.5;X.5.4;X.5.3;X.5.2;X.5.1
Motorcycle,1744080338.008,17.522,24,1.250,Y.2.1;Y.2.2;Y.2.3;Y.2.4;Y.2.5;Y.2.6;Y.2.7;Y.2.8;Y.2.9;C.1.10;X.3.8;X.3.9;X.3.10;X.3.11;X.3.12;C.2.11;Y.7.9;Y.7.8;Y.7.7;Y.7.6;Y.7.5;Y.7.4;Y.7.3;Y.7.2;Y.7.1
Motorcycle,1744080343.916,11.812,27,1.250,X.4.1;X.4.2;X.4.3;X.4.4;X.4.5;X.4.6;X.4.7;C.1.19;Y.1.10;Y.1.11;Y.1.12;Y.1.13;Y.1.14;Y.1.15;Y.1.16;C.3.1;C.3.5;C.3.9;Y.1.17;Y.1.18;Y.1.19;Y.1.20;Y.1.21;Y.1.22;Y.1.23;Y.1.24;Y.1.25;Y.1.26
Car,1744080312.903,46.242,67,1.000,Y.2.1;Y.2.2;Y.2.3;Y.2.4;Y.2.5;Y.2.6;Y.2.7;Y.2.8;Y.2.9;C.1.10;C.1.15;X.4.8;X.4.9;X.4.10;X.4.11;X.4.12;C.2.19;Y.5.10;Y.5.11;Y.5.12;Y.5.13;Y.5.14;Y.5.15;Y.5.16;C.4.17;X.5.12;X.5.11;X.5.10;X.5.9;X.5.8;C.3.18;Y.4.16;Y.4.15;Y.4.14;Y.4.13;Y.4.12;Y.4.11;Y.4.10;C.1.20;X.4.8;X.4.9;X.4.10;X.4.11;X.4.12;C.2.19;Y.5.10;Y.5.11;Y.5.12;Y.5.13;Y.5.14;Y.5.15;Y.5.16;C.4.17;X.5.12;X.5.11;X.5.10;X.5.9;X.5.8;C.3.4;C.3.3;C.3.2;X.5.7;X.5.6;X.5.5;X.5.4;X.5.3;X.5.2;X.5.1
Truck,1744080342.696,18.406,24,0.700,Y.5.1;Y.5.2;Y.5.3;Y.5.4;Y.5.5;Y.5.6;Y.5.7;Y.5.8;Y.5.9;C.2.17;X.1.12;X.1.11;X.1.10;X.1.9;X.1.8;C.1.18;Y.4.9;Y.4.8;Y.4.7;Y.4.6;Y.4.5;Y.4.4;Y.4.3;Y.4.2;Y.4.1
Semitruck,1744080339.256,22.556,24,0.600,X.8.1;X.8.2;X.8.3;X.8.4;X.8.5;X.8.6;X.8.7;C.3.13;C.3.14;C.3.15;X.8.8;X.8.9;X.8.10;X.8.11;X.8.12;C.4.13;C.4.14;C.4.15;X.8.13;X.8.14;X.8.15;X.8.16;X.8.17;X.8.18;X.8.19
Car,1744080347.776,15.129,22,1.000,X.7.1;X.7.2;X.7.3;X.7.4;X.7.5;X.7.6;X.7.7;C.3.11;Y.3.16;Y.3.15;Y.3.14;Y.3.13;Y.3.12;Y.3.11;Y.3.10;C.1.7;X.2.7;X.2.6;X.2.5;X.2.4;X.2.3;X.2.2;X.2.1
Truck,1744080336.631,29.793,36,0.700,Y.2.1;Y.2.2;Y.2.3;Y.2.4;Y.2.5;Y.2.6;Y.2.7;Y.2.8;Y.2.9;C.1.10;C.1.15;X.4.8;X.4.9;X.4.10;X.4.11;X.4.12;C.2.19;Y.5.10;Y.5.11;Y.5.12;Y.5.13;Y.5.14;Y.5.15;Y.5.16;C.4.1;C.4.5;C.4.9;Y.5.17;Y.5.18;Y.5.19;Y.5.20;Y.5.21;Y.5.22;Y.5.23;Y.5.24;Y.5.25;Y.5.26
Car,1744080349.201,20.350,31,1.000,X.7.1;X.7.2;X.7.3;X.7.4;X.7.5;X.7.6;X.7.7;C.3.11;C.3.8;Y.4.16;Y.4.15;Y.4.14;Y.4.13;Y.4.12;Y.4.11;Y.4.10;C.1.20;X.4.8;X.4.9;X.4.10;X.4.11;X.4.12;C.2.13;C.2.14;C.2.15;X.4.13;X.4.14;X.4.15;X.4.16;X.4.17;X.4.18;X.4.19
Truck,1744080351.132,18.419,24,0.700,Y.5.1;Y.5.2;Y.5.3;Y.5.4;Y.5.5;Y.5.6;Y.5.7;Y.5.8;Y.5.9;C.2.17;X.1.12;X.1.11;X.1.10;X.1.9;X.1.8;C.1.18;Y.4.9;Y.4.8;Y.4.7;Y.4.6;Y.4.5;Y.4.4;Y.4.3;Y.4.2;Y.4.1
Car,1744080363.227,9.102,17,1.000,Y.8.26;Y.8.25;Y.8.24;Y.8.23;Y.8.22;Y.8.21;Y.8.20;Y.8.19;Y.8.18;Y.8.17;C.4.20;X.8.13;X.8.14;X.8.15;X.8.16;X.8.17;X.8.18;X.8.19
Police_Car,1744080356.497,17.756,26,1.000,Y.7.26;Y.7.25;Y.7.24;Y.7.23;Y.7.22;Y.7.21;Y.7.20;Y.7.19;Y.7.18;Y.7.17;C.4.7;X.6.12;X.6.11;X.6.10;X.6.9;X.6.8;C.3.6;Y.2.17;Y.2.18;Y.2.19;Y.2.20;Y.2.21;Y.2.22;Y.2.23;Y.2.24;Y.2.25;Y.2.26
Truck,1744080354.707,21.728,22,0.700,X.2.19;X.2.18;X.2.17;X.2.16;X.2.15;X.2.14;X.2.13;C.2.6;Y.6.10;Y.6.11;Y.6.12;Y.6.13;Y.6.14;Y.6.15;Y.6.16;C.4.10;X.7.13;X.7.14;X.7.15;X.7.16;X.7.17;X.7.18;X.7.19
Truck,1744080352.951,23.684,25,0.700,Y.2.1;Y.2.2;Y.2.3;Y.2.4;Y.2.5;Y.2.6;Y.2.7;Y.2.8;Y.2.9;C.1.10;X.3.8;X.3.9;X.3.10;X.3.11;X.3.12;C.2.11;C.2.8;Y.8.9;Y.8.8;Y.8.7;Y.8.6;Y.8.5;Y.8.4;Y.8.3;Y.8.2;Y.8.1
Truck,1744080357.814,19.635,25,0.700,Y.4.26;Y.4.25;Y.4.24;Y.4.23;Y.4.22;Y.4.21;Y.4.20;Y.4.19;Y.4.18;Y.4.17;C.3.20;X.8.8;X.8.9;X.8.10;X.8.11;X.8.12;C.4.13;C.4.14;C.4.15;X.8.13;X.8.14;X.8.15;X.8.16;X.8.17;X.8.18;X.8.19
Car,1744080366.574,11.075,16,1.000,X.1.19;X.1.18;X.1.17;X.1.16;X.1.15;X.1.14;X.1.13;C.2.18;Y.8.9;Y.8.8;Y.8.7;Y.8.6;Y.8.5;Y.8.4;Y.8.3;Y.8.2;Y.8.1
Ambulance,1744080359.683,18.697,22,1.000,X.2.19;X.2.18;X.2.17;X.2.16;X.2.15;X.2.14;X.2.13;C.2.6;Y.6.10;Y.6.11;Y.6.12;Y.6.13;Y.6.14;Y.6.15;Y.6.16;C.4.10;X.7.13;X.7.14;X.7.15;X.7.16;X.7.17;X.7.18;X.7.19
Semitruck,1744080364.844,13.672,16,0.600,Y.1.1;Y.1.2;Y.1.3;Y.1.4;Y.1.5;Y.1.6;Y.1.7;Y.1.8;Y.1.9;C.1.17;X.1.7;X.1.6;X.1.5;X.1.4;X.1.3;X.1.2;X.1.1
Truck,1744080369.994,15.128,17,0.700,X.6.19;X.6.18;X.6.17;X.6.16;X.6.15;X.6.14;X.6.13;C.4.6;Y.6.17;Y.6.18;Y.6.19;Y.6.20;Y.6.21;Y.6.22;Y.6.23;Y.6.24;Y.6.25;Y.6.26
Truck,1744080361.436,23.819,31,0.700,Y.5.1;Y.5.2;Y.5.3;Y.5.4;Y.5.5;Y.5.6;Y.5.7;Y.5.8;Y.5.9;C.2.1;C.2.5;C.2.9;Y.5.10;Y.5.11;Y.5.12;Y.5.13;Y.5.14;Y.5.15;Y.5.16;C.4.1;C.4.5;C.4.9;Y.5.17;Y.5.18;Y.5.19;Y.5.20;Y.5.21;Y.5.22;Y.5.23;Y.5.24;Y.5.25;Y.5.26
Semitruck,1744080371.884,13.636,16,0.600,Y.1.1;Y.1.2;Y.1.3;Y.1.4;Y.1.5;Y.1.6;Y.1.7;Y.1.8;Y.1.9;C.1.17;X.1.7;X.1.6;X.1.5;X.1.4;X.1.3;X.1.2;X.1.1
Car,1744080374.753,11.699,17,1.000,X.6.19;X.6.18;X.6.17;X.6.16;X.6.15;X.6.14;X.6.13;C.4.6;Y.6.17;Y.6.18;Y.6.19;Y.6.20;Y.6.21;Y.6.22;Y.6.23;Y.6.24;Y.6.25;Y.6.26
Bulldozer,1744080345.823,43.528,38,0.500,X.5.19;X.5.18;X.5.17;X.5.16;X.5.15;X.5.14;X.5.13;C.4.4;C.4.3;C.4.2;X.5.12;X.5.11;X.5.10;X.5.9;X.5.8;C.3.18;Y.4.16;Y.4.15;Y.4.14;Y.4.13;Y.4.12;Y.4.11;Y.4.10;C.1.20;X.4.8;X.4.9;X.4.10;X.4.11;X.4.12;C.2.13;C.2.14;C.2.15;X.4.13;X.4.14;X.4.15;X.4.16;X.4.17;X.4.18;X.4.19
Car,1744080376.181,14.095,25,1.000,Y.4.26;Y.4.25;Y.4.24;Y.4.23;Y.4.22;Y.4.21;Y.4.20;Y.4.19;Y.4.18;Y.4.17;C.3.20;X.8.8;X.8.9;X.8.10;X.8.11;X.8.12;C.4.13;C.4.14;C.4.15;X.8.13;X.8.14;X.8.15;X.8.16;X.8.17;X.8.18;X.8.19
Truck,1744080381.202,12.331,17,0.700,X.8.1;X.8.2;X.8.3;X.8.4;X.8.5;X.8.6;X.8.7;C.3.19;Y.1.17;Y.1.18;Y.1.19;Y.1.20;Y.1.21;Y.1.22;Y.1.23;Y.1.24;Y.1.25;Y.1.26
Bulldozer,1744080373.265,21.329,18,0.500,Y.3.26;Y.3.25;Y.3.24;Y.3.23;Y.3.22;Y.3.21;Y.3.20;Y.3.19;Y.3.18;Y.3.17;C.3.7;C.3.2;X.5.7;X.5.6;X.5.5;X.5.4;X.5.3;X.5.2;X.5.1
Motorcycle,1744080382.923,11.932,27,1.250,Y.8.26;Y.8.25;Y.8.24;Y.8.23;Y.8.22;Y.8.21;Y.8.20;Y.8.19;Y.8.18;Y.8.17;C.4.16;C.4.12;C.4.8;Y.8.16;Y.8.15;Y.8.14;Y.8.13;Y.8.12;Y.8.11;Y.8.10;C.2.20;X.4.13;X.4.14;X.4.15;X.4.16;X.4.17;X.4.18;X.4.19
Motorcycle,1744080368.041,27.376,49,1.250,Y.4.26;Y.4.25;Y.4.24;Y.4.23;Y.4.22;Y.4.21;Y.4.20;Y.4.19;Y.4.18;Y.4.17;C.3.16;C.3.12;C.3.8;Y.4.16;Y.4.15;Y.4.14;Y.4.13;Y.4.12;Y.4.11;Y.4.10;C.1.20;X.4.8;X.4.9;X.4.10;X.4.11;X.4.12;C.2.19;Y.5.10;Y.5.11;Y.5.12;Y.5.13;Y.5.14;Y.5.15;Y.5.16;C.4.17;X.5.12;X.5.11;X.5.10;X.5.9;X.5.8;C.3.4;C.3.3;C.3.2;X.5.7;X.5.6;X.5.5;X.5.4;X.5.3;X.5.2;X.5.1
Car,1744080379.398,17.751,26,1.000,Y.7.26;Y.7.25;Y.7.24;Y.7.23;Y.7.22;Y.7.21;Y.7.20;Y.7.19;Y.7.18;Y.7.17;C.4.7;X.6.12;X.6.11;X.6.10;X.6.9;X.6.8;C.3.6;Y.2.17;Y.2.18;Y.2.19;Y.2.20;Y.2.21;Y.2.22;Y.2.23;Y.2.24;Y.2.25;Y.2.26
Truck,1744080378.036,19.313,24,0.700,X.5.19;X.5.18;X.5.17;X.5.16;X.5.15;X.5.14;X.5.13;C.4.4;C.4.3;C.4.2;X.5.12;X.5.11;X.5.10;X.5.9;X.5.8;C.3.4;C.3.3;C.3.2;X.5.7;X.5.6;X.5.5;X.5.4;X.5.3;X.5.2;X.5.1
Car,1744080385.999,14.295,26,1.000,X.5.19;X.5.18;X.5.17;X.5.16;X.5.15;X.5.14;X.5.13;C.4.18;Y.8.16;Y.8.15;Y.8.14;Y.8.13;Y.8.12;Y.8.11;Y.8.10;C.2.16;C.2.12;C.2.8;Y.8.9;Y.8.8;Y.8.7;Y.8.6;Y.8.5;Y.8.4;Y.8.3;Y.8.2;Y.8.1
Motorcycle,1744080397.070,6.918,16,1.250,X.1.19;X.1.18;X.1.17;X.1.16;X.1.15;X.1.14;X.1.13;C.2.18;Y.8.9;Y.8.8;Y.8.7;Y.8.6;Y.8.5;Y.8.4;Y.8.3;Y.8.2;Y.8.1
Truck,1744080389.113,15.090,18,0.700,Y.3.26;Y.3.25;Y.3.24;Y.3.23;Y.3.22;Y.3.21;Y.3.20;Y.3.19;Y.3.18;Y.3.17;C.3.7;C.3.2;X.5.7;X.5.6;X.5.5;X.5.4;X.5.3;X.5.2;X.5.1
Car,1744080384.543,21.409,36,1.000,Y.7.26;Y.7.25;Y.7.24;Y.7.23;Y.7.22;Y.7.21;Y.7.20;Y.7.19;Y.7.18;Y.7.17;C.4.7;C.4.2;X.5.12;X.5.11;X.5.10;X.5.9;X.5.8;C.3.18;Y.4.16;Y.4.15;Y.4.14;Y.4.13;Y.4.12;Y.4.11;Y.4.10;C.1.16;C.1.12;C.1.8;Y.4.9;Y.4.8;Y.4.7;Y.4.6;Y.4.5;Y.4.4;Y.4.3;Y.4.2;Y.4.1
Car,1744080395.752,12.047,22,1.000,X.5.19;X.5.18;X.5.17;X.5.16;X.5.15;X.5.14;X.5.13;C.4.18;Y.8.16;Y.8.15;Y.8.14;Y.8.13;Y.8.12;Y.8.11;Y.8.10;C.2.20;X.4.13;X.4.14;X.4.15;X.4.16;X.4.17;X.4.18;X.4.19
Semitruck,1744080393.939,14.785,17,0.600,Y.8.26;Y.8.25;Y.8.24;Y.8.23;Y.8.22;Y.8.21;Y.8.20;Y.8.19;Y.8.18;Y.8.17;C.4.20;X.8.13;X.8.14;X.8.15;X.8.16;X.8.17;X.8.18;X.8.19
Truck,1744080392.021,19.642,25,0.700,Y.4.26;Y.4.25;Y.4.24;Y.4.23;Y.4.22;Y.4.21;Y.4.20;Y.4.19;Y.4.18;Y.4.17;C.3.20;X.8.8;X.8.9;X.8.10;X.8.11;X.8.12;C.4.13;C.4.14;C.4.15;X.8.13;X.8.14;X.8.15;X.8.16;X.8.17;X.8.18;X.8.19
Car,1744080390.665,23.361,39,1.000,Y.2.1;Y.2.2;Y.2.3;Y.2.4;Y.2.5;Y.2.6;Y.2.7;Y.2.8;Y.2.9;C.1.10;C.1.15;X.4.8;X.4.9;X.4.10;X.4.11;X.4.12;C.2.19;Y.5.10;Y.5.11;Y.5.12;Y.5.13;Y.5.14;Y.5.15;Y.5.16;C.4.17;X.5.12;X.5.11;X.5.10;X.5.9;X.5.8;C.3.4;C.3.3;C.3.2;X.5.7;X.5.6;X.5.5;X.5.4;X.5.3;X.5.2;X.5.1
Car,1744080398.864,15.305,23,1.000,X.7.1;X.7.2;X.7.3;X.7.4;X.7.5;X.7.6;X.7.7;C.3.11;Y.3.16;Y.3.15;Y.3.14;Y.3.13;Y.3.12;Y.3.11;Y.3.10;C.1.7;C.1.2;X.1.7;X.1.6;X.1.5;X.1.4;X.1.3;X.1.2;X.1.1
Car,1744080387.391,29.979,52,1.000,X.4.1;X.4.2;X.4.3;X.4.4;X.4.5;X.4.6;X.4.7;C.1.13;C.1.14;C.1.15;X.4.8;X.4.9;X.4.10;X.4.11;X.4.12;C.2.19;Y.5.10;Y.5.11;Y.5.12;Y.5.13;Y.5.14;Y.5.15;Y.5.16;C.4.17;X.5.12;X.5.11;X.5.10;X.5.9;X.5.8;C.3.18;Y.4.16;Y.4.15;Y.4.14;Y.4.13;Y.4.12;Y.4.11;Y.4.10;C.1.20;X.4.8;X.4.9;X.4.10;X.4.11;X.4.12;C.2.13;C.2.14;C.2.15;X.4.13;X.4.14;X.4.15;X.4.16;X.4.17;X.4.18;X.4.19
Schoolbus,1744080406.858,12.730,17,0.800,X.3.1;X.3.2;X.3.3;X.3.4;X.3.5;X.3.6;X.3.7;C.1.11;C.1.8;Y.4.9;Y.4.8;Y.4.7;Y.4.6;Y.4.5;Y.4.4;Y.4.3;Y.4.2;Y.4.1
Schoolbus,1744080401.989,18.932,26,0.800,Y.1.1;Y.1.2;Y.1.3;Y.1.4;Y.1.5;Y.1.6;Y.1.7;Y.1.8;Y.1.9;C.1.1;C.1.5;C.1.9;Y.1.10;Y.1.11;Y.1.12;Y.1.13;Y.1.14;Y.1.15;Y.1.16;C.3.17;X.5.7;X.5.6;X.5.5;X.5.4;X.5.3;X.5.2;X.5.1
Motorcycle,1744080408.066,13.611,25,1.250,Y.2.1;Y.2.2;Y.2.3;Y.2.4;Y.2.5;Y.2.6;Y.2.7;Y.2.8;Y.2.9;C.1.10;X.3.8;X.3.9;X.3.10;X.3.11;X.3.12;C.2.11;C.2.8;Y.8.9;Y.8.8;Y.8.7;Y.8.6;Y.8.5;Y.8.4;Y.8.3;Y.8.2;Y.8.1
Truck,1744080403.861,20.334,27,0.700,X.4.1;X.4.2;X.4.3;X.4.4;X.4.5;X.4.6;X.4.7;C.1.19;Y.1.10;Y.1.11;Y.1.12;Y.1.13;Y.1.14;Y.1.15;Y.1.16;C.3.1;C.3.5;C.3.9;Y.1.17;Y.1.18;Y.1.19;Y.1.20;Y.1.21;Y.1.22;Y.1.23;Y.1.24;Y.1.25;Y.1.26
Motorcycle,1744080419.648,8.687,18,1.250,Y.3.26;Y.3.25;Y.3.24;Y.3.23;Y.3.22;Y.3.21;Y.3.20;Y.3.19;Y.3.18;Y.3.17;C.3.7;C.3.2;X.5.7;X.5.6;X.5.5;X.5.4;X.5.3;X.5.2;X.5.1
Car,1744080413.657,14.826,27,1.000,Y.8.26;Y.8.25;Y.8.24;Y.8.23;Y.8.22;Y.8.21;Y.8.20;Y.8.19;Y.8.18;Y.8.17;C.4.16;C.4.12;C.4.8;Y.8.16;Y.8.15;Y.8.14;Y.8.13;Y.8.12;Y.8.11;Y.8.10;C.2.20;X.4.13;X.4.14;X.4.15;X.4.16;X.4.17;X.4.18;X.4.19
Truck,1744080405.268,23.793,31,0.700,Y.4.26;Y.4.25;Y.4.24;Y.4.23;Y.4.22;Y.4.21;Y.4.20;Y.4.19;Y.4.18;Y.4.17;C.3.16;C.3.12;C.3.8;Y.4.16;Y.4.15;Y.4.14;Y.4.13;Y.4.12;Y.4.11;Y.4.10;C.1.16;C.1.12;C.1.8;Y.4.9;Y.4.8;Y.4.7;Y.4.6;Y.4.5;Y.4.4;Y.4.3;Y.4.2;Y.4.1
Police_Car,1744080400.698,29.393,48,1.000,X.4.1;X.4.2;X.4.3;X.4.4;X.4.5;X.4.6;X.4.7;C.1.13;C.1.14;C.1.15;X.4.8;X.4.9;X.4.10;X.4.11;X.4.12;C.2.19;Y.5.10;Y.5.11;Y.5.12;Y.5.13;Y.5.14;Y.5.15;Y.5.16;C.4.17;X.5.12;X.5.11;X.5.10;X.5.9;X.5.8;C.3.18;Y.4.16;Y.4.15;Y.4.14;Y.4.13;Y.4.12;Y.4.11;Y.4.10;C.1.16;C.1.12;C.1.8;Y.4.9;Y.4.8;Y.4.7;Y.4.6;Y.4.5;Y.4.4;Y.4.3;Y.4.2;Y.4.1
Schoolbus,1744080409.980,20.649,24,0.800,Y.2.1;Y.2.2;Y.2.3;Y.2.4;Y.2.5;Y.2.6;Y.2.7;Y.2.8;Y.2.9;C.1.10;X.3.8;X.3.9;X.3.10;X.3.11;X.3.12;C.2.11;Y.7.9;Y.7.8;Y.7.7;Y.7.6;Y.7.5;Y.7.4;Y.7.3;Y.7.2;Y.7.1
Schoolbus,1744080418.443,12.882,17,0.800,Y.6.1;Y.6.2;Y.6.3;Y.6.4;Y.6.5;Y.6.6;Y.6.7;Y.6.8;Y.6.9;C.2.10;C.2.15;X.4.13;X.4.14;X.4.15;X.4.16;X.4.17;X.4.18;X.4.19
Car,1744080414.971,17.116,31,1.000,Y.5.1;Y.5.2;Y.5.3;Y.5.4;Y.5.5;Y.5.6;Y.5.7;Y.5.8;Y.5.9;C.2.1;C.2.5;C.2.9;Y.5.10;Y.5.11;Y.5.12;Y.5.13;Y.5.14;Y.5.15;Y.5.16;C.4.1;C.4.5;C.4.9;Y.5.17;Y.5.18;Y.5.19;Y.5.20;Y.5.21;Y.5.22;Y.5.23;Y.5.24;Y.5.25;Y.5.26
Ambulance,1744080411.793,21.135,24,1.000,Y.2.1;Y.2.2;Y.2.3;Y.2.4;Y.2.5;Y.2.6;Y.2.7;Y.2.8;Y.2.9;C.1.10;X.3.8;X.3.9;X.3.10;X.3.11;X.3.12;C.2.11;Y.7.9;Y.7.8;Y.7.7;Y.7.6;Y.7.5;Y.7.4;Y.7.3;Y.7.2;Y.7.1
Motorcycle,1744080427.696,8.719,18,1.250,Y.3.26;Y.3.25;Y.3.24;Y.3.23;Y.3.22;Y.3.21;Y.3.20;Y.3.19;Y.3.18;Y.3.17;C.3.7;C.3.2;X.5.7;X.5.6;X.5.5;X.5.4;X.5.3;X.5.2;X.5.1
Truck,1744080416.518,20.644,27,0.700,Y.8.26;Y.8.25;Y.8.24;Y.8.23;Y.8.22;Y.8.21;Y.8.20;Y.8.19;Y.8.18;Y.8.17;C.4.16;C.4.12;C.4.8;Y.8.16;Y.8.15;Y.8.14;Y.8.13;Y.8.12;Y.8.11;Y.8.10;C.2.20;X.4.13;X.4.14;X.4.15;X.4.16;X.4.17;X.4.18;X.4.19